Date,Open,High,Low,Close,Adj Close,Volume
2011-01-04,318.480011,320.839996,318.480011,318.480011,318.480011,26800
2011-01-05,318.640015,318.640015,312.600006,313.640015,313.640015,2125
2011-01-06,312.519989,314.239990,311.600006,314.239990,314.239990,2275
2011-01-07,311.920013,314.920013,311.920013,314.920013,314.920013,2700
2011-01-10,318.079987,318.079987,313.519989,314.040009,314.040009,500
2011-01-11,311.480011,313.079987,311.399994,313.079987,313.079987,275
2011-01-12,308.320007,309.119995,304.279999,305.200012,305.200012,3575
2011-01-13,304.000000,304.000000,301.880005,303.119995,303.119995,625
2011-01-14,301.920013,301.920013,296.079987,296.839996,296.839996,2125
2011-01-18,290.040009,290.640015,290.040009,290.640015,290.640015,1450
2011-01-19,293.279999,295.760010,293.279999,294.040009,294.040009,675
2011-01-20,299.000000,300.119995,294.880005,296.880005,296.880005,1650
2011-01-21,292.480011,296.279999,292.160004,296.279999,296.279999,450
2011-01-24,296.440002,296.440002,291.160004,291.799988,291.799988,800
2011-01-25,294.880005,294.880005,290.040009,290.040009,290.040009,375
2011-01-26,284.600006,284.600006,282.920013,282.920013,282.920013,1350
2011-01-27,282.839996,282.839996,278.720001,278.920013,278.920013,1100
2011-01-28,276.200012,288.359985,276.200012,287.920013,287.920013,3150
2011-01-31,285.600006,285.799988,285.200012,285.200012,285.200012,250
2011-02-01,277.600006,277.600006,274.399994,274.839996,274.839996,1825
2011-02-02,274.239990,274.239990,274.200012,274.239990,274.239990,1575
2011-02-03,277.480011,277.679993,272.600006,272.600006,272.600006,800
2011-02-04,272.799988,272.799988,268.799988,269.239990,269.239990,3725
2011-02-07,267.799988,267.799988,264.000000,265.839996,265.839996,2375
2011-02-08,265.679993,265.679993,262.239990,262.239990,262.239990,2275
2011-02-09,263.760010,263.760010,260.799988,260.799988,260.799988,2300
2011-02-10,264.920013,264.920013,259.079987,259.119995,259.119995,4300
2011-02-11,259.959991,259.959991,255.240005,255.759995,255.759995,875
2011-02-14,254.440002,255.960007,254.440002,255.240005,255.240005,1700
2011-02-15,256.519989,257.640015,255.800003,257.359985,257.359985,875
2011-02-16,255.759995,256.799988,255.759995,256.799988,256.799988,125
2011-02-17,259.920013,262.640015,259.920013,261.519989,261.519989,1200
2011-02-18,263.640015,267.920013,262.760010,265.799988,265.799988,975
2011-02-22,276.239990,283.359985,272.920013,281.559998,281.559998,3000
2011-02-23,281.519989,289.040009,280.959991,289.040009,289.040009,1825
2011-02-24,287.839996,289.519989,287.040009,289.359985,289.359985,1075
2011-02-25,282.200012,282.200012,278.480011,278.959991,278.959991,550
2011-02-28,275.720001,275.720001,273.519989,273.720001,273.720001,450
2011-03-01,277.279999,284.959991,276.799988,284.839996,284.839996,2550
2011-03-02,282.880005,284.040009,282.480011,284.000000,284.000000,725
2011-03-03,277.600006,277.600006,276.000000,276.399994,276.399994,1175
2011-03-04,274.959991,285.480011,274.959991,283.239990,283.239990,1725
2011-03-07,280.760010,284.880005,280.760010,284.880005,284.880005,400
2011-03-08,285.239990,285.239990,283.799988,283.839996,283.839996,125
2011-03-09,289.320007,289.320007,285.480011,287.320007,287.320007,1500
2011-03-10,291.959991,294.399994,291.959991,293.440002,293.440002,4900
2011-03-11,300.359985,300.359985,289.040009,289.519989,289.519989,4100
2011-03-14,293.000000,296.559998,293.000000,293.040009,293.040009,1600
2011-03-15,309.679993,310.480011,299.040009,299.200012,299.200012,3600
2011-03-16,299.079987,319.359985,298.760010,308.760010,308.760010,11575
2011-03-17,301.959991,303.519989,298.279999,300.600006,300.600006,1100
2011-03-18,292.839996,295.600006,291.600006,292.600006,292.600006,3150
2011-03-21,279.679993,281.559998,278.640015,279.839996,279.839996,925
2011-03-22,279.160004,279.880005,278.000000,278.799988,278.799988,225
2011-03-23,279.119995,280.679993,274.880005,274.880005,274.880005,550
2011-03-24,273.399994,273.559998,271.279999,272.079987,272.079987,700
2011-03-25,271.799988,275.760010,270.959991,275.679993,275.679993,6150
2011-03-28,275.040009,275.799988,272.920013,275.799988,275.799988,3350
2011-03-29,274.760010,277.920013,271.959991,272.399994,272.399994,5950
2011-03-30,268.920013,270.200012,267.799988,268.600006,268.600006,1725
2011-03-31,269.040009,270.200012,267.959991,269.519989,269.519989,3075
2011-04-01,265.040009,269.559998,263.640015,268.239990,268.239990,4850
2011-04-04,267.799988,269.720001,266.600006,267.079987,267.079987,5650
2011-04-05,268.200012,268.200012,265.239990,266.920013,266.920013,7125
2011-04-06,265.440002,269.279999,264.600006,267.079987,267.079987,11125
2011-04-07,266.600006,271.559998,265.679993,269.440002,269.440002,8325
2011-04-08,267.040009,275.200012,266.559998,273.519989,273.519989,20550
2011-04-11,272.600006,276.440002,270.679993,274.640015,274.640015,13550
2011-04-12,277.040009,279.119995,274.480011,276.839996,276.839996,13950
2011-04-13,274.119995,276.920013,272.720001,274.239990,274.239990,15175
2011-04-14,277.200012,278.000000,272.839996,274.040009,274.040009,8325
2011-04-15,273.519989,274.559998,270.640015,272.839996,272.839996,12150
2011-04-18,282.119995,284.000000,275.920013,276.559998,276.559998,28425
2011-04-19,275.600006,276.200012,272.200012,272.600006,272.600006,12800
2011-04-20,268.480011,270.320007,266.760010,268.760010,268.760010,8250
2011-04-21,267.160004,269.799988,265.399994,265.760010,265.760010,12800
2011-04-25,261.959991,263.679993,261.279999,262.720001,262.720001,5750
2011-04-26,260.079987,260.359985,257.160004,257.920013,257.920013,9250
2011-04-27,257.239990,260.119995,254.080002,254.520004,254.520004,14700
2011-04-28,256.239990,256.320007,253.360001,253.720001,253.720001,13700
2011-04-29,253.279999,253.279999,250.839996,252.039993,252.039993,12250
2011-05-02,248.919998,255.839996,248.919998,255.160004,255.160004,5750
2011-05-03,256.160004,260.880005,255.800003,258.559998,258.559998,7250
2011-05-04,256.640015,263.119995,256.480011,259.079987,259.079987,16750
2011-05-05,262.880005,264.239990,258.559998,262.559998,262.559998,13300
2011-05-06,256.200012,262.200012,254.240005,259.399994,259.399994,19725
2011-05-09,259.720001,260.079987,254.720001,255.559998,255.559998,6750
2011-05-10,253.839996,254.919998,251.160004,251.639999,251.639999,7300
2011-05-11,251.880005,257.559998,251.440002,253.479996,253.479996,10375
2011-05-12,255.279999,257.920013,250.639999,252.080002,252.080002,15750
2011-05-13,252.679993,257.600006,251.960007,256.079987,256.079987,27300
2011-05-16,256.279999,257.320007,251.880005,255.759995,255.759995,18325
2011-05-17,257.200012,260.200012,253.839996,253.880005,253.880005,29375
2011-05-18,253.320007,254.119995,249.960007,251.639999,251.639999,12425
2011-05-19,250.839996,253.919998,250.600006,252.479996,252.479996,15975
2011-05-20,253.119995,257.359985,252.520004,257.119995,257.119995,15150
2011-05-23,263.440002,263.440002,259.799988,261.320007,261.320007,21425
2011-05-24,260.279999,261.000000,257.799988,259.799988,259.799988,9125
2011-05-25,261.040009,261.160004,255.839996,257.279999,257.279999,15800
2011-05-26,257.559998,258.239990,253.199997,253.440002,253.440002,13800
2011-05-27,251.119995,251.119995,247.119995,249.360001,249.360001,12225
2011-05-31,243.720001,246.279999,243.720001,244.160004,244.160004,2275
2011-06-01,243.639999,251.000000,243.479996,250.559998,250.559998,22550
2011-06-02,249.399994,252.240005,247.639999,249.199997,249.199997,19575
2011-06-03,254.080002,254.080002,247.360001,250.199997,250.199997,19275
2011-06-06,248.639999,253.839996,248.279999,252.559998,252.559998,9825
2011-06-07,250.880005,251.880005,247.960007,251.440002,251.440002,13750
2011-06-08,250.800003,252.479996,248.520004,252.000000,252.000000,11875
2011-06-09,250.320007,250.320007,246.720001,248.240005,248.240005,3000
2011-06-10,248.880005,254.000000,248.639999,252.679993,252.679993,13675
2011-06-13,252.119995,256.880005,249.320007,253.960007,253.960007,7825
2011-06-14,248.160004,248.479996,246.440002,247.320007,247.320007,6100
2011-06-15,251.679993,257.760010,250.440002,257.200012,257.200012,20975
2011-06-16,259.519989,273.279999,256.399994,266.959991,266.959991,20175
2011-06-17,263.200012,267.239990,260.480011,264.399994,264.399994,13125
2011-06-20,267.040009,267.040009,257.799988,258.880005,258.880005,12825
2011-06-21,255.720001,255.720001,252.600006,254.919998,254.919998,6050
2011-06-22,253.000000,257.119995,250.440002,257.079987,257.079987,25475
2011-06-23,265.000000,267.559998,255.679993,257.000000,257.000000,21675
2011-06-24,257.519989,264.040009,256.359985,263.279999,263.279999,7675
2011-06-27,261.920013,263.440002,256.920013,258.679993,258.679993,21100
2011-06-28,256.880005,257.359985,255.039993,256.160004,256.160004,4050
2011-06-29,253.639999,254.919998,251.399994,252.440002,252.440002,5675
2011-06-30,249.479996,250.000000,245.199997,247.119995,247.119995,17175
2011-07-01,245.199997,245.199997,234.000000,235.839996,235.839996,25475
2011-07-05,235.800003,237.240005,234.279999,237.119995,237.119995,6325
2011-07-06,239.360001,239.639999,235.360001,235.360001,235.360001,8425
2011-07-07,230.639999,231.600006,228.960007,230.360001,230.360001,13950
2011-07-08,232.520004,234.720001,231.000000,231.520004,231.520004,15925
2011-07-11,239.520004,242.839996,237.080002,242.160004,242.160004,11600
2011-07-12,244.479996,246.320007,237.960007,246.320007,246.320007,8125
2011-07-13,242.440002,247.479996,239.759995,245.800003,245.800003,11050
2011-07-14,245.679993,253.919998,243.839996,251.199997,251.199997,14450
2011-07-15,249.919998,252.600006,246.559998,246.559998,246.559998,18525
2011-07-18,250.399994,253.720001,249.000000,249.960007,249.960007,7675
2011-07-19,246.279999,246.440002,242.679993,243.520004,243.520004,8825
2011-07-20,241.880005,243.240005,240.119995,241.039993,241.039993,7350
2011-07-21,237.479996,238.039993,234.479996,235.080002,235.080002,20325
2011-07-22,234.240005,237.720001,233.520004,233.679993,233.679993,14700
2011-07-25,237.000000,239.559998,235.880005,239.199997,239.199997,20400
2011-07-26,238.600006,242.279999,237.240005,239.679993,239.679993,8050
2011-07-27,241.479996,246.479996,240.800003,245.479996,245.479996,49775
2011-07-28,244.960007,245.800003,239.520004,245.160004,245.160004,26575
2011-07-29,248.679993,249.600006,238.679993,239.000000,239.000000,31425
2011-08-01,232.720001,241.000000,231.679993,234.000000,234.000000,34675
2011-08-02,236.479996,240.960007,232.639999,240.759995,240.759995,26925
2011-08-03,241.800003,249.199997,238.639999,239.080002,239.080002,23300
2011-08-04,244.520004,261.119995,244.399994,261.119995,261.119995,6625
2011-08-05,255.039993,283.079987,254.080002,263.040009,263.040009,9550
2011-08-08,273.480011,289.399994,268.559998,282.480011,282.480011,10625
2011-08-09,273.519989,283.399994,268.000000,268.000000,268.000000,7175
2011-08-10,275.760010,286.920013,273.399994,284.440002,284.440002,8675
2011-08-11,286.959991,286.959991,276.239990,276.760010,276.760010,3925
2011-08-12,271.640015,276.279999,271.640015,276.279999,276.279999,2950
2011-08-15,269.000000,270.040009,266.640015,267.359985,267.359985,2850
2011-08-16,269.359985,274.040009,266.119995,267.679993,267.679993,3000
2011-08-17,266.200012,271.600006,263.839996,268.760010,268.760010,2800
2011-08-18,278.079987,300.000000,278.079987,296.200012,296.200012,2550
2011-08-19,304.920013,304.920013,296.640015,303.559998,303.559998,1175
2011-08-22,298.720001,312.239990,298.640015,309.679993,309.679993,2125
2011-08-23,308.559998,311.600006,305.720001,305.720001,305.720001,2775
2011-08-24,310.000000,310.000000,301.079987,309.640015,309.640015,1350
2011-08-25,307.959991,317.600006,307.040009,316.839996,316.839996,1475
2011-08-26,318.399994,318.399994,311.000000,312.559998,312.559998,1000
2011-08-29,306.040009,310.480011,304.760010,305.040009,305.040009,12000
2011-08-30,308.920013,310.559998,304.480011,310.559998,310.559998,6900
2011-08-31,307.000000,310.160004,305.000000,308.200012,308.200012,9050
2011-09-01,307.160004,309.440002,302.200012,308.679993,308.679993,3600
2011-09-02,316.640015,317.119995,311.720001,315.040009,315.040009,5950
2011-09-06,326.239990,326.279999,318.399994,318.399994,318.399994,5175
2011-09-07,314.000000,316.399994,313.440002,314.399994,314.399994,3150
2011-09-08,312.000000,317.160004,310.679993,315.799988,315.799988,2700
2011-09-09,321.880005,331.480011,320.320007,329.079987,329.079987,4825
2011-09-12,331.519989,342.040009,330.519989,330.720001,330.720001,3750
2011-09-13,332.279999,336.200012,330.679993,332.000000,332.000000,5625
2011-09-14,328.320007,334.200012,324.519989,328.359985,328.359985,4325
2011-09-15,322.880005,326.160004,320.799988,320.799988,320.799988,1625
2011-09-16,319.760010,325.399994,318.640015,321.200012,321.200012,6175
2011-09-19,328.799988,329.600006,323.119995,324.200012,324.200012,1675
2011-09-20,318.519989,323.160004,317.880005,323.160004,323.160004,875
2011-09-21,323.000000,331.799988,322.279999,331.799988,331.799988,5675
2011-09-22,344.799988,352.839996,339.600006,347.320007,347.320007,7875
2011-09-23,349.000000,350.440002,343.519989,345.359985,345.359985,6800
2011-09-26,341.640015,348.359985,340.440002,340.440002,340.440002,3575
2011-09-27,333.279999,339.160004,332.279999,337.320007,337.320007,3150
2011-09-28,337.880005,348.119995,336.480011,348.079987,348.079987,8300
2011-09-29,339.720001,352.279999,339.519989,345.480011,345.480011,18950
2011-09-30,349.920013,357.920013,348.399994,357.839996,357.839996,1750
2011-10-03,361.880005,369.160004,357.279999,364.279999,364.279999,4300
2011-10-04,372.679993,380.000000,358.760010,359.160004,359.160004,6975
2011-10-05,358.920013,360.920013,349.600006,352.399994,352.399994,6250
2011-10-06,352.239990,355.200012,349.600006,350.399994,350.399994,5250
2011-10-07,346.040009,358.480011,346.000000,355.559998,355.559998,4525
2011-10-10,345.959991,346.600006,339.559998,339.559998,339.559998,2400
2011-10-11,342.320007,342.320007,337.040009,337.760010,337.760010,375
2011-10-12,332.839996,333.200012,321.440002,324.239990,324.239990,2825
2011-10-13,326.480011,331.239990,323.079987,324.440002,324.440002,3275
2011-10-14,319.880005,322.399994,313.720001,313.720001,313.720001,2000
2011-10-17,314.519989,327.880005,313.440002,326.000000,326.000000,6550
2011-10-18,324.799988,331.839996,314.320007,320.000000,320.000000,11250
2011-10-19,319.480011,335.200012,319.480011,331.200012,331.200012,8525
2011-10-20,332.399994,335.600006,329.079987,330.559998,330.559998,1800
2011-10-21,323.239990,325.040009,321.239990,321.600006,321.600006,925
2011-10-24,320.959991,320.959991,310.000000,310.000000,310.000000,2025
2011-10-25,319.600006,319.600006,314.399994,316.559998,316.559998,450
2011-10-26,309.480011,313.200012,309.480011,313.200012,313.200012,100
2011-10-27,292.880005,294.320007,283.880005,285.200012,285.200012,2175
2011-10-28,287.279999,287.320007,281.320007,282.839996,282.839996,1175
2011-10-31,289.000000,297.119995,287.959991,297.119995,297.119995,2875
2011-11-01,324.399994,325.839996,315.679993,320.519989,320.519989,1875
2011-11-02,318.200012,320.920013,315.279999,317.359985,317.359985,475
2011-11-03,314.559998,318.880005,312.239990,312.239990,312.239990,1075
2011-11-04,315.720001,315.760010,313.519989,313.880005,313.880005,575
2011-11-07,315.359985,315.959991,313.200012,315.959991,315.959991,500
2011-11-08,310.320007,316.239990,307.160004,307.760010,307.760010,1375
2011-11-09,324.000000,337.160004,320.880005,335.399994,335.399994,6525
2011-11-10,327.920013,335.399994,326.200012,329.799988,329.799988,1250
2011-11-11,321.040009,322.720001,318.959991,321.519989,321.519989,1900
2011-11-14,324.359985,326.279999,324.160004,326.200012,326.200012,925
2011-11-15,329.440002,329.440002,325.559998,326.119995,326.119995,1425
2011-11-16,328.799988,334.640015,324.559998,334.480011,334.480011,2250
2011-11-17,333.239990,346.119995,331.559998,344.200012,344.200012,16000
2011-11-18,341.440002,343.519989,338.920013,341.239990,341.239990,1025
2011-11-21,349.720001,351.920013,343.799988,344.679993,344.679993,7275
2011-11-22,347.440002,351.160004,343.839996,344.000000,344.000000,6525
2011-11-23,347.000000,350.559998,347.000000,349.760010,349.760010,2975
2011-11-25,352.359985,354.040009,348.440002,352.920013,352.920013,975
2011-11-28,340.799988,346.320007,338.320007,343.480011,343.480011,2000
2011-11-29,341.959991,345.119995,338.959991,341.559998,341.559998,2025
2011-11-30,326.239990,328.359985,321.399994,321.399994,321.399994,1800
2011-12-01,324.119995,324.119995,317.239990,319.200012,319.200012,1075
2011-12-02,318.200012,319.399994,317.040009,319.399994,319.399994,2475
2011-12-05,311.079987,317.519989,311.079987,317.519989,317.519989,825
2011-12-06,315.320007,315.920013,313.839996,314.440002,314.440002,1725
2011-12-07,314.320007,321.079987,314.320007,317.519989,317.519989,775
2011-12-08,323.519989,329.079987,322.320007,327.720001,327.720001,2025
2011-12-09,322.079987,322.079987,318.760010,319.959991,319.959991,13475
2011-12-12,323.920013,331.640015,323.880005,327.359985,327.359985,392375
2011-12-13,318.000000,328.959991,317.239990,328.559998,328.559998,13025
2011-12-14,331.720001,333.959991,327.559998,329.559998,329.559998,4150
2011-12-15,319.880005,324.760010,319.559998,322.239990,322.239990,2425
2011-12-16,315.720001,323.399994,315.720001,321.600006,321.600006,1975
2011-12-19,318.559998,320.320007,316.079987,319.559998,319.559998,2150
2011-12-20,310.040009,311.279999,307.279999,307.920013,307.920013,6850
2011-12-21,306.720001,307.880005,294.959991,295.200012,295.200012,5125
2011-12-22,290.799988,295.079987,287.519989,294.160004,294.160004,9600
2011-12-23,292.239990,297.720001,292.239990,296.760010,296.760010,2675
2011-12-27,292.959991,293.839996,290.239990,293.839996,293.839996,3800
2011-12-28,289.720001,297.839996,289.640015,297.839996,297.839996,1350
2011-12-29,294.720001,295.799988,293.640015,294.359985,294.359985,2500
2011-12-30,292.799988,296.519989,292.799988,296.519989,296.519989,1525
2012-01-03,290.160004,291.760010,288.839996,289.720001,289.720001,4125
2012-01-04,291.679993,292.160004,284.119995,284.119995,284.119995,2050
2012-01-05,286.959991,288.239990,282.279999,282.519989,282.519989,4050
2012-01-06,283.399994,284.559998,278.320007,279.279999,279.279999,5350
2012-01-09,278.279999,279.679993,276.959991,277.600006,277.600006,1425
2012-01-10,273.640015,275.799988,272.720001,275.519989,275.519989,1950
2012-01-11,276.359985,278.040009,275.679993,277.760010,277.760010,12900
2012-01-12,277.200012,282.640015,276.239990,276.760010,276.760010,2625
2012-01-13,283.559998,284.600006,281.000000,282.079987,282.079987,625
2012-01-17,276.559998,283.559998,276.320007,283.160004,283.160004,975
2012-01-18,282.559998,285.200012,278.559998,278.679993,278.679993,2325
2012-01-19,277.079987,279.040009,274.399994,277.160004,277.160004,2000
2012-01-20,278.079987,278.079987,270.679993,271.359985,271.359985,2950
2012-01-23,272.640015,272.720001,267.399994,267.440002,267.440002,3875
2012-01-24,270.959991,272.480011,267.320007,267.799988,267.799988,8025
2012-01-25,269.079987,270.040009,263.880005,264.000000,264.000000,11425
2012-01-26,259.920013,268.040009,259.920013,267.279999,267.279999,21175
2012-01-27,265.359985,267.000000,262.279999,262.559998,262.559998,7025
2012-01-30,265.519989,266.600006,264.040009,266.239990,266.239990,6425
2012-01-31,262.200012,267.720001,261.399994,267.720001,267.720001,4050
2012-02-01,264.119995,264.440002,261.720001,263.720001,263.720001,2825
2012-02-02,260.839996,262.160004,260.000000,260.279999,260.279999,6725
2012-02-03,256.000000,256.880005,252.800003,253.600006,253.600006,4825
2012-02-06,256.640015,256.640015,251.160004,251.160004,251.160004,5950
2012-02-07,250.039993,252.559998,248.279999,249.320007,249.320007,6450
2012-02-08,249.639999,253.279999,249.119995,250.919998,250.919998,3800
2012-02-09,251.759995,257.799988,251.759995,257.799988,257.799988,3475
2012-02-10,264.799988,276.000000,263.079987,269.000000,269.000000,62100
2012-02-13,261.079987,263.359985,259.480011,260.799988,260.799988,2975
2012-02-14,263.920013,272.399994,263.679993,266.079987,266.079987,2750
2012-02-15,269.399994,274.640015,268.600006,272.640015,272.640015,4175
2012-02-16,274.920013,276.600006,267.079987,268.720001,268.720001,2625
2012-02-17,269.720001,271.880005,268.000000,269.880005,269.880005,2375
2012-02-21,272.040009,276.279999,271.480011,276.200012,276.200012,2125
2012-02-22,277.519989,277.519989,270.760010,271.559998,271.559998,82425
2012-02-23,271.239990,271.239990,264.079987,268.640015,268.640015,2050
2012-02-24,266.600006,273.799988,265.920013,273.799988,273.799988,3675
2012-02-27,278.160004,278.600006,272.320007,275.160004,275.160004,1475
2012-02-28,277.760010,277.760010,272.839996,272.880005,272.880005,3100
2012-02-29,271.200012,271.839996,265.359985,268.279999,268.279999,2775
2012-03-01,269.239990,271.239990,266.399994,266.559998,266.559998,3750
2012-03-02,266.480011,272.799988,266.480011,272.200012,272.200012,13425
2012-03-05,270.880005,272.279999,269.880005,272.279999,272.279999,3550
2012-03-06,281.679993,281.720001,277.119995,277.760010,277.760010,2625
2012-03-07,271.959991,273.760010,270.760010,271.600006,271.600006,1675
2012-03-08,268.880005,268.880005,265.040009,266.320007,266.320007,1950
2012-03-09,265.839996,265.839996,261.399994,263.279999,263.279999,3475
2012-03-12,263.480011,263.480011,257.640015,258.160004,258.160004,3700
2012-03-13,256.679993,256.679993,251.199997,251.759995,251.759995,2850
2012-03-14,251.679993,257.600006,251.240005,253.600006,253.600006,4400
2012-03-15,256.839996,257.760010,252.039993,252.440002,252.440002,6050
2012-03-16,254.479996,254.880005,252.080002,254.880005,254.880005,3150
2012-03-19,254.839996,255.279999,248.559998,249.639999,249.639999,4775
2012-03-20,250.759995,252.839996,246.759995,247.199997,247.199997,2500
2012-03-21,245.839996,245.839996,241.000000,241.160004,241.160004,6500
2012-03-22,245.800003,246.559998,242.520004,243.039993,243.039993,4725
2012-03-23,245.119995,245.639999,237.039993,238.479996,238.479996,3650
2012-03-26,234.679993,234.800003,226.240005,227.000000,227.000000,4850
2012-03-27,226.160004,231.160004,226.160004,230.600006,230.600006,10825
2012-03-28,229.520004,237.320007,228.520004,231.880005,231.880005,14275
2012-03-29,235.199997,235.199997,228.559998,228.960007,228.960007,3175
2012-03-30,225.160004,227.759995,223.360001,226.960007,226.960007,12275
2012-04-02,223.679993,224.559998,221.320007,223.639999,223.639999,3000
2012-04-03,224.199997,226.600006,223.000000,224.039993,224.039993,4150
2012-04-04,229.759995,230.880005,225.399994,226.160004,226.160004,21000
2012-04-05,227.160004,229.759995,225.759995,228.639999,228.639999,3150
2012-04-09,233.600006,234.880005,231.360001,234.880005,234.880005,3475
2012-04-10,237.000000,245.919998,236.199997,245.440002,245.440002,10375
2012-04-11,240.520004,244.759995,240.119995,244.119995,244.119995,3425
2012-04-12,245.000000,245.000000,235.679993,235.679993,235.679993,2375
2012-04-13,235.080002,242.160004,233.639999,242.160004,242.160004,2200
2012-04-16,238.520004,241.039993,236.600006,237.919998,237.919998,3550
2012-04-17,235.199997,235.720001,232.960007,234.440002,234.440002,2850
2012-04-18,236.520004,237.119995,232.479996,234.639999,234.639999,4675
2012-04-19,236.320007,238.960007,232.199997,236.399994,236.399994,2650
2012-04-20,232.960007,233.000000,229.600006,232.759995,232.759995,4175
2012-04-23,236.039993,239.600006,234.880005,236.440002,236.440002,2850
2012-04-24,234.119995,235.080002,232.520004,233.880005,233.880005,8775
2012-04-25,229.720001,230.080002,225.399994,226.039993,226.039993,8475
2012-04-26,226.880005,226.880005,220.679993,221.600006,221.600006,6950
2012-04-27,221.559998,224.559998,220.320007,221.479996,221.479996,3400
2012-04-30,222.479996,223.520004,220.839996,222.800003,222.800003,1225
2012-05-01,221.639999,222.279999,217.000000,219.240005,219.240005,2300
2012-05-02,221.160004,221.839996,218.919998,218.919998,218.919998,3250
2012-05-03,218.440002,220.000000,214.720001,218.080002,218.080002,16250
2012-05-04,219.320007,225.520004,219.320007,224.119995,224.119995,15375
2012-05-07,223.399994,223.399994,218.800003,220.440002,220.440002,4000
2012-05-08,222.880005,228.720001,222.160004,222.440002,222.440002,11425
2012-05-09,227.720001,229.679993,223.559998,227.160004,227.160004,1775
2012-05-10,222.320007,223.679993,220.839996,223.440002,223.440002,5175
2012-05-11,228.000000,228.119995,221.919998,226.919998,226.919998,4000
2012-05-14,230.160004,232.880005,229.279999,232.880005,232.880005,2100
2012-05-15,234.880005,241.360001,233.080002,240.639999,240.639999,6250
2012-05-16,239.839996,248.600006,239.399994,247.039993,247.039993,4650
2012-05-17,246.720001,251.960007,245.199997,251.360001,251.360001,65150
2012-05-18,246.520004,257.200012,244.479996,255.759995,255.759995,6525
2012-05-21,252.440002,253.320007,246.960007,246.960007,246.960007,7025
2012-05-22,246.720001,255.960007,243.000000,253.399994,253.399994,3050
2012-05-23,254.880005,258.399994,248.479996,248.479996,248.479996,1875
2012-05-24,247.960007,252.559998,246.559998,249.360001,249.360001,1150
2012-05-25,250.440002,250.839996,247.479996,247.479996,247.479996,3600
2012-05-29,242.240005,242.639999,239.000000,239.759995,239.759995,1600
2012-05-30,242.759995,246.080002,242.720001,245.520004,245.520004,3725
2012-05-31,246.000000,251.279999,245.199997,247.160004,247.160004,4150
2012-06-01,258.679993,261.160004,252.320007,260.519989,260.519989,67950
2012-06-04,259.119995,261.959991,257.760010,260.200012,260.200012,6275
2012-06-05,263.359985,263.359985,258.480011,259.839996,259.839996,18100
2012-06-06,256.359985,256.920013,250.919998,252.000000,252.000000,1650
2012-06-07,246.240005,252.919998,245.639999,252.240005,252.240005,2000
2012-06-08,251.360001,252.199997,243.559998,243.800003,243.800003,1050
2012-06-11,237.080002,252.360001,236.479996,252.360001,252.360001,3225
2012-06-12,253.759995,257.040009,252.559998,254.440002,254.440002,1200
2012-06-13,258.640015,261.720001,256.440002,261.040009,261.040009,8700
2012-06-14,262.320007,263.119995,253.880005,253.880005,253.880005,2050
2012-06-15,252.559998,253.160004,244.960007,245.240005,245.240005,2450
2012-06-18,248.440002,248.440002,237.679993,238.759995,238.759995,2275
2012-06-19,235.320007,238.559998,234.839996,235.399994,235.399994,2900
2012-06-20,234.520004,237.160004,230.279999,230.279999,230.279999,2900
2012-06-21,230.720001,242.759995,230.720001,242.440002,242.440002,6950
2012-06-22,234.520004,235.639999,227.399994,227.919998,227.919998,5500
2012-06-25,234.720001,239.160004,234.720001,238.240005,238.240005,3125
2012-06-26,234.679993,237.479996,231.800003,232.199997,232.199997,2700
2012-06-27,231.639999,232.839996,229.759995,232.080002,232.080002,2675
2012-06-28,233.240005,235.039993,228.160004,228.160004,228.160004,4700
2012-06-29,221.440002,223.199997,220.000000,220.320007,220.320007,2625
2012-07-02,217.800003,219.440002,214.000000,214.880005,214.880005,3200
2012-07-03,214.880005,215.240005,211.160004,211.160004,211.160004,1850
2012-07-05,212.559998,216.399994,212.559998,215.199997,215.199997,8400
2012-07-06,216.559998,216.600006,212.720001,212.720001,212.720001,3050
2012-07-09,210.360001,212.639999,209.160004,209.399994,209.399994,5175
2012-07-10,209.240005,213.440002,207.800003,211.600006,211.600006,2175
2012-07-11,210.880005,210.880005,206.039993,206.600006,206.600006,1550
2012-07-12,211.559998,213.360001,207.160004,209.240005,209.240005,1925
2012-07-13,205.880005,205.880005,202.000000,202.520004,202.520004,2500
2012-07-16,203.559998,205.919998,203.559998,204.679993,204.679993,1225
2012-07-17,204.000000,204.479996,199.199997,199.960007,199.960007,2550
2012-07-18,201.440002,201.919998,199.759995,200.440002,200.440002,1600
2012-07-19,200.600006,202.360001,199.600006,200.320007,200.320007,2075
2012-07-20,203.000000,206.119995,203.000000,204.960007,204.960007,5450
2012-07-23,213.320007,214.919998,209.679993,211.440002,211.440002,3950
2012-07-24,209.880005,216.080002,209.360001,213.720001,213.720001,3875
2012-07-25,212.320007,214.639999,209.800003,211.639999,211.639999,1775
2012-07-26,206.039993,208.080002,203.600006,203.679993,203.679993,2475
2012-07-27,199.559998,204.399994,199.559998,204.399994,204.399994,104475
2012-07-30,202.960007,205.839996,201.839996,205.839996,205.839996,3850
2012-07-31,205.960007,207.759995,204.559998,207.240005,207.240005,2250
2012-08-01,205.160004,207.600006,203.639999,206.000000,206.000000,3550
2012-08-02,207.720001,210.800003,206.399994,207.919998,207.919998,2525
2012-08-03,204.080002,204.279999,201.240005,201.240005,201.240005,14925
2012-08-06,198.039993,200.199997,197.639999,199.440002,199.440002,3750
2012-08-07,197.720001,201.800003,197.520004,201.119995,201.119995,2475
2012-08-08,200.559998,200.679993,196.960007,198.600006,198.600006,3550
2012-08-09,199.000000,200.600006,197.360001,197.759995,197.759995,2300
2012-08-10,199.240005,199.240005,196.279999,196.520004,196.520004,5625
2012-08-13,196.759995,197.160004,193.960007,193.960007,193.960007,11450
2012-08-14,195.119995,199.399994,194.759995,199.399994,199.399994,20175
2012-08-15,199.240005,200.000000,196.520004,200.000000,200.000000,7150
2012-08-16,199.720001,200.160004,198.000000,198.479996,198.479996,8050
2012-08-17,200.240005,200.320007,196.800003,197.479996,197.479996,10500
2012-08-20,198.320007,199.399994,197.839996,199.279999,199.279999,12125
2012-08-21,199.000000,202.639999,198.399994,202.000000,202.000000,13425
2012-08-22,204.279999,204.279999,201.119995,201.759995,201.759995,7325
2012-08-23,204.119995,206.399994,203.320007,204.759995,204.759995,78175
2012-08-24,206.800003,206.800003,202.119995,203.039993,203.039993,13425
2012-08-27,202.360001,203.559998,200.759995,202.720001,202.720001,9925
2012-08-28,203.479996,204.479996,201.000000,203.119995,203.119995,3500
2012-08-29,202.919998,203.679993,200.399994,203.240005,203.240005,3325
2012-08-30,205.639999,206.199997,203.559998,205.039993,205.039993,5550
2012-08-31,203.160004,204.520004,200.279999,200.960007,200.960007,4750
2012-09-04,201.960007,203.639999,200.800003,201.800003,201.800003,38450
2012-09-05,202.240005,202.240005,197.559998,198.759995,198.759995,4900
2012-09-06,195.520004,195.520004,189.679993,189.839996,189.839996,47450
2012-09-07,187.839996,187.839996,184.399994,184.839996,184.839996,38050
2012-09-10,185.880005,188.479996,184.240005,188.479996,188.479996,7900
2012-09-11,186.960007,186.960007,182.600006,183.160004,183.160004,16125
2012-09-12,181.839996,182.479996,178.800003,178.919998,178.919998,8350
2012-09-13,180.440002,180.960007,169.639999,172.679993,172.679993,14825
2012-09-14,169.360001,171.240005,164.399994,171.039993,171.039993,18500
2012-09-17,171.919998,171.919998,169.160004,169.559998,169.559998,7975
2012-09-18,170.720001,172.440002,167.520004,167.639999,167.639999,10850
2012-09-19,167.160004,168.279999,164.399994,166.639999,166.639999,11950
2012-09-20,167.199997,168.479996,165.919998,166.320007,166.320007,5575
2012-09-21,164.919998,166.160004,164.440002,166.039993,166.039993,5775
2012-09-24,166.000000,166.960007,163.639999,165.039993,165.039993,7250
2012-09-25,162.880005,168.839996,162.720001,168.839996,168.839996,8125
2012-09-26,168.880005,172.199997,168.479996,170.720001,170.720001,13325
2012-09-27,167.000000,168.399994,163.360001,164.160004,164.160004,81050
2012-09-28,165.839996,167.479996,164.720001,166.639999,166.639999,15275
2012-10-01,164.679993,167.000000,162.440002,166.800003,166.800003,42750
2012-10-02,165.000000,166.360001,163.759995,164.160004,164.160004,17550
2012-10-03,164.520004,165.160004,162.000000,163.880005,163.880005,25725
2012-10-04,162.279999,162.279999,160.479996,160.720001,160.720001,37975
2012-10-05,157.279999,159.759995,156.360001,159.039993,159.039993,11750
2012-10-08,159.440002,160.000000,158.320007,158.600006,158.600006,5250
2012-10-09,158.240005,161.240005,158.240005,161.119995,161.119995,5175
2012-10-10,159.679993,161.679993,159.679993,161.119995,161.119995,7125
2012-10-11,158.600006,158.800003,156.600006,158.279999,158.279999,6000
2012-10-12,156.080002,158.240005,155.320007,156.000000,156.000000,10375
2012-10-15,155.240005,156.639999,153.839996,154.039993,154.039993,7150
2012-10-16,152.720001,153.919998,152.039993,152.720001,152.720001,9175
2012-10-17,152.240005,152.399994,150.360001,150.960007,150.960007,9975
2012-10-18,152.000000,152.119995,149.679993,151.440002,151.440002,2775
2012-10-19,151.440002,156.399994,150.960007,154.919998,154.919998,25050
2012-10-22,155.080002,155.880005,153.919998,154.000000,154.000000,13425
2012-10-23,158.199997,160.600006,156.080002,157.279999,157.279999,13325
2012-10-24,155.160004,156.600006,154.440002,156.080002,156.080002,10375
2012-10-25,153.440002,155.759995,152.720001,153.440002,153.440002,18575
2012-10-26,154.320007,156.160004,153.639999,154.440002,154.440002,19450
2012-10-31,152.440002,155.880005,152.440002,154.960007,154.960007,32225
2012-11-01,153.440002,153.559998,147.160004,147.479996,147.479996,30300
2012-11-02,147.119995,151.839996,146.440002,151.520004,151.520004,16625
2012-11-05,153.080002,154.119995,151.199997,152.440002,152.440002,39725
2012-11-06,150.720001,150.960007,147.679993,149.559998,149.559998,8300
2012-11-07,150.639999,156.000000,150.119995,154.279999,154.279999,13775
2012-11-08,154.039993,155.080002,151.520004,154.960007,154.960007,13050
2012-11-09,156.600006,156.639999,153.160004,156.479996,156.479996,14300
2012-11-12,155.880005,155.960007,152.119995,152.520004,152.520004,14525
2012-11-13,154.440002,155.240005,150.759995,153.440002,153.440002,13425
2012-11-14,150.520004,156.600006,150.279999,156.279999,156.279999,9350
2012-11-15,155.279999,157.320007,153.440002,155.479996,155.479996,10100
2012-11-16,156.039993,158.479996,152.360001,152.399994,152.399994,7975
2012-11-19,150.199997,150.279999,146.600006,147.119995,147.119995,13425
2012-11-20,145.839996,146.279999,144.399994,144.759995,144.759995,8225
2012-11-21,144.440002,145.600006,143.559998,145.440002,145.440002,72400
2012-11-23,143.759995,144.679993,140.919998,140.919998,140.919998,5575
2012-11-26,142.399994,142.399994,140.440002,140.639999,140.639999,9050
2012-11-27,140.399994,142.559998,139.759995,142.399994,142.399994,6550
2012-11-28,144.000000,145.000000,140.160004,140.559998,140.559998,8900
2012-11-29,139.279999,140.520004,138.960007,139.479996,139.479996,5000
2012-11-30,137.639999,141.919998,137.639999,139.960007,139.960007,8925
2012-12-03,137.720001,141.520004,137.479996,141.520004,141.520004,8550
2012-12-04,141.199997,142.240005,140.039993,140.880005,140.880005,12100
2012-12-05,141.399994,141.960007,138.279999,138.960007,138.960007,12775
2012-12-06,138.880005,140.000000,138.520004,138.960007,138.960007,8525
2012-12-07,138.479996,140.039993,136.639999,136.679993,136.679993,3200
2012-12-10,137.039993,137.360001,136.199997,136.320007,136.320007,5725
2012-12-11,134.639999,135.320007,133.720001,134.360001,134.360001,6900
2012-12-12,134.240005,136.679993,133.199997,136.119995,136.119995,11000
2012-12-13,135.520004,138.759995,134.880005,137.759995,137.759995,6625
2012-12-14,137.880005,138.800003,137.320007,138.440002,138.440002,10450
2012-12-17,138.960007,138.960007,134.160004,134.160004,134.160004,7425
2012-12-18,133.679993,133.839996,130.199997,130.559998,130.559998,12975
2012-12-19,130.479996,135.360001,130.479996,135.360001,135.360001,16275
2012-12-20,133.039993,135.880005,132.399994,135.279999,135.279999,12100
2012-12-21,140.199997,140.440002,136.880005,137.919998,137.919998,17475
2012-12-24,138.320007,139.399994,136.919998,139.399994,139.399994,12925
2012-12-26,138.399994,141.759995,138.160004,140.240005,140.240005,8800
2012-12-27,140.000000,143.720001,138.320007,139.320007,139.320007,424375
2012-12-28,141.399994,143.399994,140.360001,141.600006,141.600006,9700
2012-12-31,141.320007,143.160004,135.880005,136.880005,136.880005,25300
2013-01-02,130.240005,132.399994,129.119995,129.119995,129.119995,8175
2013-01-03,128.399994,129.520004,126.519997,129.119995,129.119995,10500
2013-01-04,127.559998,128.160004,126.599998,126.879997,126.879997,32525
2013-01-07,127.760002,129.839996,127.760002,128.279999,128.279999,27525
2013-01-08,128.559998,129.919998,128.279999,128.919998,128.919998,11300
2013-01-09,126.919998,128.559998,125.800003,128.039993,128.039993,18400
2013-01-10,125.959999,126.680000,125.400002,125.839996,125.839996,17950
2013-01-11,126.360001,126.360001,124.160004,125.000000,125.000000,29750
2013-01-14,124.839996,125.800003,122.879997,123.279999,123.279999,7775
2013-01-15,123.120003,123.680000,122.440002,122.919998,122.919998,18575
2013-01-16,123.279999,123.440002,121.639999,122.720001,122.720001,26100
2013-01-17,121.680000,122.559998,120.959999,121.959999,121.959999,11575
2013-01-18,120.199997,120.279999,117.800003,117.800003,117.800003,8025
2013-01-22,117.000000,117.440002,114.080002,114.199997,114.199997,14625
2013-01-23,113.440002,113.480003,109.760002,110.720001,110.720001,19100
2013-01-24,111.519997,113.879997,110.279999,110.919998,110.919998,17275
2013-01-25,110.720001,111.599998,110.120003,110.639999,110.639999,16750
2013-01-28,110.760002,111.639999,110.160004,110.800003,110.800003,6775
2013-01-29,111.919998,112.839996,109.239998,110.199997,110.199997,25550
2013-01-30,110.919998,112.639999,109.639999,112.599998,112.599998,46450
2013-01-31,112.720001,112.760002,111.040001,112.199997,112.199997,10250
2013-02-01,111.160004,111.800003,110.720001,111.559998,111.559998,38825
2013-02-04,112.639999,114.919998,111.519997,114.839996,114.839996,12025
2013-02-05,112.879997,112.879997,111.000000,112.279999,112.279999,33450
2013-02-06,113.440002,113.639999,111.839996,112.040001,112.040001,13875
2013-02-07,111.279999,114.239998,111.279999,111.760002,111.760002,10000
2013-02-08,111.480003,111.480003,110.040001,110.519997,110.519997,11300
2013-02-11,109.760002,110.559998,108.559998,108.599998,108.599998,14850
2013-02-12,108.080002,109.040001,107.279999,108.239998,108.239998,13800
2013-02-13,107.599998,109.440002,107.160004,108.120003,108.120003,6800
2013-02-14,109.320000,109.720001,108.040001,108.400002,108.400002,10975
2013-02-15,108.160004,109.199997,107.760002,108.480003,108.480003,5900
2013-02-19,107.480003,107.559998,105.120003,105.400002,105.400002,11575
2013-02-20,105.480003,108.120003,105.040001,107.800003,107.800003,34400
2013-02-21,107.919998,109.839996,107.760002,109.120003,109.120003,70525
2013-02-22,107.599998,108.839996,106.800003,106.919998,106.919998,11950
2013-02-25,105.480003,112.800003,104.879997,111.599998,111.599998,46350
2013-02-26,111.199997,112.839996,108.959999,109.879997,109.879997,25200
2013-02-27,110.199997,110.720001,106.959999,107.680000,107.680000,10600
2013-02-28,106.919998,109.639999,106.239998,109.639999,109.639999,9125
2013-03-01,110.120003,111.440002,108.320000,110.400002,110.400002,10750
2013-03-04,110.400002,110.680000,107.919998,107.919998,107.919998,5700
2013-03-05,106.480003,107.320000,105.639999,105.639999,105.639999,40325
2013-03-06,105.400002,107.120003,105.279999,105.839996,105.839996,7900
2013-03-07,105.720001,105.839996,104.760002,105.599998,105.599998,3275
2013-03-08,105.320000,106.320000,104.440002,105.519997,105.519997,9825
2013-03-11,105.599998,106.199997,104.800003,105.160004,105.160004,5725
2013-03-12,105.599998,106.919998,104.480003,105.639999,105.639999,32625
2013-03-13,105.800003,107.000000,105.320000,105.919998,105.919998,5950
2013-03-14,106.040001,106.559998,105.480003,105.800003,105.800003,9750
2013-03-15,106.120003,106.519997,105.160004,105.919998,105.919998,14325
2013-03-18,109.199997,109.400002,106.000000,107.519997,107.519997,19475
2013-03-19,107.040001,110.040001,106.639999,106.639999,106.639999,21625
2013-03-20,105.440002,106.519997,104.800003,105.959999,105.959999,16825
2013-03-21,107.639999,108.480003,106.959999,107.360001,107.360001,9750
2013-03-22,106.559998,107.400002,106.160004,107.000000,107.000000,7325
2013-03-25,106.160004,108.080002,105.680000,106.519997,106.519997,48825
2013-03-26,104.680000,105.480003,104.080002,104.879997,104.879997,17375
2013-03-27,106.400002,106.800003,104.879997,105.239998,105.239998,12625
2013-03-28,105.080002,106.839996,105.000000,105.720001,105.720001,13175
2013-04-01,105.800003,106.199997,105.400002,105.919998,105.919998,10225
2013-04-02,104.919998,105.559998,104.839996,105.199997,105.199997,11475
2013-04-03,104.480003,106.080002,104.279999,105.800003,105.800003,26450
2013-04-04,105.559998,106.800003,104.800003,104.919998,104.919998,34950
2013-04-05,108.440002,108.800003,105.440002,105.639999,105.639999,17200
2013-04-08,104.919998,105.239998,103.680000,103.680000,103.680000,9475
2013-04-09,103.000000,104.320000,102.400002,102.839996,102.839996,9025
2013-04-10,101.639999,101.800003,100.559998,100.879997,100.879997,50625
2013-04-11,100.680000,101.680000,99.760002,101.239998,101.239998,13175
2013-04-12,101.760002,102.320000,99.639999,99.800003,99.800003,4825
2013-04-15,99.919998,107.480003,99.160004,104.360001,104.360001,24425
2013-04-16,101.879997,103.080002,99.360001,99.360001,99.360001,18200
2013-04-17,102.080002,105.000000,101.879997,103.800003,103.800003,37475
2013-04-18,104.000000,106.639999,103.800003,104.879997,104.879997,30300
2013-04-19,105.680000,105.760002,103.599998,104.839996,104.839996,9200
2013-04-22,105.120003,106.279999,102.680000,104.000000,104.000000,8875
2013-04-23,101.720001,104.919998,100.040001,100.279999,100.279999,22625
2013-04-24,99.839996,100.199997,98.879997,99.839996,99.839996,20200
2013-04-25,98.800003,99.800003,98.199997,99.639999,99.639999,11375
2013-04-26,100.320000,100.320000,99.279999,99.279999,99.279999,4300
2013-04-29,98.559998,99.120003,97.000000,98.720001,98.720001,22375
2013-04-30,98.800003,99.839996,98.160004,98.199997,98.199997,21100
2013-05-01,98.879997,100.680000,98.879997,100.559998,100.559998,21025
2013-05-02,99.879997,100.599998,98.480003,99.320000,99.320000,18200
2013-05-03,98.040001,99.440002,98.040001,99.080002,99.080002,14225
2013-05-06,99.080002,99.080002,97.120003,97.519997,97.519997,5300
2013-05-07,96.199997,96.760002,96.000000,96.120003,96.120003,5150
2013-05-08,96.440002,97.279999,96.080002,96.680000,96.680000,3350
2013-05-09,97.040001,99.120003,97.040001,98.120003,98.120003,7775
2013-05-10,98.800003,99.959999,98.559998,99.000000,99.000000,5050
2013-05-13,99.000000,99.800003,99.000000,99.519997,99.519997,14875
2013-05-14,98.680000,99.160004,98.639999,98.879997,98.879997,2375
2013-05-15,99.639999,100.120003,99.199997,99.519997,99.519997,11225
2013-05-16,100.199997,100.400002,99.360001,100.279999,100.279999,14025
2013-05-17,100.000000,100.760002,99.279999,99.279999,99.279999,64500
2013-05-20,100.040001,100.519997,99.199997,100.440002,100.440002,23175
2013-05-21,100.519997,102.360001,100.519997,102.360001,102.360001,29275
2013-05-22,101.879997,102.800003,100.680000,101.639999,101.639999,33425
2013-05-23,105.120003,105.440002,101.879997,102.480003,102.480003,34250
2013-05-24,103.559998,103.919998,102.279999,102.760002,102.760002,7150
2013-05-28,101.760002,102.760002,101.599998,102.080002,102.080002,16025
2013-05-29,102.599998,102.760002,101.000000,101.599998,101.599998,59975
2013-05-30,102.800003,103.040001,101.360001,101.919998,101.919998,40950
2013-05-31,102.959999,103.599998,101.919998,103.599998,103.599998,33525
2013-06-03,103.680000,106.239998,103.680000,104.599998,104.599998,35000
2013-06-04,105.080002,106.239998,104.239998,105.080002,105.080002,47850
2013-06-05,106.440002,107.080002,105.239998,106.599998,106.599998,58625
2013-06-06,107.120003,108.800003,105.800003,105.800003,105.800003,52225
2013-06-07,104.720001,105.320000,103.760002,104.440002,104.440002,14975
2013-06-10,104.000000,104.279999,103.160004,104.000000,104.000000,20675
2013-06-11,105.559998,107.160004,104.440002,106.760002,106.760002,42800
2013-06-12,105.120003,109.959999,104.879997,109.040001,109.040001,50125
2013-06-13,108.839996,108.839996,106.639999,107.279999,107.279999,20725
2013-06-14,107.599998,109.839996,106.800003,109.800003,109.800003,25300
2013-06-17,108.320000,109.959999,107.720001,108.919998,108.919998,74325
2013-06-18,108.400002,109.000000,107.919998,108.440002,108.440002,13650
2013-06-19,109.160004,109.400002,104.879997,108.440002,108.440002,14025
2013-06-20,111.400002,115.080002,110.120003,113.279999,113.279999,115200
2013-06-21,110.680000,114.879997,109.839996,111.440002,111.440002,71775
2013-06-24,115.480003,116.919998,113.919998,116.160004,116.160004,48700
2013-06-25,112.680000,116.160004,112.639999,115.199997,115.199997,43775
2013-06-26,114.080002,115.839996,114.080002,114.919998,114.919998,17950
2013-06-27,113.760002,114.760002,112.839996,113.080002,113.080002,29700
2013-06-28,113.839996,114.720001,111.760002,113.000000,113.000000,20625
2013-07-01,112.080002,112.080002,110.000000,110.760002,110.760002,28675
2013-07-02,111.559998,112.639999,110.080002,111.639999,111.639999,20825
2013-07-03,112.919998,112.919998,110.919998,111.760002,111.760002,7500
2013-07-05,110.519997,111.639999,109.440002,109.559998,109.559998,10100
2013-07-08,108.559998,108.720001,106.120003,106.160004,106.160004,26225
2013-07-09,104.239998,104.800003,103.239998,104.120003,104.120003,40200
2013-07-10,103.800003,104.080002,102.919998,103.199997,103.199997,41000
2013-07-11,100.959999,101.919998,100.680000,101.040001,101.040001,28025
2013-07-12,100.919998,102.519997,100.559998,102.000000,102.000000,15350
2013-07-15,101.120003,101.639999,100.120003,100.400002,100.400002,54700
2013-07-16,100.000000,103.440002,100.000000,103.400002,103.400002,22175
2013-07-17,102.000000,102.720001,100.919998,101.120003,101.120003,19625
2013-07-18,100.959999,101.160004,99.639999,100.559998,100.559998,11800
2013-07-19,101.440002,101.559998,100.400002,100.599998,100.599998,14825
2013-07-22,100.559998,100.559998,99.000000,99.360001,99.360001,27950
2013-07-23,99.000000,99.519997,98.120003,98.720001,98.720001,9900
2013-07-24,98.720001,99.639999,98.239998,98.839996,98.839996,11925
2013-07-25,99.879997,99.879997,97.519997,97.720001,97.720001,26900
2013-07-26,97.800003,99.040001,96.839996,96.959999,96.959999,44300
2013-07-29,98.040001,98.040001,97.120003,97.480003,97.480003,22575
2013-07-30,97.120003,97.239998,95.800003,96.160004,96.160004,14700
2013-07-31,95.959999,96.680000,93.800003,94.800003,94.800003,38950
2013-08-01,93.160004,93.279999,92.519997,92.680000,92.680000,34200
2013-08-02,92.639999,92.680000,91.760002,91.919998,91.919998,10875
2013-08-05,90.879997,91.519997,90.360001,90.440002,90.440002,8325
2013-08-06,90.720001,92.720001,90.279999,92.639999,92.639999,50750
2013-08-07,92.800003,93.760002,92.239998,92.559998,92.559998,20375
2013-08-08,91.320000,92.519997,91.040001,91.800003,91.800003,19150
2013-08-09,91.760002,92.919998,91.519997,92.599998,92.599998,59425
2013-08-12,93.559998,93.839996,92.000000,92.320000,92.320000,20900
2013-08-13,92.239998,93.639999,92.199997,93.639999,93.639999,16950
2013-08-14,93.239998,94.279999,92.959999,94.279999,94.279999,18775
2013-08-15,96.080002,97.519997,94.919998,97.239998,97.239998,159150
2013-08-16,96.720001,97.040001,94.080002,95.400002,95.400002,41225
2013-08-19,95.720001,97.000000,95.519997,96.839996,96.839996,65000
2013-08-20,96.919998,97.440002,93.559998,95.279999,95.279999,40025
2013-08-21,97.000000,97.120003,93.040001,95.080002,95.080002,39100
2013-08-22,94.320000,94.320000,92.760002,93.199997,93.199997,9125
2013-08-23,92.400002,93.440002,92.239998,92.559998,92.559998,6850
2013-08-26,92.000000,95.040001,91.120003,95.000000,95.000000,14300
2013-08-27,96.760002,98.959999,95.080002,98.879997,98.879997,95475
2013-08-28,99.400002,99.919998,96.919998,97.919998,97.919998,30800
2013-08-29,99.080002,100.080002,97.519997,99.959999,99.959999,38100
2013-08-30,99.279999,101.400002,99.279999,100.360001,100.360001,36325
2013-09-03,98.199997,99.440002,97.360001,98.480003,98.480003,98000
2013-09-04,98.160004,98.400002,97.120003,97.800003,97.800003,31475
2013-09-05,97.919998,97.919998,96.959999,97.440002,97.440002,13275
2013-09-06,97.040001,100.000000,96.160004,97.839996,97.839996,34925
2013-09-09,97.400002,97.760002,95.199997,95.320000,95.320000,80700
2013-09-10,93.839996,94.080002,93.400002,93.480003,93.480003,30750
2013-09-11,93.199997,93.519997,91.400002,91.839996,91.839996,10325
2013-09-12,91.239998,93.199997,90.959999,93.040001,93.040001,107250
2013-09-13,91.360001,93.000000,91.239998,92.080002,92.080002,34125
2013-09-16,90.800003,91.720001,89.800003,90.839996,90.839996,19825
2013-09-17,90.400002,90.400002,89.839996,90.040001,90.040001,22200
2013-09-18,90.519997,92.400002,87.919998,88.680000,88.680000,102475
2013-09-19,88.040001,89.800003,88.000000,89.239998,89.239998,19700
2013-09-20,89.760002,91.239998,89.000000,91.080002,91.080002,31775
2013-09-23,90.720001,92.400002,90.279999,91.559998,91.559998,28075
2013-09-24,91.239998,91.639999,90.360001,91.320000,91.320000,17225
2013-09-25,91.559998,92.080002,90.919998,91.160004,91.160004,10000
2013-09-26,90.519997,91.040001,90.000000,90.120003,90.120003,12325
2013-09-27,90.720001,91.720001,90.519997,91.120003,91.120003,18725
2013-09-30,93.120003,93.680000,91.559998,92.080002,92.080002,15175
2013-10-01,92.559998,92.599998,90.800003,90.800003,90.800003,6625
2013-10-02,92.400002,92.720001,91.559998,92.000000,92.000000,32425
2013-10-03,92.320000,94.800003,92.160004,92.360001,92.360001,43500
2013-10-04,93.360001,94.599998,92.160004,92.599998,92.599998,55325
2013-10-07,94.360001,95.839996,93.680000,95.639999,95.639999,30400
2013-10-08,95.879997,98.440002,95.480003,98.360001,98.360001,112525
2013-10-09,98.800003,99.599998,96.199997,97.320000,97.320000,73100
2013-10-10,95.839996,95.839996,92.599998,92.680000,92.680000,62725
2013-10-11,92.879997,92.959999,89.879997,91.199997,91.199997,27675
2013-10-14,92.919998,93.720001,90.320000,91.040001,91.040001,76950
2013-10-15,91.519997,93.320000,90.279999,92.199997,92.199997,81725
2013-10-16,90.879997,91.480003,88.360001,89.199997,89.199997,72075
2013-10-17,90.080002,90.080002,87.360001,87.360001,87.360001,96825
2013-10-18,86.239998,87.839996,85.480003,87.080002,87.080002,101350
2013-10-21,84.959999,86.760002,84.959999,86.559998,86.559998,43075
2013-10-22,85.279999,86.680000,85.120003,86.680000,86.680000,94700
2013-10-23,87.400002,88.639999,87.199997,88.160004,88.160004,25950
2013-10-24,87.519997,87.680000,87.160004,87.199997,87.199997,20600
2013-10-25,87.199997,88.000000,87.199997,87.680000,87.680000,10225
2013-10-28,88.239998,88.599998,87.919998,88.440002,88.440002,20100
2013-10-29,88.480003,88.680000,88.199997,88.320000,88.320000,15700
2013-10-30,88.559998,89.360001,87.800003,88.839996,88.839996,45900
2013-10-31,88.559998,88.680000,87.720001,88.519997,88.519997,10850
2013-11-01,88.360001,89.519997,88.199997,89.040001,89.040001,13575
2013-11-04,88.680000,89.000000,87.919998,87.919998,87.919998,8750
2013-11-05,88.279999,88.400002,87.760002,88.239998,88.239998,7175
2013-11-06,87.639999,87.959999,87.080002,87.480003,87.480003,24025
2013-11-07,86.279999,89.320000,85.680000,89.000000,89.000000,16725
2013-11-08,88.199997,88.480003,86.839996,86.919998,86.919998,13475
2013-11-11,87.279999,87.919998,87.120003,87.680000,87.680000,12275
2013-11-12,87.800003,88.360001,87.480003,88.279999,88.279999,5700
2013-11-13,88.760002,89.080002,88.239998,88.400002,88.400002,13500
2013-11-14,88.440002,89.000000,88.400002,88.639999,88.639999,4775
2013-11-15,88.639999,88.959999,88.480003,88.760002,88.760002,69825
2013-11-18,88.000000,88.760002,87.919998,88.480003,88.480003,32100
2013-11-19,88.000000,89.000000,87.839996,88.480003,88.480003,17100
2013-11-20,89.160004,89.160004,86.879997,87.519997,87.519997,21700
2013-11-21,87.000000,87.080002,85.519997,85.559998,85.559998,12000
2013-11-22,85.720001,85.720001,84.040001,84.080002,84.080002,13975
2013-11-25,84.400002,84.760002,83.559998,83.919998,83.919998,12850
2013-11-26,83.559998,84.239998,82.599998,83.639999,83.639999,22675
2013-11-27,83.599998,84.000000,83.480003,83.680000,83.680000,10875
2013-11-29,83.480003,84.040001,83.440002,83.800003,83.800003,6800
2013-12-02,83.519997,83.680000,81.080002,81.080002,81.080002,35225
2013-12-03,83.800003,84.639999,83.279999,83.440002,83.440002,35550
2013-12-04,84.279999,84.360001,83.000000,83.320000,83.320000,8450
2013-12-05,83.120003,83.279999,82.360001,82.959999,82.959999,4850
2013-12-06,81.959999,82.000000,81.199997,81.360001,81.360001,120450
2013-12-09,80.760002,80.959999,80.199997,80.680000,80.680000,16575
2013-12-10,80.760002,81.160004,80.519997,81.160004,81.160004,9350
2013-12-11,80.639999,82.800003,80.519997,82.680000,82.680000,21400
2013-12-12,82.480003,83.199997,81.559998,82.720001,82.720001,23225
2013-12-13,82.919998,82.959999,82.239998,82.720001,82.720001,3925
2013-12-16,82.360001,82.760002,82.160004,82.680000,82.680000,3625
2013-12-17,83.000000,83.599998,82.080002,82.519997,82.519997,6425
2013-12-18,81.760002,82.199997,79.239998,79.360001,79.360001,23025
2013-12-19,79.639999,80.879997,79.320000,80.559998,80.559998,23950
2013-12-20,80.360001,80.959999,80.040001,80.440002,80.440002,19350
2013-12-23,80.000000,80.080002,78.919998,79.000000,79.000000,9850
2013-12-24,78.480003,78.480003,77.480003,77.480003,77.480003,16575
2013-12-26,76.639999,77.760002,76.639999,77.400002,77.400002,15925
2013-12-27,77.239998,77.440002,76.919998,77.040001,77.040001,7925
2013-12-30,77.320000,78.120003,77.320000,77.760002,77.760002,15100
2013-12-31,77.720001,77.839996,76.959999,77.160004,77.160004,38300
2014-01-02,77.519997,77.919998,77.080002,77.919998,77.919998,35775
2014-01-03,77.919998,78.599998,77.239998,77.959999,77.959999,12725
2014-01-06,76.639999,77.279999,76.040001,76.839996,76.839996,9750
2014-01-07,76.080002,76.400002,75.400002,75.400002,75.400002,11450
2014-01-08,75.800003,75.800003,75.160004,75.279999,75.279999,7825
2014-01-09,74.839996,76.000000,74.839996,75.959999,75.959999,9650
2014-01-10,75.320000,75.959999,74.919998,75.320000,75.320000,18450
2014-01-13,75.360001,77.599998,75.279999,77.080002,77.080002,8800
2014-01-14,76.040001,76.480003,75.519997,75.519997,75.519997,18350
2014-01-15,75.639999,76.720001,75.639999,76.400002,76.400002,4400
2014-01-16,76.400002,76.680000,75.720001,76.239998,76.239998,6550
2014-01-17,76.559998,77.040001,76.320000,76.879997,76.879997,8575
2014-01-21,76.440002,77.239998,76.360001,76.360001,76.360001,30375
2014-01-22,75.680000,76.160004,74.879997,74.959999,74.959999,4650
2014-01-23,75.839996,76.199997,75.320000,75.360001,75.360001,14375
2014-01-24,76.320000,78.919998,76.080002,78.160004,78.160004,128600
2014-01-27,78.199997,80.080002,76.720001,77.839996,77.839996,50325
2014-01-28,78.000000,78.000000,75.599998,76.320000,76.320000,37250
2014-01-29,77.519997,78.440002,76.400002,78.440002,78.440002,65650
2014-01-30,76.800003,78.320000,76.400002,77.120003,77.120003,19850
2014-01-31,80.360001,80.519997,78.320000,80.080002,80.080002,16425
2014-02-03,79.959999,82.559998,79.199997,82.040001,82.040001,48250
2014-02-04,82.160004,83.120003,81.519997,82.639999,82.639999,36725
2014-02-05,82.879997,84.919998,82.680000,83.800003,83.800003,18425
2014-02-06,84.239998,84.239998,81.199997,81.239998,81.239998,36375
2014-02-07,79.720001,79.720001,77.360001,78.160004,78.160004,40250
2014-02-10,77.839996,78.160004,76.760002,77.839996,77.839996,21175
2014-02-11,77.080002,77.080002,75.760002,76.239998,76.239998,15125
2014-02-12,75.480003,76.879997,75.360001,76.000000,76.000000,7300
2014-02-13,76.839996,76.839996,74.680000,75.199997,75.199997,12125
2014-02-14,75.199997,75.199997,74.239998,74.519997,74.519997,25950
2014-02-18,74.400002,75.120003,73.599998,73.599998,73.599998,9075
2014-02-19,74.040001,76.120003,73.959999,75.720001,75.720001,15100
2014-02-20,75.559998,75.839996,74.239998,74.279999,74.279999,5775
2014-02-21,73.559998,74.800003,73.559998,74.559998,74.559998,10100
2014-02-24,74.400002,74.400002,73.599998,74.199997,74.199997,7950
2014-02-25,74.440002,74.919998,74.080002,74.559998,74.559998,6725
2014-02-26,74.279999,75.959999,74.279999,75.160004,75.160004,10250
2014-02-27,76.239998,76.239998,75.360001,75.720001,75.720001,18150
2014-02-28,75.599998,77.040001,75.160004,76.959999,76.959999,21275
2014-03-03,78.480003,78.720001,77.360001,78.040001,78.040001,51550
2014-03-04,75.519997,76.599998,75.440002,76.320000,76.320000,33275
2014-03-05,76.000000,76.519997,75.559998,76.080002,76.080002,16425
2014-03-06,76.120003,76.360001,75.599998,75.639999,75.639999,9500
2014-03-07,75.279999,76.480003,75.199997,76.120003,76.120003,10575
2014-03-10,76.680000,76.959999,75.760002,75.760002,75.760002,46850
2014-03-11,76.480003,77.199997,75.919998,76.480003,76.480003,20175
2014-03-12,77.080002,77.680000,76.680000,76.760002,76.760002,9325
2014-03-13,76.760002,78.400002,76.760002,77.720001,77.720001,23550
2014-03-14,78.360001,78.800003,77.320000,77.400002,77.400002,24300
2014-03-17,77.080002,77.080002,75.720001,76.040001,76.040001,21975
2014-03-18,75.279999,75.800003,74.800003,75.160004,75.160004,15800
2014-03-19,75.599998,76.279999,74.639999,75.360001,75.360001,6925
2014-03-20,75.360001,75.760002,74.680000,74.760002,74.760002,8875
2014-03-21,74.800003,75.720001,74.800003,75.400002,75.400002,35225
2014-03-24,75.199997,76.239998,75.199997,75.519997,75.519997,8300
2014-03-25,75.080002,75.720001,75.080002,75.279999,75.279999,2625
2014-03-26,75.080002,76.320000,75.040001,76.320000,76.320000,10250
2014-03-27,76.480003,76.480003,75.400002,75.720001,75.720001,3400
2014-03-28,75.320000,76.000000,75.320000,75.440002,75.440002,5100
2014-03-31,75.239998,75.239998,73.839996,74.000000,74.000000,15100
2014-04-01,73.599998,73.599998,72.639999,72.680000,72.680000,46225
2014-04-02,72.400002,73.040001,72.400002,72.839996,72.839996,37975
2014-04-03,72.760002,73.320000,72.480003,72.480003,72.480003,8150
2014-04-04,71.760002,73.400002,71.559998,73.120003,73.120003,17750
2014-04-07,73.199997,74.320000,73.120003,73.879997,73.879997,22550
2014-04-08,73.440002,73.559998,72.519997,72.919998,72.919998,6125
2014-04-09,72.599998,73.000000,72.040001,72.199997,72.199997,12175
2014-04-10,72.400002,74.120003,72.400002,73.959999,73.959999,19975
2014-04-11,74.040001,74.279999,73.279999,74.040001,74.040001,22950
2014-04-14,73.919998,74.720001,73.360001,73.720001,73.720001,16650
2014-04-15,73.959999,76.080002,73.680000,74.199997,74.199997,11125
2014-04-16,73.400002,73.879997,72.320000,72.320000,72.320000,9175
2014-04-17,72.839996,73.199997,72.239998,72.639999,72.639999,39700
2014-04-21,72.639999,72.639999,72.160004,72.360001,72.360001,10425
2014-04-22,72.559998,72.720001,72.279999,72.480003,72.480003,26825
2014-04-23,72.839996,73.080002,72.559998,72.760002,72.760002,4825
2014-04-24,72.480003,73.320000,72.480003,72.879997,72.879997,12225
2014-04-25,73.279999,73.559998,72.879997,73.040001,73.040001,4775
2014-04-28,72.680000,73.080002,72.160004,72.199997,72.199997,6075
2014-04-29,71.919998,72.120003,71.360001,71.360001,71.360001,13500
2014-04-30,71.599998,71.800003,71.160004,71.480003,71.480003,5300
2014-05-01,71.440002,71.599998,71.199997,71.480003,71.480003,3175
2014-05-02,72.000000,72.239998,71.760002,72.000000,72.000000,10125
2014-05-05,72.360001,72.360001,71.239998,71.239998,71.239998,119000
2014-05-06,71.279999,71.800003,70.080002,71.800003,71.800003,3475
2014-05-07,71.239998,71.760002,70.720001,70.720001,70.720001,16650
2014-05-08,70.959999,70.959999,69.879997,70.559998,70.559998,9950
2014-05-09,71.000000,71.000000,69.760002,69.839996,69.839996,3000
2014-05-12,69.279999,69.480003,68.760002,69.040001,69.040001,10775
2014-05-13,68.839996,69.120003,68.720001,69.120003,69.120003,20150
2014-05-14,69.160004,69.599998,69.040001,69.559998,69.559998,11650
2014-05-15,69.720001,70.279999,69.400002,69.400002,69.400002,8025
2014-05-16,69.360001,69.639999,68.720001,68.800003,68.800003,7600
2014-05-19,69.000000,69.000000,68.000000,68.040001,68.040001,13225
2014-05-20,68.160004,68.839996,67.800003,68.080002,68.080002,27425
2014-05-21,67.760002,68.080002,67.519997,67.720001,67.720001,25825
2014-05-22,67.400002,68.440002,67.400002,68.360001,68.360001,23750
2014-05-23,68.440002,68.440002,68.080002,68.440002,68.440002,10925
2014-05-27,67.599998,67.919998,67.400002,67.839996,67.839996,6425
2014-05-28,67.559998,68.000000,67.320000,67.919998,67.919998,19425
2014-05-29,67.839996,68.239998,67.680000,68.120003,68.120003,11575
2014-05-30,68.320000,68.879997,68.120003,68.519997,68.519997,21875
2014-06-02,68.800003,69.040001,68.480003,68.599998,68.599998,6325
2014-06-03,69.080002,69.080002,68.199997,68.279999,68.279999,13500
2014-06-04,68.360001,68.480003,67.400002,67.559998,67.559998,10425
2014-06-05,67.400002,67.400002,66.239998,66.279999,66.279999,15150
2014-06-06,65.680000,65.680000,63.840000,64.440002,64.440002,45375
2014-06-09,64.360001,64.919998,63.880001,64.919998,64.919998,15075
2014-06-10,65.239998,65.360001,64.599998,64.639999,64.639999,22750
2014-06-11,65.400002,65.480003,65.000000,65.400002,65.400002,26950
2014-06-12,65.400002,67.120003,65.199997,66.639999,66.639999,28525
2014-06-13,66.360001,66.800003,65.279999,65.480003,65.480003,5200
2014-06-16,65.959999,65.959999,65.559998,65.639999,65.639999,8150
2014-06-17,65.320000,65.639999,64.800003,64.919998,64.919998,25225
2014-06-18,64.720001,65.080002,63.200001,63.200001,63.200001,39275
2014-06-19,63.080002,63.840000,62.880001,63.680000,63.680000,45875
2014-06-20,63.119999,64.040001,63.119999,64.000000,64.000000,7675
2014-06-23,63.720001,64.040001,63.160000,63.320000,63.320000,55350
2014-06-24,63.720001,64.160004,63.119999,63.759998,63.759998,28650
2014-06-25,63.919998,64.120003,62.599998,62.599998,62.599998,9200
2014-06-26,62.759998,63.439999,62.320000,62.400002,62.400002,10725
2014-06-27,62.720001,62.799999,62.400002,62.400002,62.400002,26550
2014-06-30,62.279999,62.279999,61.599998,61.880001,61.880001,4425
2014-07-01,61.320000,61.320000,60.720001,60.919998,60.919998,4775
2014-07-02,60.599998,60.680000,60.200001,60.360001,60.360001,6625
2014-07-03,59.799999,59.840000,59.480000,59.599998,59.599998,7550
2014-07-07,60.000000,60.680000,59.680000,60.639999,60.639999,66850
2014-07-08,60.840000,61.759998,60.720001,60.799999,60.799999,15350
2014-07-09,60.520000,60.599998,59.799999,59.919998,59.919998,8500
2014-07-10,61.240002,61.240002,60.160000,60.360001,60.360001,88275
2014-07-11,60.279999,60.400002,59.840000,59.840000,59.840000,17525
2014-07-14,59.320000,59.439999,58.840000,58.880001,58.880001,9500
2014-07-15,58.880001,59.400002,58.840000,59.040001,59.040001,26775
2014-07-16,58.279999,59.480000,58.279999,58.880001,58.880001,14125
2014-07-17,59.160000,61.919998,59.000000,60.880001,60.880001,8625
2014-07-18,59.720001,59.720001,58.599998,58.799999,58.799999,26875
2014-07-21,59.040001,59.599998,58.840000,59.400002,59.400002,6350
2014-07-22,58.200001,59.119999,58.200001,59.080002,59.080002,4450
2014-07-23,59.080002,59.759998,59.040001,59.759998,59.759998,8450
2014-07-24,59.400002,60.040001,59.400002,59.759998,59.759998,3750
2014-07-25,59.959999,60.560001,59.840000,60.360001,60.360001,11700
2014-07-28,60.200001,60.599998,59.959999,60.040001,60.040001,8275
2014-07-29,60.000000,60.119999,59.279999,59.599998,59.599998,5525
2014-07-30,59.160000,60.119999,59.000000,60.000000,60.000000,9250
2014-07-31,60.759998,62.599998,60.680000,62.119999,62.119999,66550
2014-08-01,61.759998,64.000000,61.240002,63.880001,63.880001,79025
2014-08-04,63.480000,64.199997,62.119999,62.520000,62.520000,76100
2014-08-05,62.959999,65.239998,62.799999,65.120003,65.120003,14500
2014-08-06,65.400002,65.680000,64.000000,65.680000,65.680000,56350
2014-08-07,64.879997,67.199997,64.559998,66.919998,66.919998,17825
2014-08-08,66.239998,67.199997,65.160004,65.320000,65.320000,7575
2014-08-11,64.879997,65.000000,63.360001,64.120003,64.120003,12775
2014-08-12,64.120003,64.199997,63.040001,64.199997,64.199997,3975
2014-08-13,63.200001,63.520000,61.919998,62.160000,62.160000,20200
2014-08-14,61.680000,61.720001,60.720001,61.119999,61.119999,12375
2014-08-15,60.599998,62.320000,60.240002,60.599998,60.599998,34000
2014-08-18,59.520000,59.599998,59.000000,59.080002,59.080002,19300
2014-08-19,58.959999,58.959999,58.560001,58.639999,58.639999,3775
2014-08-20,58.880001,59.360001,58.279999,58.560001,58.560001,16475
2014-08-21,58.799999,59.439999,58.799999,59.360001,59.360001,31475
2014-08-22,59.279999,59.759998,58.880001,59.320000,59.320000,6450
2014-08-25,58.599998,59.040001,58.480000,58.959999,58.959999,3000
2014-08-26,58.799999,59.720001,58.639999,59.720001,59.720001,16725
2014-08-27,59.880001,60.360001,59.599998,60.240002,60.240002,4525
2014-08-28,61.240002,61.240002,59.959999,60.680000,60.680000,5925
2014-08-29,60.320000,60.680000,59.959999,60.080002,60.080002,5000
2014-09-02,60.240002,60.520000,59.959999,60.520000,60.520000,3725
2014-09-03,60.000000,60.520000,60.000000,60.360001,60.360001,11475
2014-09-04,59.799999,60.439999,59.400002,60.080002,60.080002,8175
2014-09-05,60.040001,60.439999,59.119999,59.279999,59.279999,2950
2014-09-08,59.639999,59.639999,59.119999,59.119999,59.119999,2375
2014-09-09,59.520000,59.799999,59.200001,59.560001,59.560001,39225
2014-09-10,59.759998,60.160000,59.200001,59.320000,59.320000,7950
2014-09-11,60.000000,60.240002,59.599998,59.639999,59.639999,21725
2014-09-12,59.560001,60.599998,59.560001,60.040001,60.040001,7075
2014-09-15,60.200001,61.119999,60.200001,60.959999,60.959999,6400
2014-09-16,61.240002,61.320000,59.480000,59.759998,59.759998,6475
2014-09-17,59.720001,59.919998,58.959999,59.680000,59.680000,11650
2014-09-18,59.560001,59.759998,59.279999,59.599998,59.599998,13175
2014-09-19,59.200001,60.040001,59.200001,59.599998,59.599998,8450
2014-09-22,60.000000,60.560001,60.000000,60.320000,60.320000,6500
2014-09-23,61.000000,61.400002,60.599998,61.400002,61.400002,8525
2014-09-24,61.320000,61.560001,60.599998,60.799999,60.799999,10900
2014-09-25,61.480000,62.599998,61.480000,62.480000,62.480000,39550
2014-09-26,62.320000,62.520000,61.320000,61.720001,61.720001,5775
2014-09-29,63.279999,63.720001,62.240002,63.360001,63.360001,29050
2014-09-30,63.360001,64.120003,62.959999,63.880001,63.880001,6600
2014-10-01,64.400002,66.199997,64.000000,65.720001,65.720001,115250
2014-10-02,65.160004,65.639999,63.799999,64.599998,64.599998,17750
2014-10-03,63.439999,63.639999,62.000000,62.240002,62.240002,20350
2014-10-06,61.360001,63.160000,61.320000,63.160000,63.160000,24950
2014-10-07,64.000000,65.400002,63.599998,65.279999,65.279999,13575
2014-10-08,65.239998,65.400002,61.959999,62.080002,62.080002,33125
2014-10-09,62.560001,64.680000,62.240002,64.480003,64.480003,15700
2014-10-10,64.559998,67.599998,64.040001,67.599998,67.599998,26300
2014-10-13,67.360001,71.480003,66.879997,71.360001,71.360001,30600
2014-10-14,69.720001,71.559998,68.160004,70.480003,70.480003,15175
2014-10-15,72.000000,74.559998,70.559998,70.879997,70.879997,81625
2014-10-16,75.199997,75.199997,71.080002,71.760002,71.760002,121825
2014-10-17,68.400002,70.360001,67.800003,69.320000,69.320000,23575
2014-10-20,69.839996,70.000000,68.120003,68.199997,68.199997,11925
2014-10-21,67.360001,67.440002,65.760002,65.879997,65.879997,12375
2014-10-22,65.599998,68.120003,65.320000,67.959999,67.959999,43925
2014-10-23,65.800003,66.639999,65.120003,66.040001,66.040001,98325
2014-10-24,65.599998,67.160004,65.120003,65.160004,65.160004,57950
2014-10-27,65.959999,66.519997,64.160004,64.239998,64.239998,3225
2014-10-28,63.759998,63.919998,61.720001,61.799999,61.799999,11550
2014-10-29,62.080002,63.360001,61.840000,62.000000,62.000000,18450
2014-10-30,62.720001,63.240002,61.439999,63.000000,63.000000,5825
2014-10-31,61.639999,62.759998,61.639999,62.400002,62.400002,13975
2014-11-03,62.400002,63.520000,62.279999,63.320000,63.320000,11050
2014-11-04,63.320000,64.480003,62.840000,63.119999,63.119999,5475
2014-11-05,62.320000,63.320000,62.320000,63.000000,63.000000,5600
2014-11-06,62.529999,63.160000,61.549999,61.639999,61.639999,9700
2014-11-07,61.189999,61.959999,61.099998,61.139999,61.139999,8300
2014-11-10,61.139999,61.139999,59.770000,59.830002,59.830002,9200
2014-11-11,59.599998,60.380001,59.529999,59.529999,59.529999,7200
2014-11-12,59.889999,60.099998,59.750000,59.880001,59.880001,8200
2014-11-13,60.180000,61.779999,59.689999,60.669998,60.669998,13500
2014-11-14,60.759998,61.110001,60.099998,60.180000,60.180000,14700
2014-11-17,60.700001,60.700001,60.049999,60.180000,60.180000,8300
2014-11-18,59.799999,60.180000,59.509998,60.009998,60.009998,18200
2014-11-19,60.619999,61.049999,60.299999,60.509998,60.509998,5300
2014-11-20,61.250000,61.419998,60.980000,61.139999,61.139999,6500
2014-11-21,60.430000,61.130001,60.330002,61.029999,61.029999,16300
2014-11-24,60.509998,60.840000,60.320000,60.830002,60.830002,10800
2014-11-25,60.599998,61.360001,60.599998,61.360001,61.360001,12900
2014-11-26,61.029999,61.240002,60.700001,60.820000,60.820000,4000
2014-11-28,60.919998,61.029999,60.480000,60.540001,60.540001,15900
2014-12-01,61.400002,62.240002,61.200001,62.020000,62.020000,14900
2014-12-02,61.630001,61.810001,60.660000,60.759998,60.759998,8700
2014-12-03,60.150002,60.150002,59.520000,59.590000,59.590000,16700
2014-12-04,60.080002,60.959999,59.669998,60.020000,60.020000,10700
2014-12-05,59.790001,59.950001,59.049999,59.759998,59.759998,11100
2014-12-08,60.139999,61.230000,59.470001,60.849998,60.849998,61500
2014-12-09,62.430000,62.560001,60.630001,60.919998,60.919998,15100
2014-12-10,61.290001,63.330002,61.209999,63.220001,63.220001,22400
2014-12-11,63.340000,65.900002,61.779999,65.849998,65.849998,82200
2014-12-12,67.459999,67.750000,65.879997,67.699997,67.699997,50500
2014-12-15,66.129997,67.849998,65.190002,66.919998,66.919998,38400
2014-12-16,67.699997,68.190002,64.910004,67.989998,67.989998,17200
2014-12-17,68.680000,68.680000,63.430000,63.730000,63.730000,70500
2014-12-18,62.430000,63.889999,62.049999,62.340000,62.340000,41600
2014-12-19,61.980000,62.279999,61.450001,61.869999,61.869999,22400
2014-12-22,60.939999,61.209999,60.259998,60.320000,60.320000,13900
2014-12-23,60.340000,61.540001,60.340000,61.290001,61.290001,13900
2014-12-24,60.919998,60.970001,60.639999,60.930000,60.930000,10300
2014-12-26,60.689999,61.509998,60.480000,61.509998,61.509998,6400
2014-12-29,61.180000,61.180000,60.500000,60.930000,60.930000,5700
2014-12-30,61.139999,62.139999,61.139999,61.299999,61.299999,63000
2014-12-31,61.650002,64.239998,61.590000,63.889999,63.889999,39400
2015-01-02,62.840000,65.239998,62.840000,63.369999,63.369999,10000
2015-01-05,64.190002,67.019997,64.190002,66.599998,66.599998,32800
2015-01-06,66.169998,68.150002,65.669998,66.900002,66.900002,114600
2015-01-07,65.529999,66.139999,65.019997,65.250000,65.250000,15500
2015-01-08,63.810001,63.860001,62.410000,62.560001,62.560001,30300
2015-01-09,62.939999,64.599998,62.939999,64.550003,64.550003,22300
2015-01-12,66.160004,66.550003,65.480003,65.870003,65.870003,14300
2015-01-13,64.599998,67.180000,64.320000,66.930000,66.930000,19900
2015-01-14,67.110001,67.980003,66.599998,66.949997,66.949997,81100
2015-01-15,66.330002,67.720001,66.089996,67.669998,67.669998,9600
2015-01-16,67.879997,69.000000,66.709999,67.309998,67.309998,36400
2015-01-20,66.800003,68.400002,66.800003,67.540001,67.540001,8200
2015-01-21,67.879997,68.269997,66.029999,66.160004,66.160004,6800
2015-01-22,64.889999,66.239998,63.549999,63.720001,63.720001,73700
2015-01-23,63.830002,64.720001,63.430000,64.720001,64.720001,6900
2015-01-26,64.769997,64.870003,63.389999,63.480000,63.480000,40200
2015-01-27,64.540001,64.779999,63.639999,64.580002,64.580002,9900
2015-01-28,64.209999,67.720001,64.209999,67.720001,67.720001,63600
2015-01-29,67.239998,68.250000,65.680000,65.680000,65.680000,15200
2015-01-30,66.239998,68.820000,66.239998,68.760002,68.760002,6500
2015-02-02,67.480003,69.260002,66.720001,66.720001,66.720001,22700
2015-02-03,66.129997,66.839996,65.529999,65.839996,65.839996,18400
2015-02-04,66.379997,67.199997,65.500000,67.199997,67.199997,8400
2015-02-05,66.129997,66.349998,65.510002,65.730003,65.730003,5900
2015-02-06,65.419998,67.599998,65.220001,67.349998,67.349998,7200
2015-02-09,67.970001,68.250000,67.309998,67.620003,67.620003,13100
2015-02-10,66.919998,67.419998,66.599998,66.599998,66.599998,2300
2015-02-11,67.199997,67.199997,66.629997,66.629997,66.629997,2000
2015-02-12,65.589996,65.589996,64.120003,64.120003,64.120003,4800
2015-02-13,64.040001,64.620003,63.820000,63.820000,63.820000,3300
2015-02-17,64.080002,64.500000,63.410000,64.290001,64.290001,14500
2015-02-18,64.430000,64.519997,63.860001,63.980000,63.980000,2600
2015-02-19,64.529999,64.529999,63.950001,64.349998,64.349998,2600
2015-02-20,64.750000,65.099998,62.840000,63.220001,63.220001,9700
2015-02-23,63.490002,63.650002,63.029999,63.369999,63.369999,4500
2015-02-24,62.919998,62.919998,61.400002,61.400002,61.400002,9100
2015-02-25,61.700001,61.779999,60.500000,61.779999,61.779999,5400
2015-02-26,61.610001,62.209999,60.779999,61.380001,61.380001,33500
2015-02-27,60.990002,61.270000,60.480000,60.889999,60.889999,29100
2015-03-02,60.750000,60.820000,59.880001,59.889999,59.889999,16100
2015-03-03,60.060001,60.970001,59.799999,60.180000,60.180000,13800
2015-03-04,60.650002,61.250000,60.070000,60.279999,60.279999,117000
2015-03-05,59.869999,60.259998,59.669998,59.790001,59.790001,22900
2015-03-06,59.660000,61.119999,59.619999,60.750000,60.750000,17000
2015-03-09,60.029999,60.540001,59.990002,60.110001,60.110001,3300
2015-03-10,61.349998,62.209999,61.279999,61.740002,61.740002,74500
2015-03-11,62.150002,62.610001,61.660000,62.509998,62.509998,23000
2015-03-12,61.590000,61.630001,60.599998,60.599998,60.599998,11500
2015-03-13,61.279999,62.360001,61.009998,61.619999,61.619999,9000
2015-03-16,60.790001,60.790001,60.130001,60.610001,60.610001,7200
2015-03-17,61.130001,61.430000,60.810001,60.919998,60.919998,8500
2015-03-18,61.240002,61.630001,59.400002,59.740002,59.740002,17100
2015-03-19,60.549999,61.049999,59.990002,60.439999,60.439999,6100
2015-03-20,59.900002,60.810001,59.450001,60.810001,60.810001,7000
2015-03-23,60.290001,60.360001,59.799999,60.360001,60.360001,10600
2015-03-24,60.180000,60.400002,59.599998,60.250000,60.250000,13300
2015-03-25,60.630001,61.880001,60.570000,61.840000,61.840000,30100
2015-03-26,62.099998,62.299999,61.040001,61.680000,61.680000,10300
2015-03-27,61.029999,61.189999,60.779999,61.009998,61.009998,2300
2015-03-30,60.130001,60.650002,60.029999,60.509998,60.509998,3700
2015-03-31,60.820000,61.470001,60.810001,61.090000,61.090000,3600
2015-04-01,61.200001,62.139999,61.200001,61.500000,61.500000,10400
2015-04-02,61.369999,61.540001,61.180000,61.490002,61.490002,4900
2015-04-06,61.610001,61.610001,60.119999,60.349998,60.349998,5600
2015-04-07,59.889999,60.369999,59.889999,60.369999,60.369999,2800
2015-04-08,59.799999,60.160000,59.610001,59.790001,59.790001,10500
2015-04-09,60.070000,60.529999,59.349998,59.349998,59.349998,7100
2015-04-10,59.000000,59.000000,57.689999,57.730000,57.730000,9400
2015-04-13,57.520000,58.650002,56.919998,58.540001,58.540001,10700
2015-04-14,58.439999,59.000000,58.439999,58.790001,58.790001,4000
2015-04-15,58.310001,58.459999,57.880001,58.389999,58.389999,7100
2015-04-16,58.419998,58.549999,57.709999,58.299999,58.299999,9400
2015-04-17,58.599998,59.730000,58.599998,58.959999,58.959999,8000
2015-04-20,58.200001,58.290001,58.090000,58.090000,58.090000,7600
2015-04-21,57.660000,58.380001,57.630001,57.939999,57.939999,8200
2015-04-22,57.900002,58.299999,57.660000,57.860001,57.860001,2500
2015-04-23,57.869999,57.869999,57.380001,57.419998,57.419998,2900
2015-04-24,57.320000,57.529999,57.320000,57.400002,57.400002,3200
2015-04-27,57.240002,58.139999,57.080002,57.959999,57.959999,5800
2015-04-28,58.299999,58.869999,56.959999,56.980000,56.980000,6200
2015-04-29,57.549999,57.939999,57.200001,57.669998,57.669998,6500
2015-04-30,57.849998,58.880001,57.849998,58.130001,58.130001,11600
2015-05-01,57.799999,57.799999,56.880001,57.009998,57.009998,6600
2015-05-04,56.799999,57.160000,56.619999,57.049999,57.049999,2800
2015-05-05,57.209999,57.759998,57.209999,57.619999,57.619999,3200
2015-05-06,57.759998,59.000000,57.740002,57.849998,57.849998,6400
2015-05-07,58.049999,58.240002,57.419998,57.650002,57.650002,10800
2015-05-08,56.639999,56.939999,56.130001,56.560001,56.560001,9000
2015-05-11,56.840000,57.459999,56.590000,57.459999,57.459999,3900
2015-05-12,57.880001,58.110001,57.230000,57.230000,57.230000,4000
2015-05-13,56.930000,57.180000,56.799999,56.799999,56.799999,2700
2015-05-14,56.599998,56.599998,56.419998,56.549999,56.549999,2300
2015-05-15,56.459999,56.480000,56.040001,56.040001,56.040001,2100
2015-05-18,56.160000,56.160000,54.790001,55.169998,55.169998,5900
2015-05-19,54.720001,54.889999,54.259998,54.540001,54.540001,4400
2015-05-20,54.610001,54.720001,54.320000,54.570000,54.570000,3800
2015-05-21,54.410000,54.419998,53.980000,54.090000,54.090000,2100
2015-05-22,54.000000,54.000000,53.849998,53.910000,53.910000,1100
2015-05-26,54.750000,55.299999,54.669998,54.880001,54.880001,19200
2015-05-27,54.540001,54.540001,53.759998,54.099998,54.099998,3500
2015-05-28,54.470001,54.590000,54.270000,54.419998,54.419998,2300
2015-05-29,54.419998,54.930000,54.330002,54.599998,54.599998,4100
2015-06-01,54.209999,54.680000,54.139999,54.230000,54.230000,4300
2015-06-02,54.650002,54.869999,54.330002,54.720001,54.720001,3400
2015-06-03,54.730000,54.730000,54.389999,54.619999,54.619999,3400
2015-06-04,54.950001,55.500000,54.770000,55.130001,55.130001,4400
2015-06-05,55.430000,55.490002,54.959999,54.959999,54.959999,2300
2015-06-08,55.290001,55.740002,55.230000,55.650002,55.650002,11000
2015-06-09,55.619999,55.770000,55.130001,55.450001,55.450001,7300
2015-06-10,55.180000,55.180000,54.270000,54.330002,54.330002,4400
2015-06-11,53.799999,54.060001,53.459999,53.669998,53.669998,9100
2015-06-12,54.250000,54.270000,53.790001,53.869999,53.869999,43000
2015-06-15,54.410000,54.759998,54.090000,54.759998,54.759998,6000
2015-06-16,54.980000,55.290001,54.250000,54.250000,54.250000,4200
2015-06-17,54.130001,55.160000,54.130001,54.180000,54.180000,4200
2015-06-18,53.730000,53.959999,53.279999,53.959999,53.959999,65900
2015-06-19,53.770000,54.119999,53.700001,53.849998,53.849998,11300
2015-06-22,53.290001,53.290001,52.650002,52.720001,52.720001,8800
2015-06-23,52.599998,52.599998,52.230000,52.320000,52.320000,4500
2015-06-24,52.240002,52.529999,51.980000,52.480000,52.480000,5600
2015-06-25,52.459999,52.630001,51.959999,52.450001,52.450001,7300
2015-06-26,52.119999,52.490002,51.799999,52.000000,52.000000,3600
2015-06-29,52.880001,55.439999,52.880001,54.860001,54.860001,31800
2015-06-30,53.439999,55.810001,53.439999,54.310001,54.310001,45900
2015-07-01,53.000000,54.119999,52.540001,52.540001,52.540001,6700
2015-07-02,52.840000,54.250000,52.840000,53.720001,53.720001,6600
2015-07-06,54.990002,55.500000,54.400002,54.810001,54.810001,14200
2015-07-07,55.490002,56.230000,53.880001,53.880001,53.880001,16600
2015-07-08,54.590000,55.970001,54.380001,55.880001,55.880001,17000
2015-07-09,54.000000,55.959999,54.000000,55.919998,55.919998,12600
2015-07-10,54.700001,55.509998,54.099998,54.189999,54.189999,53800
2015-07-13,52.790001,52.860001,52.009998,52.090000,52.090000,11200
2015-07-14,52.160000,52.290001,51.540001,52.279999,52.279999,6200
2015-07-15,51.880001,52.639999,51.610001,52.130001,52.130001,7600
2015-07-16,51.119999,51.139999,50.650002,50.650002,50.650002,16300
2015-07-17,50.580002,50.730000,50.380001,50.540001,50.540001,4300
2015-07-20,50.459999,50.509998,49.990002,50.419998,50.419998,13600
2015-07-21,50.130001,50.820000,50.130001,50.410000,50.410000,13200
2015-07-22,50.810001,51.040001,50.650002,50.770000,50.770000,9700
2015-07-23,50.799999,51.500000,50.570000,51.000000,51.000000,7300
2015-07-24,50.980000,51.500000,50.630001,51.270000,51.270000,28900
2015-07-27,52.279999,52.580002,51.790001,51.990002,51.990002,6100
2015-07-28,51.220001,51.840000,50.509998,50.759998,50.759998,13300
2015-07-29,50.599998,50.750000,50.270000,50.750000,50.750000,16000
2015-07-30,50.770000,51.049999,50.650002,50.880001,50.880001,4200
2015-07-31,50.599998,50.970001,50.330002,50.560001,50.560001,12200
2015-08-03,50.639999,51.080002,49.889999,49.889999,49.889999,30500
2015-08-04,49.910000,50.209999,49.759998,49.990002,49.990002,7300
2015-08-05,49.889999,50.130001,49.490002,50.029999,50.029999,7000
2015-08-06,50.000000,51.180000,49.980000,50.549999,50.549999,7900
2015-08-07,50.779999,50.970001,50.080002,50.110001,50.110001,7500
2015-08-10,49.299999,49.669998,49.070000,49.669998,49.669998,9900
2015-08-11,50.389999,51.020000,50.290001,50.380001,50.380001,11200
2015-08-12,51.730000,51.970001,50.410000,50.580002,50.580002,49400
2015-08-13,50.560001,50.590000,50.000000,50.290001,50.290001,6900
2015-08-14,49.919998,50.060001,49.639999,49.680000,49.680000,10300
2015-08-17,49.830002,49.910000,49.650002,49.750000,49.750000,11500
2015-08-18,49.959999,50.340000,49.959999,50.150002,50.150002,5900
2015-08-19,50.459999,50.950001,50.169998,50.320000,50.320000,8000
2015-08-20,51.619999,52.060001,51.200001,51.869999,51.869999,24600
2015-08-21,52.619999,53.720001,52.090000,53.549999,53.549999,51000
2015-08-24,60.450001,61.840000,55.299999,58.160000,58.160000,203800
2015-08-25,56.450001,61.669998,56.400002,61.669998,61.669998,72200
2015-08-26,58.910000,61.599998,58.169998,58.529999,58.529999,62900
2015-08-27,56.549999,59.790001,56.340000,58.910000,58.910000,24300
2015-08-28,59.900002,63.119999,59.900002,62.020000,62.020000,19800
2015-08-31,62.220001,63.770000,62.049999,63.439999,63.439999,32300
2015-09-01,64.070000,70.769997,64.070000,69.629997,69.629997,111800
2015-09-02,67.480003,69.320000,66.730003,66.730003,66.730003,28000
2015-09-03,64.730003,67.900002,64.570000,67.199997,67.199997,8200
2015-09-04,68.540001,69.959999,68.230003,68.660004,68.660004,10500
2015-09-08,67.129997,67.910004,66.449997,66.449997,66.449997,14400
2015-09-09,64.379997,66.930000,64.379997,66.739998,66.739998,26400
2015-09-10,68.199997,68.199997,66.320000,66.320000,66.320000,10400
2015-09-11,66.150002,66.550003,65.309998,65.320000,65.320000,2800
2015-09-14,65.879997,66.589996,65.559998,65.570000,65.570000,8700
2015-09-15,64.419998,64.419998,61.220001,61.259998,61.259998,6500
2015-09-16,59.740002,59.990002,58.360001,58.380001,58.380001,9300
2015-09-17,58.320000,58.630001,55.320000,57.070000,57.070000,168900
2015-09-18,58.779999,61.720001,58.779999,61.230000,61.230000,106100
2015-09-21,60.230000,61.070000,59.529999,60.169998,60.169998,7100
2015-09-22,60.799999,62.709999,60.799999,61.270000,61.270000,64200
2015-09-23,61.250000,61.250000,59.849998,60.220001,60.220001,3700
2015-09-24,62.080002,62.900002,60.959999,61.169998,61.169998,69700
2015-09-25,60.180000,62.380001,59.869999,62.160000,62.160000,12500
2015-09-28,63.349998,65.050003,63.349998,63.959999,63.959999,122400
2015-09-29,64.010002,65.000000,63.540001,64.809998,64.809998,56800
2015-09-30,63.410000,64.050003,63.189999,63.439999,63.439999,35500
2015-10-01,63.509998,64.150002,63.340000,63.340000,63.340000,10800
2015-10-02,63.980000,63.980000,61.200001,61.200001,61.200001,83000
2015-10-05,60.400002,60.400002,58.400002,58.400002,58.400002,110500
2015-10-06,58.360001,59.509998,57.939999,59.130001,59.130001,10100
2015-10-07,58.529999,59.560001,58.259998,58.299999,58.299999,20500
2015-10-08,57.910000,58.509998,56.029999,56.810001,56.810001,8200
2015-10-09,56.689999,57.759998,56.689999,57.029999,57.029999,2100
2015-10-12,57.139999,57.139999,54.959999,54.980000,54.980000,8100
2015-10-13,54.830002,56.919998,54.830002,56.910000,56.910000,7900
2015-10-14,57.680000,58.410000,57.680000,57.950001,57.950001,93000
2015-10-15,57.009998,57.009998,55.040001,55.080002,55.080002,7400
2015-10-16,54.540001,55.389999,54.540001,54.990002,54.990002,5100
2015-10-19,54.779999,55.180000,53.040001,53.070000,53.070000,14700
2015-10-20,52.950001,53.840000,52.900002,53.790001,53.790001,8700
2015-10-21,53.720001,56.009998,53.720001,56.009998,56.009998,4800
2015-10-22,55.419998,55.549999,53.189999,53.189999,53.189999,8200
2015-10-23,52.400002,53.320000,52.009998,53.070000,53.070000,131500
2015-10-26,53.590000,54.410000,53.590000,54.389999,54.389999,3200
2015-10-27,54.580002,54.750000,53.709999,53.799999,53.799999,10400
2015-10-28,53.540001,53.790001,53.020000,53.020000,53.020000,1900
2015-10-29,53.470001,53.730000,53.279999,53.279999,53.279999,3200
2015-10-30,53.849998,53.860001,53.080002,53.860001,53.860001,6300
2015-11-02,53.599998,53.619999,51.900002,51.990002,51.990002,24300
2015-11-03,52.570000,52.770000,52.270000,52.770000,52.770000,3500
2015-11-04,53.590000,54.009998,53.380001,53.380001,53.380001,28000
2015-11-05,53.500000,54.000000,52.959999,52.980000,52.980000,12900
2015-11-06,53.360001,53.410000,52.520000,52.520000,52.520000,2200
2015-11-09,52.610001,53.810001,52.610001,53.459999,53.459999,7200
2015-11-10,53.639999,53.950001,52.799999,53.060001,53.060001,83600
2015-11-11,53.340000,53.380001,52.680000,53.360001,53.360001,1300
2015-11-12,54.279999,56.119999,53.910000,56.119999,56.119999,8900
2015-11-13,56.419998,58.209999,56.419998,58.209999,58.209999,62200
2015-11-16,58.169998,58.169998,54.919998,54.919998,54.919998,8600
2015-11-17,54.369999,56.430000,53.610001,56.000000,56.000000,18400
2015-11-18,54.660000,54.980000,54.040001,54.040001,54.040001,212700
2015-11-19,54.230000,55.630001,54.230000,55.360001,55.360001,8000
2015-11-20,54.639999,55.070000,54.430000,55.070000,55.070000,29700
2015-11-23,54.889999,55.009998,54.090000,54.090000,54.090000,4300
2015-11-24,54.330002,55.119999,54.310001,54.980000,54.980000,10900
2015-11-25,54.830002,54.830002,54.279999,54.639999,54.639999,2400
2015-11-27,54.250000,54.250000,54.250000,54.250000,54.250000,200
2015-11-30,54.380001,54.439999,53.849998,53.860001,53.860001,5200
2015-12-01,53.580002,53.580002,52.639999,52.660000,52.660000,14300
2015-12-02,52.180000,53.560001,52.000000,53.430000,53.430000,4100
2015-12-03,53.480000,55.360001,53.459999,54.650002,54.650002,47800
2015-12-04,53.900002,53.910000,52.900002,52.900002,52.900002,3600
2015-12-07,53.599998,54.529999,53.480000,53.480000,53.480000,22600
2015-12-08,54.669998,54.720001,53.400002,54.060001,54.060001,30400
2015-12-09,54.400002,55.790001,53.709999,55.060001,55.060001,5400
2015-12-10,55.029999,55.540001,54.700001,55.430000,55.430000,7900
2015-12-11,56.700001,59.660000,56.700001,59.220001,59.220001,44900
2015-12-14,59.220001,60.700001,56.540001,56.689999,56.689999,30200
2015-12-15,55.810001,57.049999,55.490002,55.599998,55.599998,32400
2015-12-16,54.279999,55.299999,53.070000,53.720001,53.720001,13900
2015-12-17,54.259998,55.750000,54.099998,54.799999,54.799999,13800
2015-12-18,55.750000,57.349998,55.509998,57.290001,57.290001,21900
2015-12-21,56.160000,57.070000,56.160000,56.189999,56.189999,5700
2015-12-22,55.180000,55.180000,54.439999,54.549999,54.549999,9400
2015-12-23,53.750000,54.130001,53.599998,53.910000,53.910000,1600
2015-12-24,54.049999,54.209999,54.049999,54.180000,54.180000,1500
2015-12-28,54.570000,54.950001,53.299999,53.299999,53.299999,14000
2015-12-29,52.700001,52.840000,52.439999,52.660000,52.660000,3500
2015-12-30,53.180000,53.520000,53.060001,53.520000,53.520000,1200
2015-12-31,54.110001,54.139999,53.480000,53.990002,53.990002,2600
2016-01-04,56.029999,56.770000,55.209999,55.560001,55.560001,25200
2016-01-05,54.750000,55.349998,54.389999,54.509998,54.509998,3700
2016-01-06,56.139999,56.139999,54.980000,54.980000,54.980000,49800
2016-01-07,57.119999,57.889999,55.889999,57.150002,57.150002,27200
2016-01-08,57.040001,59.380001,56.910000,59.060001,59.060001,101000
2016-01-11,59.130001,62.209999,58.869999,59.410000,59.410000,38200
2016-01-12,58.250000,59.130001,57.740002,57.740002,57.740002,15700
2016-01-13,57.259998,60.970001,57.259998,60.330002,60.330002,13000
2016-01-14,60.950001,61.590000,58.529999,59.700001,59.700001,38500
2016-01-15,62.500000,63.799999,62.040001,62.880001,62.880001,30300
2016-01-19,62.980000,64.620003,62.669998,63.250000,63.250000,14800
2016-01-20,64.029999,66.910004,63.369999,64.040001,64.040001,59100
2016-01-21,63.630001,64.820000,62.750000,63.770000,63.770000,19900
2016-01-22,61.490002,62.040001,60.700001,60.700001,60.700001,20100
2016-01-25,60.860001,61.900002,60.180000,61.869999,61.869999,5500
2016-01-26,61.349998,61.349998,60.060001,60.380001,60.380001,16200
2016-01-27,60.450001,61.740002,59.500000,61.590000,61.590000,11200
2016-01-28,61.209999,61.209999,60.490002,60.500000,60.500000,6700
2016-01-29,59.500000,59.590000,58.790001,58.790001,58.790001,25500
2016-02-01,58.990002,59.049999,58.099998,58.250000,58.250000,6500
2016-02-02,59.340000,60.459999,59.220001,60.230000,60.230000,15100
2016-02-03,61.430000,61.470001,59.849998,59.970001,59.970001,30900
2016-02-04,60.619999,61.169998,59.849998,60.680000,60.680000,41000
2016-02-05,60.750000,62.790001,60.750000,62.250000,62.250000,83700
2016-02-08,63.750000,65.099998,62.880001,63.389999,63.389999,23000
2016-02-09,64.889999,65.059998,63.349998,63.840000,63.840000,40800
2016-02-10,63.759998,64.269997,62.900002,64.269997,64.269997,3900
2016-02-11,66.419998,68.120003,66.019997,66.660004,66.660004,51800
2016-02-12,66.000000,66.970001,65.779999,66.150002,66.150002,22300
2016-02-16,65.010002,65.599998,64.510002,64.720001,64.720001,19300
2016-02-17,63.869999,64.080002,63.200001,63.270000,63.270000,21300
2016-02-18,63.639999,63.919998,62.810001,63.630001,63.630001,8500
2016-02-19,64.150002,64.410004,62.669998,62.799999,62.799999,8600
2016-02-22,61.680000,61.880001,60.939999,60.939999,60.939999,38500
2016-02-23,61.279999,62.369999,61.000000,61.869999,61.869999,12700
2016-02-24,63.200001,63.689999,61.799999,61.900002,61.900002,11800
2016-02-25,61.740002,61.740002,61.000000,61.000000,61.000000,6000
2016-02-26,60.400002,61.689999,60.380001,61.549999,61.549999,13000
2016-02-29,61.439999,61.820000,60.770000,61.820000,61.820000,2500
2016-03-01,61.320000,61.320000,59.150002,59.150002,59.150002,13100
2016-03-02,59.060001,59.200001,58.369999,58.369999,58.369999,1700
2016-03-03,58.470001,58.509998,56.900002,57.000000,57.000000,20600
2016-03-04,56.900002,57.820000,56.450001,57.650002,57.650002,64700
2016-03-07,58.189999,58.220001,57.200001,57.660000,57.660000,2600
2016-03-08,58.369999,59.000000,57.910000,59.000000,59.000000,19900
2016-03-09,58.980000,59.029999,58.630001,58.720001,58.720001,7500
2016-03-10,57.970001,59.419998,57.320000,58.099998,58.099998,18700
2016-03-11,57.130001,57.259998,56.580002,56.590000,56.590000,41700
2016-03-14,56.910000,56.910000,55.689999,55.930000,55.930000,9400
2016-03-15,56.730000,57.070000,56.459999,56.820000,56.820000,8900
2016-03-16,56.840000,56.869999,55.709999,55.849998,55.849998,5100
2016-03-17,56.310001,56.320000,54.869999,55.259998,55.259998,60000
2016-03-18,54.990002,55.630001,54.599998,55.139999,55.139999,32000
2016-03-21,55.180000,55.570000,54.599998,54.599998,54.599998,23100
2016-03-22,55.029999,55.029999,54.290001,54.369999,54.369999,12500
2016-03-23,54.740002,55.840000,54.740002,55.720001,55.720001,19500
2016-03-24,56.840000,57.049999,55.910000,55.910000,55.910000,94700
2016-03-28,55.759998,55.779999,55.119999,55.619999,55.619999,6800
2016-03-29,55.520000,55.520000,53.799999,53.799999,53.799999,7400
2016-03-30,53.279999,53.400002,52.470001,52.709999,52.709999,71400
2016-03-31,52.840000,53.189999,52.490002,52.869999,52.869999,12600
2016-04-01,53.759998,53.790001,51.869999,51.880001,51.880001,66900
2016-04-04,51.779999,52.560001,51.680000,52.560001,52.560001,20200
2016-04-05,53.930000,54.230000,53.529999,54.029999,54.029999,11100
2016-04-06,54.180000,54.290001,52.759998,52.770000,52.770000,9300
2016-04-07,53.299999,55.189999,53.290001,55.160000,55.160000,31900
2016-04-08,54.290001,54.939999,53.970001,54.669998,54.669998,15700
2016-04-11,54.360001,55.340000,54.060001,55.340000,55.340000,4900
2016-04-12,55.360001,56.060001,54.450001,54.759998,54.759998,9300
2016-04-13,54.250000,54.250000,53.470001,53.779999,53.779999,12600
2016-04-14,53.730000,54.060001,53.150002,54.029999,54.029999,6100
2016-04-15,53.529999,53.910000,53.380001,53.380001,53.380001,2600
2016-04-18,53.540001,53.540001,51.110001,51.259998,51.259998,29600
2016-04-19,51.259998,52.380001,51.020000,52.259998,52.259998,17800
2016-04-20,52.240002,52.639999,51.660000,52.200001,52.200001,104500
2016-04-21,52.700001,53.700001,52.680000,53.320000,53.320000,11400
2016-04-22,53.549999,53.910000,53.000000,53.110001,53.110001,22800
2016-04-25,53.310001,54.119999,53.259998,53.720001,53.720001,13200
2016-04-26,53.070000,53.160000,52.880001,53.070000,53.070000,1200
2016-04-27,53.560001,53.560001,52.029999,52.270000,52.270000,78900
2016-04-28,52.320000,53.830002,51.930000,53.720001,53.720001,61400
2016-04-29,53.900002,55.930000,53.900002,54.810001,54.810001,248800
2016-05-02,54.590000,54.750000,53.509998,53.599998,53.599998,11600
2016-05-03,54.450001,55.209999,54.410000,54.820000,54.820000,13800
2016-05-04,55.619999,55.910000,55.279999,55.419998,55.419998,13300
2016-05-05,56.040001,56.040001,55.740002,55.740002,55.740002,1800
2016-05-06,55.669998,55.669998,54.580002,54.750000,54.750000,8800
2016-05-09,54.360001,54.400002,53.810001,54.220001,54.220001,17000
2016-05-10,53.639999,53.639999,52.840000,52.840000,52.840000,9400
2016-05-11,52.889999,53.820000,52.400002,53.779999,53.779999,8000
2016-05-12,53.480000,54.410000,53.419998,53.540001,53.540001,1600
2016-05-13,53.560001,54.459999,52.950001,54.400002,54.400002,36900
2016-05-16,54.130001,54.130001,52.790001,52.840000,52.840000,6300
2016-05-17,53.820000,54.900002,53.450001,54.709999,54.709999,27100
2016-05-18,55.020000,55.250000,54.259998,54.750000,54.750000,5400
2016-05-19,55.110001,56.259998,55.110001,55.119999,55.119999,20000
2016-05-20,54.270000,54.459999,54.230000,54.320000,54.320000,3500
2016-05-23,54.450001,54.450001,53.709999,53.930000,53.930000,36500
2016-05-24,53.160000,53.209999,52.380001,52.480000,52.480000,13400
2016-05-25,52.240002,52.439999,51.619999,52.000000,52.000000,97900
2016-05-26,51.840000,52.119999,51.750000,51.889999,51.889999,5800
2016-05-27,51.869999,51.889999,51.380001,51.380001,51.380001,8400
2016-05-31,51.209999,52.240002,51.000000,51.400002,51.400002,24000
2016-06-01,51.619999,51.680000,51.000000,51.029999,51.029999,15900
2016-06-02,51.470001,51.750000,50.810001,50.810001,50.810001,15100
2016-06-03,51.639999,52.110001,50.509998,50.570000,50.570000,32900
2016-06-06,51.200001,51.200001,50.509998,50.660000,50.660000,20600
2016-06-07,50.660000,50.849998,50.320000,50.790001,50.790001,14400
2016-06-08,50.720001,51.520000,50.720001,51.340000,51.340000,8700
2016-06-09,51.970001,52.270000,51.740002,52.150002,52.150002,105200
2016-06-10,53.349998,54.099998,53.060001,53.880001,53.880001,37000
2016-06-13,54.919998,56.639999,54.310001,56.590000,56.590000,42400
2016-06-14,57.000000,57.500000,55.770000,56.200001,56.200001,142500
2016-06-15,55.750000,55.750000,54.549999,55.549999,55.549999,30500
2016-06-16,56.750000,58.000000,54.250000,54.619999,54.619999,58400
2016-06-17,54.509998,55.029999,54.090000,54.660000,54.660000,43300
2016-06-20,52.919998,53.020000,52.360001,52.900002,52.900002,52800
2016-06-21,52.259998,53.169998,52.259998,52.540001,52.540001,47500
2016-06-22,52.549999,53.189999,51.759998,52.349998,52.349998,159800
2016-06-23,51.270000,51.570000,50.480000,50.599998,50.599998,85900
2016-06-24,53.639999,55.779999,51.820000,55.590000,55.590000,206400
2016-06-27,55.880001,57.299999,55.549999,56.220001,56.220001,198600
2016-06-28,55.169998,55.810001,53.980000,54.110001,54.110001,41900
2016-06-29,53.250000,53.480000,52.509998,52.759998,52.759998,44200
2016-06-30,52.639999,52.900002,52.150002,52.529999,52.529999,148600
2016-07-01,52.160000,52.889999,51.849998,52.320000,52.320000,43000
2016-07-05,52.680000,53.709999,52.610001,52.700001,52.700001,42300
2016-07-06,53.080002,53.320000,51.950001,52.139999,52.139999,24700
2016-07-07,51.779999,52.860001,51.660000,51.970001,51.970001,28600
2016-07-08,51.419998,51.419998,50.330002,50.419998,50.419998,67100
2016-07-11,50.080002,50.660000,49.889999,50.660000,50.660000,44100
2016-07-12,50.119999,50.240002,49.820000,49.900002,49.900002,32000
2016-07-13,49.540001,50.080002,49.500000,49.529999,49.529999,80700
2016-07-14,48.930000,49.389999,48.759998,49.369999,49.369999,47600
2016-07-15,49.240002,50.020000,49.240002,49.570000,49.570000,45400
2016-07-18,49.770000,49.849998,48.970001,49.139999,49.139999,41700
2016-07-19,49.369999,49.680000,49.110001,49.549999,49.549999,37900
2016-07-20,49.209999,49.349998,48.840000,48.880001,48.880001,60000
2016-07-21,48.990002,50.130001,48.880001,50.049999,50.049999,58500
2016-07-22,49.910000,50.029999,49.029999,49.360001,49.360001,41300
2016-07-25,49.369999,50.099998,49.369999,49.599998,49.599998,86800
2016-07-26,49.680000,50.139999,49.439999,49.470001,49.470001,82400
2016-07-27,49.259998,49.970001,49.020000,49.130001,49.130001,69400
2016-07-28,49.570000,49.599998,48.500000,48.619999,48.619999,74600
2016-07-29,48.630001,48.630001,47.520000,47.720001,47.720001,63800
2016-08-01,47.560001,48.009998,46.970001,47.490002,47.490002,33600
2016-08-02,47.830002,49.029999,47.709999,48.470001,48.470001,44800
2016-08-03,48.520000,48.700001,47.959999,47.980000,47.980000,39400
2016-08-04,47.869999,48.020000,47.500000,47.619999,47.619999,25700
2016-08-05,47.200001,47.220001,46.820000,47.180000,47.180000,42000
2016-08-08,46.820000,46.820000,46.590000,46.619999,46.619999,31700
2016-08-09,46.250000,46.400002,45.750000,46.070000,46.070000,106600
2016-08-10,45.700001,46.770000,45.650002,46.419998,46.419998,90200
2016-08-11,46.130001,46.599998,45.740002,46.590000,46.590000,60100
2016-08-12,46.830002,46.919998,46.360001,46.709999,46.709999,12500
2016-08-15,46.290001,46.630001,46.070000,46.549999,46.549999,20600
2016-08-16,46.869999,47.310001,46.869999,47.310001,47.310001,14700
2016-08-17,47.270000,47.849998,46.830002,46.849998,46.849998,26800
2016-08-18,47.000000,47.290001,46.689999,47.130001,47.130001,19100
2016-08-19,47.330002,47.529999,47.090000,47.230000,47.230000,16100
2016-08-22,47.270000,47.540001,47.200001,47.389999,47.389999,23000
2016-08-23,47.200001,47.529999,47.060001,47.529999,47.529999,15300
2016-08-24,47.639999,47.919998,47.630001,47.650002,47.650002,26000
2016-08-25,47.900002,47.900002,47.389999,47.430000,47.430000,40200
2016-08-26,47.400002,48.110001,46.840000,47.630001,47.630001,17800
2016-08-29,47.330002,47.410000,47.250000,47.410000,47.410000,3100
2016-08-30,47.330002,47.549999,47.230000,47.400002,47.400002,24300
2016-08-31,47.369999,47.790001,47.349998,47.380001,47.380001,41800
2016-09-01,47.340000,47.820000,47.250000,47.410000,47.410000,20500
2016-09-02,47.070000,47.340000,46.990002,47.180000,47.180000,16200
2016-09-06,46.820000,46.939999,46.509998,46.540001,46.540001,13400
2016-09-07,46.480000,46.650002,46.270000,46.270000,46.270000,173200
2016-09-08,46.450001,46.700001,46.430000,46.509998,46.509998,12800
2016-09-09,47.490002,48.860001,47.369999,48.860001,48.860001,52100
2016-09-12,48.950001,49.080002,47.799999,47.900002,47.900002,30600
2016-09-13,49.080002,50.150002,49.049999,49.680000,49.680000,61700
2016-09-14,49.349998,49.790001,48.639999,49.570000,49.570000,18000
2016-09-15,49.500000,49.880001,48.730000,48.959999,48.959999,62900
2016-09-16,49.340000,49.709999,48.610001,48.680000,48.680000,79400
2016-09-19,48.150002,48.590000,47.549999,48.130001,48.130001,99800
2016-09-20,47.730000,48.139999,47.730000,47.860001,47.860001,25400
2016-09-21,47.750000,48.270000,46.889999,46.889999,46.889999,33000
2016-09-22,46.360001,46.480000,46.139999,46.209999,46.209999,70300
2016-09-23,46.090000,46.240002,45.860001,46.130001,46.130001,19600
2016-09-26,47.000000,47.480000,46.849998,46.939999,46.939999,35300
2016-09-27,46.959999,46.959999,45.799999,45.880001,45.880001,20000
2016-09-28,45.660000,46.389999,45.500000,45.540001,45.540001,18600
2016-09-29,45.840000,46.910000,45.500000,46.299999,46.299999,18300
2016-09-30,45.880001,46.110001,45.520000,45.689999,45.689999,44800
2016-10-03,45.919998,45.919998,45.369999,45.380001,45.380001,4500
2016-10-04,45.290001,45.820000,44.980000,44.980000,44.980000,45800
2016-10-05,44.880001,45.270000,44.880001,45.270000,45.270000,29900
2016-10-06,45.439999,45.439999,44.910000,44.919998,44.919998,7200
2016-10-07,45.209999,45.660000,45.130001,45.220001,45.220001,51900
2016-10-10,44.880001,44.900002,44.650002,44.740002,44.740002,79900
2016-10-11,44.750000,46.009998,44.750000,45.480000,45.480000,39300
2016-10-12,45.290001,45.610001,45.080002,45.590000,45.590000,44900
2016-10-13,46.290001,47.000000,45.849998,46.020000,46.020000,17100
2016-10-14,45.500000,46.020000,45.410000,45.959999,45.959999,12000
2016-10-17,45.810001,46.060001,45.540001,45.799999,45.799999,43700
2016-10-18,45.150002,45.279999,45.049999,45.150002,45.150002,39800
2016-10-19,44.889999,45.060001,44.570000,44.770000,44.770000,32600
2016-10-20,44.849998,45.270000,44.689999,44.900002,44.900002,15000
2016-10-21,45.070000,45.070000,44.419998,44.500000,44.500000,40000
2016-10-24,43.889999,43.910000,43.619999,43.689999,43.689999,48300
2016-10-25,43.570000,43.980000,43.540001,43.610001,43.610001,7600
2016-10-26,43.970001,44.000000,43.570000,43.950001,43.950001,28900
2016-10-27,43.639999,44.529999,43.639999,44.360001,44.360001,38300
2016-10-28,44.630001,45.180000,44.209999,44.930000,44.930000,28100
2016-10-31,44.930000,45.119999,44.709999,44.860001,44.860001,36000
2016-11-01,44.930000,46.000000,44.930000,45.220001,45.220001,54800
2016-11-02,45.360001,45.529999,45.169998,45.459999,45.459999,14200
2016-11-03,45.599998,46.880001,45.549999,46.520000,46.520000,81500
2016-11-04,46.570000,46.889999,45.950001,46.689999,46.689999,40900
2016-11-07,44.880001,45.000000,43.700001,43.700001,43.700001,95600
2016-11-08,44.000000,44.000000,42.950001,43.279999,43.279999,47200
2016-11-09,44.250000,44.250000,42.400002,42.770000,42.770000,288200
2016-11-10,42.340000,43.840000,42.270000,43.720001,43.720001,90100
2016-11-11,43.959999,44.299999,43.330002,43.459999,43.459999,35300
2016-11-14,43.430000,44.490002,43.340000,43.580002,43.580002,17600
2016-11-15,43.299999,43.549999,42.820000,43.310001,43.310001,50100
2016-11-16,43.970001,43.990002,43.290001,43.340000,43.340000,49400
2016-11-17,43.369999,43.369999,42.959999,42.959999,42.959999,61700
2016-11-18,42.750000,43.330002,42.599998,42.990002,42.990002,50000
2016-11-21,42.720001,42.939999,42.220001,42.230000,42.230000,26100
2016-11-22,42.189999,42.770000,42.180000,42.380001,42.380001,30900
2016-11-23,42.709999,42.770000,42.419998,42.619999,42.619999,14700
2016-11-25,42.660000,42.869999,42.610001,42.639999,42.639999,9400
2016-11-28,42.889999,42.959999,42.630001,42.860001,42.860001,9600
2016-11-29,42.650002,42.750000,42.529999,42.720001,42.720001,13000
2016-11-30,42.580002,42.759998,42.490002,42.689999,42.689999,38000
2016-12-01,42.549999,43.610001,42.520000,43.160000,43.160000,22800
2016-12-02,43.240002,43.560001,42.779999,43.240002,43.240002,33400
2016-12-05,42.910000,42.930000,42.540001,42.639999,42.639999,7400
2016-12-06,42.270000,42.330002,41.900002,41.990002,41.990002,9500
2016-12-07,41.779999,42.049999,41.580002,41.919998,41.919998,73200
2016-12-08,42.040001,42.599998,41.790001,42.189999,42.189999,51900
2016-12-09,42.209999,42.240002,41.880001,41.889999,41.889999,11100
2016-12-12,42.110001,42.470001,41.950001,42.009998,42.009998,31100
2016-12-13,41.950001,42.520000,41.930000,42.189999,42.189999,29500
2016-12-14,42.509998,42.509998,41.779999,42.290001,42.290001,24300
2016-12-15,41.840000,42.110001,41.610001,41.930000,41.930000,69300
2016-12-16,41.810001,42.240002,41.750000,42.150002,42.150002,8200
2016-12-19,41.820000,41.820000,41.320000,41.360001,41.360001,16800
2016-12-20,41.270000,41.330002,41.090000,41.310001,41.310001,21500
2016-12-21,41.020000,41.259998,40.840000,41.160000,41.160000,25100
2016-12-22,41.200001,41.650002,41.180000,41.630001,41.630001,40500
2016-12-23,41.759998,41.860001,41.549999,41.549999,41.549999,11800
2016-12-27,41.590000,41.590000,41.240002,41.310001,41.310001,11200
2016-12-28,41.299999,41.840000,41.279999,41.720001,41.720001,13200
2016-12-29,41.700001,42.200001,41.610001,41.869999,41.869999,17100
2016-12-30,41.770000,42.570000,41.740002,42.340000,42.340000,26000
2017-01-03,41.669998,41.720001,41.000000,41.000000,41.000000,52700
2017-01-04,40.709999,40.709999,39.759998,39.900002,39.900002,20800
2017-01-05,39.939999,40.430000,39.900002,40.020000,40.020000,22600
2017-01-06,39.580002,39.720001,39.230000,39.599998,39.599998,13900
2017-01-09,39.410000,39.580002,39.000000,39.400002,39.400002,28400
2017-01-10,39.200001,39.680000,39.110001,39.270000,39.270000,7700
2017-01-11,39.209999,39.790001,39.009998,39.049999,39.049999,12800
2017-01-12,39.180000,39.910000,39.180000,39.279999,39.279999,40400
2017-01-13,39.330002,39.730000,39.279999,39.680000,39.680000,14700
2017-01-17,40.049999,40.209999,39.950001,39.990002,39.990002,25300
2017-01-18,39.900002,39.900002,39.400002,39.540001,39.540001,13400
2017-01-19,39.459999,39.840000,39.430000,39.430000,39.430000,73700
2017-01-20,39.290001,39.290001,38.580002,38.680000,38.680000,27700
2017-01-23,38.730000,39.099998,38.660000,38.669998,38.669998,28200
2017-01-24,38.279999,38.279999,37.240002,37.340000,37.340000,34800
2017-01-25,36.849998,36.880001,36.669998,36.740002,36.740002,80200
2017-01-26,36.799999,36.980000,36.720001,36.939999,36.939999,7800
2017-01-27,36.980000,37.139999,36.930000,37.029999,37.029999,39800
2017-01-30,37.380001,38.029999,37.160000,37.270000,37.270000,15800
2017-01-31,37.490002,37.490002,37.060001,37.060001,37.060001,7400
2017-02-01,36.680000,36.790001,36.340000,36.500000,36.500000,10400
2017-02-02,36.669998,36.860001,36.480000,36.720001,36.720001,50100
2017-02-03,36.369999,36.450001,36.270000,36.450001,36.450001,31100
2017-02-06,36.500000,36.520000,36.310001,36.480000,36.480000,16200
2017-02-07,36.509998,36.610001,36.369999,36.560001,36.560001,10800
2017-02-08,36.730000,37.000000,36.730000,36.770000,36.770000,23000
2017-02-09,36.820000,36.820000,36.410000,36.459999,36.459999,6100
2017-02-10,36.430000,36.439999,36.259998,36.410000,36.410000,5900
2017-02-13,36.340000,36.349998,36.029999,36.029999,36.029999,16700
2017-02-14,35.750000,35.790001,35.040001,35.040001,35.040001,29800
2017-02-15,34.549999,34.849998,34.060001,34.349998,34.349998,45900
2017-02-16,34.340000,35.230000,34.340000,34.570000,34.570000,19000
2017-02-17,34.849998,34.860001,34.500000,34.540001,34.540001,15800
2017-02-21,34.509998,34.860001,34.320000,34.779999,34.779999,9600
2017-02-22,35.090000,35.369999,34.950001,35.130001,35.130001,27300
2017-02-23,35.240002,35.950001,35.240002,35.860001,35.860001,28000
2017-02-24,36.799999,36.799999,36.080002,36.180000,36.180000,23200
2017-02-27,35.980000,35.980000,35.320000,35.500000,35.500000,10400
2017-02-28,35.529999,35.939999,35.389999,35.529999,35.529999,29200
2017-03-01,34.910000,35.369999,34.910000,35.369999,35.369999,16400
2017-03-02,35.570000,35.709999,35.389999,35.709999,35.709999,26400
2017-03-03,35.290001,35.380001,35.049999,35.090000,35.090000,80100
2017-03-06,35.029999,35.150002,34.770000,34.790001,34.790001,6500
2017-03-07,34.889999,34.900002,34.560001,34.860001,34.860001,8200
2017-03-08,34.610001,34.880001,34.340000,34.849998,34.849998,22300
2017-03-09,34.849998,35.020000,34.529999,34.709999,34.709999,12700
2017-03-10,34.509998,34.650002,34.439999,34.490002,34.490002,16800
2017-03-13,34.580002,34.590000,34.299999,34.419998,34.419998,131600
2017-03-14,34.580002,34.720001,34.349998,34.610001,34.610001,15700
2017-03-15,34.509998,34.509998,34.200001,34.250000,34.250000,8700
2017-03-16,34.000000,34.070000,33.639999,33.669998,33.669998,14700
2017-03-17,33.520000,33.520000,33.259998,33.400002,33.400002,9100
2017-03-20,33.310001,33.459999,33.200001,33.330002,33.330002,10800
2017-03-21,33.049999,33.930000,33.029999,33.889999,33.889999,50000
2017-03-22,33.910000,34.150002,33.740002,33.869999,33.869999,29600
2017-03-23,33.970001,34.340000,33.560001,34.200001,34.200001,130200
2017-03-24,34.150002,34.480000,33.700001,33.849998,33.849998,19700
2017-03-27,34.230000,34.230000,32.959999,33.060001,33.060001,25800
2017-03-28,32.840000,32.939999,32.410000,32.459999,32.459999,61700
2017-03-29,32.209999,32.270000,32.000000,32.070000,32.070000,13000
2017-03-30,31.959999,32.049999,31.889999,31.950001,31.950001,3300
2017-03-31,31.930000,31.959999,31.770000,31.950001,31.950001,5000
2017-04-03,31.870001,32.150002,31.830000,32.000000,32.000000,41800
2017-04-04,32.029999,32.139999,31.559999,31.629999,31.629999,75200
2017-04-05,31.309999,31.959999,31.129999,31.959999,31.959999,20200
2017-04-06,31.900000,31.900000,31.420000,31.690001,31.690001,42200
2017-04-07,31.750000,32.060001,31.639999,32.029999,32.029999,6800
2017-04-10,32.110001,32.450001,31.980000,32.450001,32.450001,3800
2017-04-11,32.900002,33.060001,32.599998,32.799999,32.799999,12600
2017-04-12,32.770000,32.900002,32.320000,32.439999,32.439999,29400
2017-04-13,32.389999,32.740002,32.150002,32.740002,32.740002,19800
2017-04-17,32.650002,32.650002,31.900000,31.900000,31.900000,6300
2017-04-18,32.060001,32.150002,31.760000,31.930000,31.930000,14200
2017-04-19,31.520000,32.299999,31.520000,31.980000,31.980000,18900
2017-04-20,31.559999,31.570000,31.490000,31.570000,31.570000,8500
2017-04-21,31.700001,31.860001,31.350000,31.420000,31.420000,14900
2017-04-24,30.639999,30.709999,30.540001,30.670000,30.670000,39500
2017-04-25,30.240000,30.250000,29.900000,29.980000,29.980000,43100
2017-04-26,29.980000,30.180000,29.959999,30.180000,30.180000,10200
2017-04-27,30.049999,30.209999,30.040001,30.100000,30.100000,3700
2017-04-28,30.299999,30.370001,30.020000,30.020000,30.020000,15000
2017-05-01,29.870001,29.870001,29.250000,29.250000,29.250000,15300
2017-05-02,29.320000,29.520000,29.320000,29.480000,29.480000,37300
2017-05-03,29.420000,29.690001,29.379999,29.650000,29.650000,31100
2017-05-04,29.549999,29.760000,29.530001,29.620001,29.620001,4600
2017-05-05,29.270000,29.650000,29.250000,29.650000,29.650000,17300
2017-05-08,29.670000,29.930000,29.610001,29.860001,29.860001,20600
2017-05-09,29.750000,29.940001,29.700001,29.930000,29.930000,40400
2017-05-10,29.969999,30.110001,29.780001,30.110001,30.110001,32300
2017-05-11,30.270000,30.610001,29.900000,29.900000,29.900000,20700
2017-05-12,29.930000,30.150000,29.850000,30.150000,30.150000,14700
2017-05-15,29.980000,30.000000,29.920000,29.940001,29.940001,11300
2017-05-16,29.959999,30.219999,29.930000,30.129999,30.129999,5100
2017-05-17,30.660000,31.540001,30.370001,31.500000,31.500000,52400
2017-05-18,31.160000,31.219999,30.629999,30.870001,30.870001,48700
2017-05-19,30.570000,30.570000,29.959999,30.370001,30.370001,15300
2017-05-22,29.790001,29.959999,29.670000,29.809999,29.809999,10200
2017-05-23,29.680000,30.059999,29.670000,29.980000,29.980000,9200
2017-05-24,30.040001,30.120001,29.830000,29.870001,29.870001,10400
2017-05-25,29.750000,29.920000,29.740000,29.790001,29.790001,9200
2017-05-26,30.020000,30.020000,29.770000,29.820000,29.820000,10300
2017-05-30,29.850000,29.850000,29.389999,29.389999,29.389999,18600
2017-05-31,29.240000,29.639999,29.240000,29.410000,29.410000,24100
2017-06-01,29.230000,29.270000,29.160000,29.160000,29.160000,8000
2017-06-02,29.190001,29.190001,29.059999,29.190001,29.190001,3600
2017-06-05,29.139999,29.209999,29.000000,29.170000,29.170000,5400
2017-06-06,29.330000,29.510000,29.209999,29.510000,29.510000,3600
2017-06-07,29.330000,29.700001,29.320000,29.440001,29.440001,14200
2017-06-08,29.290001,29.299999,29.000000,29.059999,29.059999,10000
2017-06-09,28.969999,29.610001,28.910000,29.120001,29.120001,20500
2017-06-12,29.219999,29.510000,29.160000,29.219999,29.219999,17600
2017-06-13,28.940001,29.020000,28.840000,28.959999,28.959999,14700
2017-06-14,28.740000,28.840000,28.700001,28.750000,28.750000,12600
2017-06-15,28.879999,29.049999,28.730000,28.770000,28.770000,23600
2017-06-16,28.730000,28.879999,28.440001,28.480000,28.480000,158900
2017-06-19,28.100000,28.139999,27.920000,27.920000,27.920000,86800
2017-06-20,28.090000,28.389999,28.059999,28.090000,28.090000,16100
2017-06-21,27.870001,27.990000,27.799999,27.889999,27.889999,27500
2017-06-22,27.950001,28.040001,27.740000,28.040001,28.040001,21500
2017-06-23,28.010000,28.010000,27.760000,27.760000,27.760000,8700
2017-06-26,27.559999,27.680000,27.299999,27.299999,27.299999,7600
2017-06-27,27.270000,27.590000,27.110001,27.580000,27.580000,21000
2017-06-28,27.230000,27.309999,27.090000,27.240000,27.240000,21600
2017-06-29,27.469999,28.570000,27.410000,27.510000,27.510000,17800
2017-06-30,27.309999,27.590000,27.280001,27.430000,27.430000,8500
2017-07-03,27.059999,27.530001,26.930000,27.530001,27.530001,15100
2017-07-05,27.540001,27.889999,27.540001,27.570000,27.570000,11400
2017-07-06,27.920000,28.309999,27.770000,28.240000,28.240000,29200
2017-07-07,28.000000,28.040001,27.900000,28.000000,28.000000,4900
2017-07-10,28.000000,28.049999,27.400000,27.450001,27.450001,17300
2017-07-11,27.459999,27.920000,27.260000,27.309999,27.309999,18600
2017-07-12,27.040001,27.059999,26.799999,26.900000,26.900000,15100
2017-07-13,26.850000,26.870001,26.620001,26.750000,26.750000,22500
2017-07-14,26.780001,26.780001,26.420000,26.420000,26.420000,17100
2017-07-17,26.100000,26.180000,26.010000,26.030001,26.030001,43000
2017-07-18,26.270000,26.480000,26.200001,26.240000,26.240000,38100
2017-07-19,26.100000,26.280001,25.879999,26.190001,26.190001,56300
2017-07-20,26.129999,26.309999,26.100000,26.100000,26.100000,18800
2017-07-21,26.200001,26.440001,26.070000,26.070000,26.070000,58100
2017-07-24,25.950001,25.950001,25.650000,25.709999,25.709999,22900
2017-07-25,25.510000,25.709999,25.480000,25.700001,25.700001,76600
2017-07-26,25.629999,25.660000,25.450001,25.559999,25.559999,47000
2017-07-27,25.440001,26.020000,25.350000,25.510000,25.510000,49200
2017-07-28,25.559999,25.559999,25.360001,25.510000,25.510000,22200
2017-07-31,25.490000,25.510000,25.290001,25.330000,25.330000,26200
2017-08-01,25.129999,25.190001,24.969999,24.990000,24.990000,45800
2017-08-02,24.840000,25.230000,24.840000,25.160000,25.160000,55400
2017-08-03,25.280001,25.570000,25.280001,25.549999,25.549999,23200
2017-08-04,25.500000,25.670000,25.350000,25.639999,25.639999,156900
2017-08-07,25.559999,25.650000,25.559999,25.600000,25.600000,7700
2017-08-08,25.639999,26.350000,25.469999,26.080000,26.080000,62100
2017-08-09,26.299999,26.570000,25.889999,26.410000,26.410000,155800
2017-08-10,26.750000,27.420000,26.750000,27.200001,27.200001,199200
2017-08-11,27.590000,28.240000,27.270000,28.100000,28.100000,136500
2017-08-14,27.240000,27.250000,26.299999,26.299999,26.299999,123000
2017-08-15,25.870001,26.420000,25.840000,26.299999,26.299999,88900
2017-08-16,26.360001,26.360001,25.950001,26.070000,26.070000,67400
2017-08-17,26.400000,27.670000,26.200001,27.670000,27.670000,156600
2017-08-18,27.290001,27.570000,26.650000,27.309999,27.309999,86600
2017-08-21,27.370001,27.500000,27.040001,27.040001,27.040001,47900
2017-08-22,26.500000,26.530001,26.120001,26.120001,26.120001,29300
2017-08-23,26.580000,26.580000,26.250000,26.389999,26.389999,21900
2017-08-24,26.170000,26.850000,26.160000,26.510000,26.510000,23000
2017-08-25,26.420000,26.650000,26.420000,26.480000,26.480000,18900
2017-08-28,26.309999,26.520000,26.280001,26.340000,26.340000,18800
2017-08-29,26.980000,27.000000,26.370001,26.510000,26.510000,20500
2017-08-30,26.379999,26.500000,26.340000,26.469999,26.469999,10700
2017-08-31,26.450001,26.580000,26.270000,26.290001,26.290001,12900
2017-09-01,26.170000,26.290001,26.080000,26.180000,26.180000,26000
2017-09-05,26.610001,27.160000,26.510000,26.660000,26.660000,56400
2017-09-06,26.379999,26.889999,26.379999,26.790001,26.790001,68900
2017-09-07,26.870001,27.090000,26.700001,26.790001,26.790001,28100
2017-09-08,27.090000,27.309999,27.030001,27.240000,27.240000,160900
2017-09-11,26.700001,26.860001,26.559999,26.639999,26.639999,39100
2017-09-12,26.490000,26.650000,26.309999,26.309999,26.309999,32900
2017-09-13,26.299999,26.299999,25.860001,25.860001,25.860001,26400
2017-09-14,25.910000,26.010000,25.680000,26.010000,26.010000,19600
2017-09-15,26.040001,26.059999,25.820000,25.900000,25.900000,25000
2017-09-18,25.750000,25.840000,25.260000,25.309999,25.309999,93200
2017-09-19,25.299999,25.600000,25.250000,25.559999,25.559999,25700
2017-09-20,25.440001,25.760000,25.350000,25.389999,25.389999,46300
2017-09-21,25.320000,25.469999,25.270000,25.450001,25.450001,36900
2017-09-22,25.690001,25.830000,25.570000,25.650000,25.650000,25000
2017-09-25,25.820000,26.090000,25.639999,25.639999,25.639999,24500
2017-09-26,25.549999,25.629999,25.400000,25.450001,25.450001,26600
2017-09-27,25.350000,25.540001,25.350000,25.410000,25.410000,11000
2017-09-28,25.480000,25.500000,25.350000,25.360001,25.360001,166500
2017-09-29,25.379999,25.430000,25.150000,25.170000,25.170000,32300
2017-10-02,25.180000,25.180000,24.760000,24.760000,24.760000,31200
2017-10-03,24.590000,24.730000,24.580000,24.680000,24.680000,129600
2017-10-04,24.760000,24.760000,24.670000,24.680000,24.680000,5600
2017-10-05,24.719999,24.719999,24.340000,24.350000,24.350000,77300
2017-10-06,24.370001,24.580000,24.360001,24.450001,24.450001,31700
2017-10-09,24.360001,24.799999,24.360001,24.750000,24.750000,41000
2017-10-10,24.549999,24.740000,24.480000,24.480000,24.480000,27800
2017-10-11,24.490000,24.530001,24.230000,24.280001,24.280001,19900
2017-10-12,24.320000,24.330000,24.080000,24.270000,24.270000,11000
2017-10-13,24.070000,24.090000,23.910000,24.020000,24.020000,24400
2017-10-16,23.870001,23.870001,23.670000,23.670000,23.670000,24300
2017-10-17,23.660000,23.809999,23.580000,23.600000,23.600000,29900
2017-10-18,23.520000,23.690001,23.360001,23.670000,23.670000,115400
2017-10-19,23.980000,24.120001,23.540001,23.559999,23.559999,75300
2017-10-20,23.330000,23.379999,23.290001,23.330000,23.330000,38800
2017-10-23,23.200001,23.660000,23.150000,23.600000,23.600000,47300
2017-10-24,23.420000,23.680000,23.360001,23.680000,23.680000,17500
2017-10-25,23.730000,24.559999,23.730000,23.980000,23.980000,54000
2017-10-26,23.879999,23.879999,23.670000,23.809999,23.809999,31600
2017-10-27,23.620001,23.760000,23.219999,23.280001,23.280001,38000
2017-10-30,23.620001,23.620001,23.080000,23.299999,23.299999,72700
2017-10-31,23.059999,23.250000,23.049999,23.120001,23.120001,23500
2017-11-01,22.920000,23.209999,22.870001,23.200001,23.200001,165100
2017-11-02,23.160000,23.500000,23.160000,23.290001,23.290001,17200
2017-11-03,23.170000,23.420000,23.170000,23.389999,23.389999,7500
2017-11-06,23.420000,23.520000,23.379999,23.420000,23.420000,33500
2017-11-07,23.420000,23.700001,23.379999,23.580000,23.580000,49100
2017-11-08,23.629999,23.740000,23.540001,23.670000,23.670000,10800
2017-11-09,24.200001,24.440001,23.860001,23.860001,23.860001,65500
2017-11-10,24.110001,24.270000,24.059999,24.230000,24.230000,47400
2017-11-13,24.420000,24.430000,24.040001,24.320000,24.320000,40700
2017-11-14,24.600000,24.900000,24.510000,24.709999,24.709999,38700
2017-11-15,25.080000,25.379999,24.879999,25.120001,25.120001,108100
2017-11-16,24.680000,24.680000,24.389999,24.559999,24.559999,64800
2017-11-17,24.580000,24.590000,24.270000,24.309999,24.309999,20100
2017-11-20,24.040001,24.049999,23.820000,23.930000,23.930000,22900
2017-11-21,23.610001,23.680000,23.459999,23.459999,23.459999,46500
2017-11-22,23.290001,23.450001,23.270000,23.299999,23.299999,45400
2017-11-24,23.280001,23.280001,23.200001,23.200001,23.200001,99800
2017-11-27,23.309999,23.389999,23.219999,23.360001,23.360001,87800
2017-11-28,23.240000,23.320000,23.219999,23.219999,23.219999,23100
2017-11-29,23.180000,23.570000,23.180000,23.500000,23.500000,21100
2017-11-30,23.350000,23.450001,23.260000,23.410000,23.410000,21900
2017-12-01,23.650000,24.629999,23.520000,23.820000,23.820000,129000
2017-12-04,23.250000,23.480000,23.049999,23.420000,23.420000,53900
2017-12-05,23.309999,23.520000,23.209999,23.320000,23.320000,20800
2017-12-06,23.450001,23.530001,23.340000,23.370001,23.370001,26000
2017-12-07,23.350000,23.350000,23.020000,23.080000,23.080000,28900
2017-12-08,22.830000,22.879999,22.740000,22.799999,22.799999,38900
2017-12-11,22.730000,22.940001,22.700001,22.700001,22.700001,46800
2017-12-12,22.670000,22.730000,22.540001,22.709999,22.709999,50100
2017-12-13,22.580000,22.610001,22.469999,22.549999,22.549999,27100
2017-12-14,22.440001,22.580000,22.370001,22.440001,22.440001,19900
2017-12-15,22.370001,22.379999,22.090000,22.150000,22.150000,46100
2017-12-18,21.889999,21.889999,21.719999,21.719999,21.719999,119600
2017-12-19,21.570000,21.860001,21.570000,21.700001,21.700001,42000
2017-12-20,21.500000,21.690001,21.500000,21.660000,21.660000,35000
2017-12-21,21.510000,21.580000,21.420000,21.459999,21.459999,142500
2017-12-22,21.340000,21.450001,21.330000,21.370001,21.370001,25900
2017-12-26,21.320000,21.330000,21.150000,21.230000,21.230000,37700
2017-12-27,21.190001,21.250000,21.040001,21.209999,21.209999,197400
2017-12-28,21.090000,21.180000,21.059999,21.139999,21.139999,144400
2017-12-29,21.080000,21.219999,21.030001,21.150000,21.150000,39600
2018-01-02,21.100000,21.129999,20.809999,20.809999,20.809999,25700
2018-01-03,20.590000,20.600000,20.500000,20.530001,20.530001,45900
2018-01-04,20.360001,20.639999,20.360001,20.590000,20.590000,20600
2018-01-05,20.629999,20.639999,20.500000,20.510000,20.510000,26800
2018-01-08,20.480000,20.500000,20.260000,20.320000,20.320000,13600
2018-01-09,20.350000,20.410000,20.219999,20.410000,20.410000,21500
2018-01-10,20.450001,20.540001,20.150000,20.209999,20.209999,27700
2018-01-11,20.010000,20.100000,19.950001,20.020000,20.020000,24800
2018-01-12,19.959999,20.010000,19.879999,19.990000,19.990000,28900
2018-01-16,19.959999,20.780001,19.950001,20.520000,20.520000,162100
2018-01-17,20.480000,20.610001,20.280001,20.379999,20.379999,43800
2018-01-18,20.480000,20.780001,20.240000,20.469999,20.469999,36800
2018-01-19,20.420000,20.510000,20.270000,20.459999,20.459999,26200
2018-01-22,20.450001,20.469999,20.160000,20.170000,20.170000,33700
2018-01-23,20.340000,20.490000,20.309999,20.450001,20.450001,11700
2018-01-24,20.490000,21.000000,20.490000,20.790001,20.790001,29900
2018-01-25,20.709999,21.000000,20.709999,21.000000,21.000000,20500
2018-01-26,20.889999,20.959999,20.730000,20.870001,20.870001,54100
2018-01-29,21.080000,21.450001,21.020000,21.299999,21.299999,88200
2018-01-30,21.709999,22.030001,21.500000,21.610001,21.610001,89600
2018-01-31,21.389999,21.590000,21.209999,21.410000,21.410000,30100
2018-02-01,21.450001,21.450001,20.809999,21.059999,21.059999,27900
2018-02-02,21.330000,22.049999,21.330000,21.830000,21.830000,166900
2018-02-05,22.330000,25.070000,21.629999,24.770000,24.770000,270200
2018-02-06,27.000000,27.750000,24.670000,24.670000,24.670000,472600
2018-02-07,24.879999,25.540001,24.240000,25.500000,25.500000,238300
2018-02-08,25.309999,27.500000,25.309999,27.480000,27.480000,240200
2018-02-09,26.620001,28.170000,25.549999,26.180000,26.180000,163300
2018-02-12,24.990000,25.830000,24.959999,25.370001,25.370001,122800
2018-02-13,25.920000,26.280001,25.559999,25.629999,25.629999,52600
2018-02-14,25.850000,25.850000,24.990000,25.080000,25.080000,29200
2018-02-15,24.600000,25.090000,24.410000,24.469999,24.469999,26700
2018-02-16,24.540001,24.629999,24.170000,24.520000,24.520000,29100
2018-02-20,24.850000,25.049999,24.650000,24.830000,24.830000,47600
2018-02-21,24.670000,25.180000,24.260000,25.160000,25.160000,18000
2018-02-22,24.860001,25.150000,24.620001,24.860001,24.860001,21600
2018-02-23,24.549999,24.660000,23.930000,23.930000,23.930000,12400
2018-02-26,23.629999,23.719999,23.370001,23.370001,23.370001,29400
2018-02-27,23.549999,24.530001,23.549999,24.309999,24.309999,10100
2018-02-28,24.030001,24.799999,24.030001,24.799999,24.799999,13200
2018-03-01,25.090000,26.110001,24.910000,25.709999,25.709999,49500
2018-03-02,26.500000,26.600000,25.430000,25.520000,25.520000,46300
2018-03-05,25.830000,25.830000,24.920000,24.980000,24.980000,30100
2018-03-06,24.760000,25.360001,24.760000,25.209999,25.209999,17600
2018-03-07,25.639999,25.820000,25.290001,25.320000,25.320000,11700
2018-03-08,25.110001,25.270000,24.959999,25.270000,25.270000,17100
2018-03-09,24.799999,24.799999,23.930000,23.940001,23.940001,42300
2018-03-12,24.049999,24.459999,23.980000,24.450001,24.450001,14600
2018-03-13,24.280001,24.940001,24.280001,24.730000,24.730000,23200
2018-03-14,24.600000,25.260000,24.510000,25.100000,25.100000,8000
2018-03-15,24.930000,25.160000,24.629999,24.629999,24.629999,119200
2018-03-16,24.570000,24.570000,24.299999,24.389999,24.389999,13200
2018-03-19,24.660000,25.490000,24.660000,24.930000,24.930000,47500
2018-03-20,25.080000,25.290001,24.790001,25.110001,25.110001,33300
2018-03-21,24.950001,24.990000,24.410000,24.879999,24.879999,58400
2018-03-22,25.629999,25.830000,25.270000,25.780001,25.780001,36300
2018-03-23,25.520000,26.500000,25.250000,26.500000,26.500000,158500
2018-03-26,25.719999,26.120001,25.620001,25.670000,25.670000,51100
2018-03-27,25.700001,27.080000,25.700001,26.830000,26.830000,30500
2018-03-28,26.700001,27.639999,26.690001,27.320000,27.320000,43800
2018-03-29,26.980000,27.049999,26.299999,26.450001,26.450001,35500
2018-04-02,26.750000,27.870001,26.650000,27.240000,27.240000,110700
2018-04-03,27.110001,27.440001,26.830000,26.830000,26.830000,23300
2018-04-04,27.690001,27.750000,26.719999,26.760000,26.760000,43400
2018-04-05,26.690001,26.809999,26.530001,26.559999,26.559999,27000
2018-04-06,26.799999,27.750000,26.469999,27.180000,27.180000,31700
2018-04-09,26.959999,27.240000,26.760000,27.240000,27.240000,16700
2018-04-10,26.750000,27.100000,26.750000,26.799999,26.799999,8400
2018-04-11,27.280001,27.430000,27.080000,27.299999,27.299999,28100
2018-04-12,27.080000,27.080000,26.559999,26.719999,26.719999,16600
2018-04-13,26.379999,26.629999,26.150000,26.260000,26.260000,51800
2018-04-16,25.889999,25.889999,25.520000,25.520000,25.520000,34000
2018-04-17,25.360001,25.440001,24.900000,25.030001,25.030001,53000
2018-04-18,25.170000,25.420000,24.559999,24.690001,24.690001,16600
2018-04-19,24.950001,25.080000,24.730000,24.730000,24.730000,8000
2018-04-20,24.790001,25.120001,24.650000,24.920000,24.920000,10100
2018-04-23,24.930000,25.010000,24.670000,24.889999,24.889999,17800
2018-04-24,24.700001,25.690001,24.700001,25.150000,25.150000,8000
2018-04-25,25.190001,25.559999,25.129999,25.440001,25.440001,7700
2018-04-26,25.209999,25.250000,24.750000,24.840000,24.840000,19000
2018-04-27,24.690001,24.940001,24.690001,24.750000,24.750000,3400
2018-04-30,24.570000,24.709999,24.420000,24.709999,24.709999,3000
2018-05-01,24.750000,24.889999,24.440001,24.440001,24.440001,5100
2018-05-02,24.370001,24.430000,23.930000,24.360001,24.360001,12900
2018-05-03,24.700001,25.100000,24.450001,24.610001,24.610001,28700
2018-05-04,24.620001,24.620001,24.090000,24.150000,24.150000,25700
2018-05-07,24.059999,24.209999,24.020000,24.100000,24.100000,9500
2018-05-08,24.320000,24.360001,24.200001,24.200001,24.200001,5400
2018-05-09,23.959999,24.010000,23.650000,23.700001,23.700001,30600
2018-05-10,23.639999,23.639999,22.940001,22.959999,22.959999,21400
2018-05-11,22.940001,23.010000,22.780001,22.790001,22.790001,28000
2018-05-14,22.610001,22.610001,22.280001,22.360001,22.360001,52100
2018-05-15,22.660000,23.049999,22.639999,22.959999,22.959999,22800
2018-05-16,22.969999,22.969999,22.459999,22.639999,22.639999,8700
2018-05-17,22.730000,22.760000,22.410000,22.410000,22.410000,13800
2018-05-18,22.549999,22.700001,22.549999,22.670000,22.670000,12400
2018-05-21,22.219999,22.309999,22.049999,22.160000,22.160000,50100
2018-05-22,21.990000,22.459999,21.980000,22.459999,22.459999,11900
2018-05-23,22.780001,22.850000,22.190001,22.190001,22.190001,13800
2018-05-24,22.230000,22.670000,22.129999,22.200001,22.200001,10800
2018-05-25,22.299999,22.299999,22.110001,22.170000,22.170000,7300
2018-05-29,22.530001,22.980000,22.290001,22.840000,22.840000,31700
2018-05-30,22.690001,22.930000,22.510000,22.930000,22.930000,20800
2018-05-31,23.000000,23.250000,22.930000,23.049999,23.049999,8200
2018-06-01,22.639999,22.700001,22.500000,22.549999,22.549999,9000
2018-06-04,22.290001,22.290001,22.070000,22.080000,22.080000,6900
2018-06-05,22.030001,22.030001,21.830000,21.830000,21.830000,6600
2018-06-06,21.730000,21.780001,21.420000,21.420000,21.420000,14100
2018-06-07,21.340000,21.820000,21.270000,21.600000,21.600000,14400
2018-06-08,21.700001,21.799999,21.450001,21.520000,21.520000,6200
2018-06-11,21.680000,21.680000,21.510000,21.590000,21.590000,16700
2018-06-12,21.490000,21.660000,21.459999,21.610001,21.610001,21400
2018-06-13,21.500000,21.639999,21.320000,21.610001,21.610001,14300
2018-06-14,21.309999,21.400000,21.170000,21.400000,21.400000,20200
2018-06-15,21.600000,21.650000,21.459999,21.549999,21.549999,9300
2018-06-18,21.690001,21.760000,21.250000,21.270000,21.270000,18800
2018-06-19,21.770000,21.870001,21.530001,21.639999,21.639999,19400
2018-06-20,21.389999,21.629999,21.389999,21.610001,21.610001,29500
2018-06-21,21.680000,22.020000,21.660000,21.980000,21.980000,18200
2018-06-22,21.700001,21.830000,21.650000,21.820000,21.820000,46900
2018-06-25,22.100000,23.090000,22.030001,22.959999,22.959999,39300
2018-06-26,22.639999,22.830000,22.549999,22.760000,22.760000,8800
2018-06-27,22.700001,23.400000,22.400000,23.330000,23.330000,14500
2018-06-28,23.459999,23.719999,23.080000,23.200001,23.200001,11600
2018-06-29,22.780001,23.080000,22.570000,23.020000,23.020000,77500
2018-07-02,23.629999,23.629999,23.059999,23.070000,23.070000,32600
2018-07-03,22.959999,23.290001,22.959999,23.290001,23.290001,6000
2018-07-05,23.059999,23.180000,22.870001,22.879999,22.879999,22700
2018-07-06,22.959999,22.959999,22.410000,22.410000,22.410000,18700
2018-07-09,22.070000,22.100000,21.540001,21.559999,21.559999,32600
2018-07-10,21.540001,21.540001,21.330000,21.330000,21.330000,19900
2018-07-11,21.809999,21.809999,21.600000,21.670000,21.670000,24100
2018-07-12,21.500000,21.639999,21.280001,21.280001,21.280001,23600
2018-07-13,21.299999,21.490000,21.170000,21.180000,21.180000,9200
2018-07-16,21.200001,21.389999,21.120001,21.219999,21.219999,9600
2018-07-17,21.500000,21.500000,21.170000,21.389999,21.389999,6300
2018-07-18,21.440001,21.540001,21.379999,21.420000,21.420000,8600
2018-07-19,21.549999,21.610001,21.430000,21.530001,21.530001,3800
2018-07-20,21.530001,21.760000,21.530001,21.580000,21.580000,12700
2018-07-23,21.680000,21.809999,21.540001,21.639999,21.639999,22600
2018-07-24,21.290001,21.690001,21.290001,21.469999,21.469999,22700
2018-07-25,21.540001,21.570000,21.400000,21.450001,21.450001,7600
2018-07-26,21.450001,21.540001,21.389999,21.410000,21.410000,5800
2018-07-27,21.360001,21.889999,21.360001,21.660000,21.660000,24700
2018-07-30,21.610001,22.010000,21.610001,21.940001,21.940001,12100
2018-07-31,21.670000,21.730000,21.549999,21.700001,21.700001,11800
2018-08-01,21.450001,21.540001,21.320000,21.500000,21.500000,12000
2018-08-02,21.889999,21.889999,21.389999,21.459999,21.459999,20500
2018-08-03,21.889999,21.889999,21.219999,21.420000,21.420000,12700
2018-08-06,21.360001,21.360001,20.930000,21.059999,21.059999,24900
2018-08-07,20.900000,20.900000,20.690001,20.799999,20.799999,27300
2018-08-08,20.670000,20.670000,20.559999,20.670000,20.670000,9400
2018-08-09,20.740000,20.809999,20.580000,20.809999,20.809999,5600
2018-08-10,21.209999,21.280001,21.030001,21.139999,21.139999,34400
2018-08-13,21.299999,21.719999,20.969999,21.680000,21.680000,12200
2018-08-14,21.590000,21.700001,21.190001,21.240000,21.240000,8200
2018-08-15,21.570000,22.219999,21.559999,21.639999,21.639999,25900
2018-08-16,21.280001,21.430000,21.070000,21.230000,21.230000,25200
2018-08-17,21.330000,21.370001,20.900000,21.040001,21.040001,25300
2018-08-20,20.730000,20.850000,20.730000,20.780001,20.780001,25600
2018-08-21,20.680000,21.080000,20.610001,21.080000,21.080000,15600
2018-08-22,20.910000,21.010000,20.889999,20.990000,20.990000,9400
2018-08-23,20.930000,21.049999,20.809999,21.000000,21.000000,12300
2018-08-24,20.850000,20.910000,20.770000,20.850000,20.850000,7900
2018-08-27,20.809999,20.969999,20.770000,20.969999,20.969999,10600
2018-08-28,20.910000,21.180000,20.879999,21.160000,21.160000,13300
2018-08-29,21.200001,21.260000,21.059999,21.200001,21.200001,8900
2018-08-30,21.250000,21.660000,21.150000,21.660000,21.660000,10400
2018-08-31,21.480000,21.600000,21.240000,21.299999,21.299999,18900
2018-09-04,21.350000,21.620001,21.280001,21.340000,21.340000,23700
2018-09-05,21.450001,21.580000,21.360001,21.360001,21.360001,21300
2018-09-06,21.469999,21.920000,21.400000,21.780001,21.780001,22500
2018-09-07,21.980000,22.040001,21.750000,21.950001,21.950001,15100
2018-09-10,21.750000,21.820000,21.559999,21.680000,21.680000,17000
2018-09-11,21.840000,21.840000,21.320000,21.340000,21.340000,14000
2018-09-12,21.049999,21.139999,20.950001,21.080000,21.080000,30700
2018-09-13,20.700001,20.820000,20.670000,20.770000,20.770000,11300
2018-09-14,20.620001,20.660000,20.490000,20.530001,20.530001,13000
2018-09-17,20.559999,20.830000,20.510000,20.780001,20.780001,16400
2018-09-18,20.650000,20.930000,20.600000,20.930000,20.930000,14300
2018-09-19,20.760000,20.780001,20.590000,20.730000,20.730000,13500
2018-09-20,20.540001,20.660000,20.540001,20.650000,20.650000,17300
2018-09-21,20.620001,20.700001,20.480000,20.650000,20.650000,25800
2018-09-24,20.790001,20.940001,20.549999,20.590000,20.590000,36400
2018-09-25,20.459999,20.740000,20.360001,20.719999,20.719999,8300
2018-09-26,20.480000,20.889999,20.480000,20.830000,20.830000,13000
2018-09-27,20.660000,20.670000,20.530001,20.600000,20.600000,10800
2018-09-28,20.740000,20.770000,20.629999,20.680000,20.680000,8200
2018-10-01,20.330000,20.660000,20.270000,20.540001,20.540001,13300
2018-10-02,20.559999,20.660000,20.480000,20.530001,20.530001,8300
2018-10-03,20.469999,20.700001,20.459999,20.570000,20.570000,17000
2018-10-04,20.790001,21.270000,20.750000,20.980000,20.980000,181700
2018-10-05,20.879999,21.629999,20.730000,21.219999,21.219999,59200
2018-10-08,21.400000,21.990000,21.219999,21.330000,21.330000,154200
2018-10-09,21.549999,21.680000,21.190001,21.420000,21.420000,31100
2018-10-10,21.580000,23.150000,21.580000,23.150000,23.150000,76700
2018-10-11,23.129999,24.440001,22.799999,23.969999,23.969999,118000
2018-10-12,22.809999,23.969999,22.690001,23.030001,23.030001,57000
2018-10-15,23.250000,23.650000,23.090000,23.309999,23.309999,28200
2018-10-16,22.990000,23.100000,22.590000,22.680000,22.680000,78700
2018-10-17,22.790001,23.480000,22.790001,22.930000,22.930000,55900
2018-10-18,22.790001,23.510000,22.610001,23.360001,23.360001,30300
2018-10-19,23.280001,23.660000,23.040001,23.379999,23.379999,13800
2018-10-22,23.090000,23.730000,23.090000,23.400000,23.400000,22800
2018-10-23,24.340000,24.549999,23.580000,23.740000,23.740000,74300
2018-10-24,23.750000,24.900000,23.650000,24.860001,24.860001,132600
2018-10-25,24.549999,24.820000,24.059999,24.400000,24.400000,39700
2018-10-26,25.320000,25.559999,24.799999,25.330000,25.330000,201700
2018-10-29,24.860001,26.160000,24.670000,25.520000,25.520000,546700
2018-10-30,25.680000,25.840000,25.209999,25.299999,25.299999,305700
2018-10-31,24.900000,25.120001,24.590000,24.900000,24.900000,415600
2018-11-01,24.920000,25.030001,24.309999,24.370001,24.370001,24300
2018-11-02,24.129999,24.879999,23.889999,24.540001,24.540001,33600
2018-11-05,24.480000,24.480000,23.969999,24.129999,24.129999,6200
2018-11-06,24.170000,24.170000,23.639999,23.709999,23.709999,29500
2018-11-07,23.260000,23.260000,22.830000,22.840000,22.840000,138400
2018-11-08,22.860001,22.879999,22.430000,22.629999,22.629999,51300
2018-11-09,22.870001,23.330000,22.870001,23.090000,23.090000,44800
2018-11-12,23.139999,24.049999,23.139999,23.969999,23.969999,43600
2018-11-13,24.049999,24.450001,23.959999,24.200001,24.200001,40000
2018-11-14,24.240000,24.850000,23.870001,24.620001,24.620001,94300
2018-11-15,24.860001,25.250000,24.490000,24.660000,24.660000,46800
2018-11-16,24.870001,24.870001,23.900000,24.010000,24.010000,51200
2018-11-19,23.980000,24.850000,23.870001,24.840000,24.840000,38100
2018-11-20,25.459999,25.750000,25.230000,25.570000,25.570000,64300
2018-11-21,25.440001,25.580000,25.299999,25.549999,25.549999,34900
2018-11-23,25.690001,25.760000,25.430000,25.490000,25.490000,6300
2018-11-26,25.290001,25.299999,24.750000,24.799999,24.799999,56500
2018-11-27,24.860001,24.910000,24.440001,24.559999,24.559999,89300
2018-11-28,24.629999,24.629999,23.799999,23.969999,23.969999,23200
2018-11-29,24.190001,24.639999,24.100000,24.299999,24.299999,21200
2018-11-30,24.260000,24.340000,23.799999,23.799999,23.799999,8900
2018-12-03,22.959999,23.150000,22.850000,23.020000,23.020000,165400
2018-12-04,23.209999,24.340000,23.040001,24.340000,24.340000,47500
2018-12-06,25.260000,25.840000,24.480000,24.600000,24.600000,118500
2018-12-07,24.430000,25.559999,24.209999,25.219999,25.219999,60800
2018-12-10,25.240000,26.100000,25.240000,25.260000,25.260000,35900
2018-12-11,24.840000,25.870001,24.770000,25.420000,25.420000,31100
2018-12-12,24.950001,25.400000,24.889999,25.389999,25.389999,43400
2018-12-13,25.110001,25.610001,25.020000,25.330000,25.330000,37400
2018-12-14,25.730000,25.879999,25.549999,25.760000,25.760000,8300
2018-12-17,25.959999,26.559999,25.780001,26.360001,26.360001,104400
2018-12-18,26.139999,26.889999,26.090000,26.469999,26.469999,64700
2018-12-19,26.440001,27.070000,26.070000,26.830000,26.830000,101900
2018-12-20,27.139999,27.570000,26.889999,27.059999,27.059999,369500
2018-12-21,26.959999,27.340000,26.450001,27.250000,27.250000,103700
2018-12-24,27.480000,27.709999,27.209999,27.290001,27.290001,101500
2018-12-26,26.879999,27.290001,26.530001,26.639999,26.639999,101900
2018-12-27,27.240000,27.910000,26.950001,27.090000,27.090000,109200
2018-12-28,27.100000,27.530001,26.969999,26.969999,26.969999,62600
2018-12-31,26.580000,26.870001,26.580000,26.740000,26.740000,33200
2019-01-02,26.990000,27.070000,26.370001,26.389999,26.389999,37800
2019-01-03,26.990000,27.420000,26.940001,27.290001,27.290001,35600
2019-01-04,26.840000,26.879999,26.190001,26.260000,26.260000,17900
2019-01-07,26.170000,26.330000,25.730000,26.000000,26.000000,29600
2019-01-08,25.879999,26.209999,25.690001,25.690001,25.690001,12200
2019-01-09,25.600000,25.690001,25.330000,25.480000,25.480000,35100
2019-01-10,25.639999,25.770000,25.480000,25.500000,25.500000,38300
2019-01-11,25.799999,25.799999,25.150000,25.200001,25.200001,32500
2019-01-14,25.320000,25.520000,24.920000,24.990000,24.990000,38800
2019-01-15,25.010000,25.010000,24.379999,24.469999,24.469999,34700
2019-01-16,24.330000,24.580000,24.230000,24.580000,24.580000,53000
2019-01-17,24.590000,24.670000,24.480000,24.639999,24.639999,53200
2019-01-18,24.260000,24.450001,24.000000,24.170000,24.170000,19100
2019-01-22,24.180000,24.870001,24.180000,24.740000,24.740000,48900
2019-01-23,24.450001,25.240000,24.420000,24.930000,24.930000,235900
2019-01-24,24.879999,24.930000,24.370001,24.370001,24.370001,17700
2019-01-25,24.049999,24.150000,24.000000,24.049999,24.049999,20000
2019-01-28,24.500000,24.639999,24.190001,24.370001,24.370001,150000
2019-01-29,24.500000,24.510000,24.150000,24.350000,24.350000,20500
2019-01-30,24.209999,24.270000,23.940001,23.969999,23.969999,28100
2019-01-31,24.129999,24.129999,23.469999,23.469999,23.469999,62000
2019-02-01,23.410000,23.549999,23.200001,23.260000,23.260000,35700
2019-02-04,23.370001,23.370001,22.860001,22.940001,22.940001,48100
2019-02-05,22.740000,22.799999,22.340000,22.670000,22.670000,76900
2019-02-06,22.469999,22.670000,22.430000,22.520000,22.520000,19700
2019-02-07,22.490000,23.240000,22.490000,22.750000,22.750000,22000
2019-02-08,23.020000,23.160000,22.670000,22.750000,22.750000,118600
2019-02-11,22.559999,22.860001,22.559999,22.660000,22.660000,20500
2019-02-12,22.309999,22.590000,22.309999,22.559999,22.559999,11100
2019-02-13,22.400000,22.450001,22.350000,22.370001,22.370001,21300
2019-02-14,22.610001,22.650000,22.320000,22.520000,22.520000,17600
2019-02-15,22.350000,22.490000,22.290001,22.320000,22.320000,73300
2019-02-19,22.330000,22.330000,22.020000,22.110001,22.110001,21500
2019-02-20,22.090000,22.250000,21.889999,21.940001,21.940001,34900
2019-02-21,22.150000,22.190001,21.799999,21.980000,21.980000,17500
2019-02-22,21.959999,21.959999,21.580000,21.670000,21.670000,23800
2019-02-25,21.450001,21.590000,21.150000,21.530001,21.530001,105300
2019-02-26,21.690001,21.760000,21.450001,21.680000,21.680000,19500
2019-02-27,21.750000,21.969999,21.420000,21.559999,21.559999,33100
2019-02-28,21.590000,21.610001,21.379999,21.500000,21.500000,114000
2019-03-01,21.330000,21.400000,21.070000,21.129999,21.129999,44100
2019-03-04,21.110001,21.680000,21.040001,21.440001,21.440001,33100
2019-03-05,21.379999,21.610001,21.320000,21.400000,21.400000,11800
2019-03-06,21.469999,21.790001,21.469999,21.770000,21.770000,18200
2019-03-07,22.110001,22.309999,21.930000,22.170000,22.170000,36100
2019-03-08,22.570000,22.780001,22.360001,22.360001,22.360001,64400
2019-03-11,22.090000,22.090000,21.600000,21.600000,21.600000,25800
2019-03-12,21.400000,21.559999,21.350000,21.400000,21.400000,40800
2019-03-13,21.340000,21.389999,21.209999,21.250000,21.250000,44200
2019-03-14,21.230000,21.330000,21.129999,21.209999,21.209999,10500
2019-03-15,21.150000,21.250000,21.010000,21.120001,21.120001,82600
2019-03-18,21.110001,21.230000,21.010000,21.100000,21.100000,66100
2019-03-19,21.030001,21.500000,21.030001,21.330000,21.330000,25800
2019-03-20,21.370001,21.650000,21.150000,21.400000,21.400000,111700
2019-03-21,21.650000,21.650000,21.150000,21.320000,21.320000,30600
2019-03-22,21.500000,22.110001,21.299999,22.030001,22.030001,90800
2019-03-25,22.070000,22.340000,21.860001,22.190001,22.190001,94600
2019-03-26,21.889999,22.040001,21.690001,21.870001,21.870001,53200
2019-03-27,21.930000,22.299999,21.889999,22.139999,22.139999,15400
2019-03-28,22.150000,22.280001,21.969999,22.010000,22.010000,7900
2019-03-29,21.870001,21.889999,21.559999,21.590000,21.590000,17600
2019-04-01,21.400000,21.480000,21.280001,21.320000,21.320000,32300
2019-04-02,21.559999,21.559999,21.360001,21.410000,21.410000,5600
2019-04-03,21.309999,21.530001,21.280001,21.420000,21.420000,18700
2019-04-04,21.299999,21.400000,21.299999,21.379999,21.379999,5100
2019-04-05,21.320000,21.320000,21.120001,21.120001,21.120001,59100
2019-04-08,21.370001,21.370001,20.910000,21.000000,21.000000,43600
2019-04-09,21.250000,21.480000,21.129999,21.400000,21.400000,61200
2019-04-10,21.280001,21.400000,21.139999,21.280001,21.280001,49400
2019-04-11,21.250000,21.250000,21.020000,21.100000,21.100000,10400
2019-04-12,20.990000,21.170000,20.780001,21.000000,21.000000,70800
2019-04-15,21.000000,21.219999,20.910000,20.920000,20.920000,51600
2019-04-16,21.120001,21.219999,20.980000,21.170000,21.170000,941000
2019-04-17,21.250000,21.299999,21.090000,21.190001,21.190001,70900
2019-04-18,21.250000,21.290001,21.090000,21.110001,21.110001,15100
2019-04-22,21.280001,21.360001,20.950001,20.950001,20.950001,9400
2019-04-23,20.950001,21.090000,20.850000,21.090000,21.090000,54900
2019-04-24,20.980000,21.150000,20.950001,20.980000,20.980000,64800
2019-04-25,21.100000,21.299999,20.900000,21.299999,21.299999,18700
2019-04-26,21.299999,21.299999,21.000000,21.030001,21.030001,17800
2019-04-29,21.090000,21.230000,21.049999,21.230000,21.230000,15800
2019-04-30,21.150000,21.379999,21.150000,21.180000,21.180000,6800
2019-05-01,21.150000,21.540001,21.040001,21.530001,21.530001,69800
2019-05-02,21.459999,21.840000,21.379999,21.680000,21.680000,95400
2019-05-03,21.459999,21.459999,21.120001,21.170000,21.170000,18500
2019-05-06,22.000000,22.020000,21.350000,21.400000,21.400000,96200
2019-05-07,21.990000,22.820000,21.860001,22.770000,22.770000,144400
2019-05-08,22.320000,22.639999,22.030001,22.330000,22.330000,129400
2019-05-09,22.770000,22.930000,22.290001,22.360001,22.360001,41100
2019-05-10,22.370001,22.709999,21.629999,21.629999,21.629999,46100
2019-05-13,22.799999,23.040001,22.469999,23.010000,23.010000,44400
2019-05-14,22.660000,22.660000,22.219999,22.250000,22.250000,213500
2019-05-15,22.389999,22.440001,21.809999,21.990000,21.990000,41500
2019-05-16,21.629999,21.700001,21.510000,21.700001,21.700001,19400
2019-05-17,22.110001,22.110001,21.680000,21.809999,21.809999,18600
2019-05-20,22.070000,22.080000,21.760000,21.959999,21.959999,35100
2019-05-21,21.820000,21.820000,21.610001,21.680000,21.680000,12100
2019-05-22,21.680000,21.809999,21.580000,21.580000,21.580000,7600
2019-05-23,22.100000,22.309999,22.070000,22.150000,22.150000,31300
2019-05-24,21.969999,22.330000,21.840000,22.290001,22.290001,67100
2019-05-28,22.200001,22.420000,21.940001,22.340000,22.340000,22500
2019-05-29,22.549999,22.700001,22.360001,22.580000,22.580000,45600
2019-05-30,22.480000,22.680000,22.379999,22.440001,22.440001,16100
2019-05-31,22.850000,22.950001,22.760000,22.879999,22.879999,24800
2019-06-03,22.879999,23.260000,22.580000,22.910000,22.910000,76900
2019-06-04,22.510000,22.660000,22.230000,22.270000,22.270000,60800
2019-06-05,22.100000,22.230000,21.950001,22.000000,22.000000,31800
2019-06-06,22.020000,22.070000,21.790001,21.889999,21.889999,47600
2019-06-07,21.820000,21.990000,21.799999,21.950001,21.950001,11400
2019-06-10,21.799999,21.860001,21.719999,21.760000,21.760000,61800
2019-06-11,21.610001,22.010000,21.610001,21.920000,21.920000,23400
2019-06-12,22.020000,22.049999,21.930000,21.940001,21.940001,13600
2019-06-13,21.870001,22.040001,21.870001,21.950001,21.950001,8300
2019-06-14,22.070000,22.090000,21.809999,21.809999,21.809999,14100
2019-06-17,21.900000,21.900000,21.660000,21.660000,21.660000,9600
2019-06-18,21.500000,21.750000,21.360001,21.750000,21.750000,48200
2019-06-19,21.510000,21.730000,21.490000,21.620001,21.620001,23800
2019-06-20,21.400000,21.780001,21.330000,21.350000,21.350000,38500
2019-06-21,21.459999,21.879999,21.459999,21.799999,21.799999,76300
2019-06-24,21.709999,21.760000,21.590000,21.760000,21.760000,59500
2019-06-25,21.780001,22.160000,21.780001,22.059999,22.059999,23800
2019-06-26,22.010000,22.129999,21.959999,22.049999,22.049999,7700
2019-06-27,21.980000,22.080000,21.840000,21.930000,21.930000,11300
2019-06-28,21.780001,21.780001,21.629999,21.629999,21.629999,5300
2019-07-01,21.219999,21.280001,21.040001,21.139999,21.139999,51600
2019-07-02,21.250000,21.250000,20.910000,20.910000,20.910000,19600
2019-07-03,20.930000,20.980000,20.770000,20.799999,20.799999,16600
2019-07-05,21.080000,21.200001,20.690001,20.690001,20.690001,32000
2019-07-08,20.969999,21.139999,20.790001,21.120001,21.120001,28800
2019-07-09,21.250000,21.250000,21.070000,21.190001,21.190001,7200
2019-07-10,21.020000,21.070000,20.870001,21.020000,21.020000,36600
2019-07-11,20.879999,21.129999,20.809999,20.860001,20.860001,42000
2019-07-12,20.799999,20.900000,20.760000,20.830000,20.830000,28700
2019-07-15,20.959999,20.969999,20.780001,20.780001,20.780001,21400
2019-07-16,20.969999,21.129999,20.780001,21.080000,21.080000,12600
2019-07-17,21.100000,21.299999,20.950001,21.230000,21.230000,35400
2019-07-18,22.000000,22.000000,21.049999,21.290001,21.290001,29300
2019-07-19,21.160000,21.340000,21.120001,21.340000,21.340000,13200
2019-07-22,21.260000,21.420000,21.160000,21.420000,21.420000,22700
2019-07-23,21.280001,21.280001,20.820000,20.900000,20.900000,52000
2019-07-24,21.110001,21.110001,20.590000,20.620001,20.620001,24200
2019-07-25,20.760000,20.930000,20.719999,20.920000,20.920000,49500
2019-07-26,20.860001,20.860001,20.580000,20.809999,20.809999,16400
2019-07-29,20.910000,20.910000,20.730000,20.770000,20.770000,55100
2019-07-30,21.040001,21.040001,20.770000,20.870001,20.870001,146600
2019-07-31,20.940001,21.750000,20.860001,21.690001,21.690001,26900
2019-08-01,21.389999,22.040001,21.090000,21.900000,21.900000,138800
2019-08-02,21.940001,22.139999,21.750000,21.959999,21.959999,174600
2019-08-05,22.620001,23.049999,22.389999,22.959999,22.959999,99400
2019-08-06,22.440001,23.100000,22.340000,22.680000,22.680000,101000
2019-08-07,23.299999,23.350000,22.530001,22.540001,22.540001,81700
2019-08-08,22.299999,22.500000,21.870001,21.870001,21.870001,212600
2019-08-09,22.160000,22.430000,22.010000,22.350000,22.350000,83700
2019-08-12,22.430000,23.129999,22.430000,23.059999,23.059999,14200
2019-08-13,23.230000,23.230000,22.309999,22.330000,22.330000,47900
2019-08-14,23.129999,23.930000,23.010000,23.930000,23.930000,172300
2019-08-15,23.370001,24.010000,23.370001,23.540001,23.540001,49300
2019-08-16,23.340000,23.340000,23.030001,23.100000,23.100000,39000
2019-08-19,22.680000,22.790001,22.480000,22.500000,22.500000,44400
2019-08-20,22.450001,22.959999,22.450001,22.900000,22.900000,40500
2019-08-21,22.790001,22.790001,22.549999,22.639999,22.639999,14800
2019-08-22,22.620001,22.930000,22.620001,22.719999,22.719999,12300
2019-08-23,23.030001,24.270000,22.700001,24.100000,24.100000,32800
2019-08-26,23.549999,24.030001,23.549999,23.860001,23.860001,63100
2019-08-27,23.709999,24.340000,23.590000,24.080000,24.080000,62300
2019-08-28,24.450001,24.570000,23.940001,23.950001,23.950001,66500
2019-08-29,23.719999,23.719999,23.370001,23.440001,23.440001,25000
2019-08-30,23.500000,23.799999,23.360001,23.600000,23.600000,14200
2019-09-03,24.120001,24.250000,23.760000,24.250000,24.250000,13500
2019-09-04,23.680000,23.920000,23.389999,23.389999,23.389999,44100
2019-09-05,22.990000,23.150000,22.900000,23.049999,23.049999,47200
2019-09-06,22.990000,23.059999,22.780001,22.889999,22.889999,50300
2019-09-09,22.540001,23.020000,22.540001,22.680000,22.680000,32600
2019-09-10,23.129999,23.129999,22.840000,22.840000,22.840000,14000
2019-09-11,22.830000,22.830000,22.719999,22.790001,22.790001,3600
2019-09-12,22.600000,22.809999,22.510000,22.600000,22.600000,44300
2019-09-13,22.620001,22.660000,22.420000,22.530001,22.530001,49500
2019-09-16,23.270000,23.270000,22.559999,22.889999,22.889999,18300
2019-09-17,23.049999,23.200001,23.040001,23.100000,23.100000,3700
2019-09-18,23.139999,23.240000,22.879999,22.940001,22.940001,18400
2019-09-19,22.700001,22.799999,22.530001,22.750000,22.750000,23600
2019-09-20,22.639999,23.379999,22.639999,23.379999,23.379999,17300
2019-09-23,23.780001,23.780001,23.200001,23.410000,23.410000,54800
2019-09-24,23.299999,23.840000,23.070000,23.719999,23.719999,191400
2019-09-25,23.620001,23.990000,23.530001,23.530001,23.530001,27000
2019-09-26,23.580000,23.780001,23.549999,23.719999,23.719999,40700
2019-09-27,23.590000,24.160000,23.459999,23.900000,23.900000,31100
2019-09-30,23.650000,23.770000,23.469999,23.670000,23.670000,25400
2019-10-01,23.670000,24.190001,23.370001,24.120001,24.120001,30100
2019-10-02,24.150000,24.889999,24.150000,24.760000,24.760000,331800
2019-10-03,24.910000,25.270000,24.500000,24.520000,24.520000,162300
2019-10-04,24.520000,24.520000,23.889999,23.940001,23.940001,21600
2019-10-07,24.000000,24.100000,23.750000,23.910000,23.910000,34600
2019-10-08,24.360001,24.860001,24.250000,24.820000,24.820000,89600
2019-10-09,24.500000,24.700001,24.280001,24.549999,24.549999,10000
2019-10-10,24.559999,24.559999,24.160000,24.190001,24.190001,9900
2019-10-11,23.660000,23.790001,23.410000,23.660000,23.660000,84500
2019-10-14,23.590000,23.639999,23.410000,23.410000,23.410000,126800
2019-10-15,23.330000,23.330000,22.950001,23.170000,23.170000,225600
2019-10-16,23.290001,23.309999,23.120001,23.180000,23.180000,12100
2019-10-17,23.030001,23.090000,22.879999,22.959999,22.959999,15100
2019-10-18,23.120001,23.299999,22.850000,23.290001,23.290001,37500
2019-10-21,23.330000,23.330000,22.870001,22.910000,22.910000,16700
2019-10-22,22.820000,23.020000,22.719999,22.980000,22.980000,104900
2019-10-23,23.049999,23.129999,22.930000,22.950001,22.950001,39600
2019-10-24,22.930000,22.969999,22.840000,22.870001,22.870001,10100
2019-10-25,22.930000,22.940001,22.559999,22.559999,22.559999,14600
2019-10-28,22.559999,22.700001,22.549999,22.639999,22.639999,58200
2019-10-29,22.670000,22.840000,22.639999,22.790001,22.790001,15800
2019-10-30,22.990000,22.990000,22.559999,22.660000,22.660000,16400
2019-10-31,22.719999,22.870001,22.600000,22.830000,22.830000,22200
2019-11-01,22.480000,22.480000,22.330000,22.440001,22.440001,148800
2019-11-04,22.270000,22.400000,22.219999,22.330000,22.330000,15300
2019-11-05,22.200001,22.580000,22.200001,22.540001,22.540001,33500
2019-11-06,22.709999,22.820000,22.629999,22.719999,22.719999,16000
2019-11-07,22.629999,22.760000,22.559999,22.670000,22.670000,21200
2019-11-08,22.650000,22.670000,22.490000,22.510000,22.510000,12500
2019-11-11,22.809999,22.820000,22.450001,22.500000,22.500000,13700
2019-11-12,22.480000,22.480000,22.330000,22.469999,22.469999,10900
2019-11-13,22.730000,22.730000,22.320000,22.520000,22.520000,14900
2019-11-14,22.480000,22.650000,22.350000,22.379999,22.379999,76200
2019-11-15,22.180000,22.180000,22.030001,22.090000,22.090000,17600
2019-11-18,22.219999,22.299999,22.040001,22.139999,22.139999,70900
2019-11-19,22.000000,22.260000,21.990000,22.260000,22.260000,24700
2019-11-20,22.299999,22.750000,22.200001,22.510000,22.510000,18000
2019-11-21,22.549999,22.790001,22.549999,22.709999,22.709999,15900
2019-11-22,22.510000,22.660000,22.490000,22.540001,22.540001,8700
2019-11-25,22.219999,22.240000,22.110001,22.129999,22.129999,26300
2019-11-26,22.020000,22.030001,21.910000,21.930000,21.930000,20500
2019-11-27,21.969999,21.969999,21.830000,21.920000,21.920000,14400
2019-11-29,21.969999,22.180000,21.969999,22.110001,22.110001,9300
2019-12-02,22.139999,22.709999,22.139999,22.680000,22.680000,183200
2019-12-03,23.389999,23.389999,22.950001,22.950001,22.950001,112400
2019-12-04,22.790001,22.790001,22.580000,22.709999,22.709999,19600
2019-12-05,22.570000,22.730000,22.570000,22.650000,22.650000,19200
2019-12-06,22.350000,22.400000,22.080000,22.180000,22.180000,21900
2019-12-09,22.180000,22.520000,22.180000,22.500000,22.500000,24500
2019-12-10,22.389999,22.690001,22.360001,22.690001,22.690001,24900
2019-12-11,22.570000,22.570000,22.230000,22.299999,22.299999,14100
2019-12-12,22.299999,22.360001,21.799999,21.830000,21.830000,22600
2019-12-13,21.750000,21.940001,21.320000,21.320000,21.320000,25800
2019-12-16,21.030001,21.160000,21.020000,21.090000,21.090000,69600
2019-12-17,21.170000,21.370001,21.170000,21.299999,21.299999,75100
2019-12-18,21.209999,21.330000,21.110001,21.330000,21.330000,41900
2019-12-19,21.260000,21.260000,21.059999,21.080000,21.080000,18500
2019-12-20,21.000000,21.049999,20.889999,21.010000,21.010000,36800
2019-12-23,21.000000,21.120001,20.950001,21.110001,21.110001,95700
2019-12-24,21.170000,21.190001,21.080000,21.080000,21.080000,118500
2019-12-26,20.959999,21.110001,20.950001,21.020000,21.020000,36800
2019-12-27,21.139999,21.340000,21.090000,21.280001,21.280001,53100
2019-12-30,21.330000,21.780001,21.330000,21.750000,21.750000,83200
2019-12-31,21.750000,21.799999,21.290001,21.290001,21.290001,22900
2020-01-02,21.139999,21.139999,20.820000,20.820000,20.820000,41900
2020-01-03,21.410000,21.410000,21.000000,21.190001,21.190001,60200
2020-01-06,21.410000,21.410000,21.070000,21.100000,21.100000,33200
2020-01-07,21.170000,21.200001,20.950001,21.040001,21.040001,25000
2020-01-08,21.100000,21.100000,20.639999,20.850000,20.850000,55600
2020-01-09,20.660000,20.700001,20.450001,20.510000,20.510000,45400
2020-01-10,20.530001,20.540001,20.280001,20.379999,20.379999,106100
2020-01-13,20.330000,20.330000,20.200001,20.230000,20.230000,16700
2020-01-14,20.250000,20.290001,20.070000,20.190001,20.190001,35000
2020-01-15,20.139999,20.139999,19.930000,20.110001,20.110001,16500
2020-01-16,19.940001,19.940001,19.750000,19.780001,19.780001,39400
2020-01-17,19.830000,19.900000,19.750000,19.830000,19.830000,27100
2020-01-21,20.020000,20.020000,19.780001,19.830000,19.830000,66000
2020-01-22,19.760000,19.920000,19.680000,19.900000,19.900000,32600
2020-01-23,20.190001,20.360001,19.950001,19.980000,19.980000,54100
2020-01-24,19.950001,20.469999,19.950001,20.250000,20.250000,212200
2020-01-27,20.830000,21.059999,20.700001,20.969999,20.969999,279200
2020-01-28,20.930000,20.930000,20.510000,20.540001,20.540001,41100
2020-01-29,20.250000,20.700001,20.250000,20.629999,20.629999,77700
2020-01-30,20.959999,21.020000,20.420000,20.440001,20.440001,43500
2020-01-31,20.480000,21.280001,20.480000,21.150000,21.150000,91800
2020-02-03,20.990000,21.070000,20.730000,20.879999,20.879999,41800
2020-02-04,20.290001,20.420000,20.040001,20.160000,20.160000,213100
2020-02-05,19.900000,20.110001,19.820000,19.930000,19.930000,27700
2020-02-06,19.920000,20.120001,19.850000,19.879999,19.879999,8900
2020-02-07,20.059999,20.320000,20.010000,20.090000,20.090000,11900
2020-02-10,19.940001,20.049999,19.940001,20.010000,20.010000,2300
2020-02-11,19.900000,20.040001,19.830000,20.000000,20.000000,18100
2020-02-12,19.900000,19.959999,19.750000,19.780001,19.780001,17600
2020-02-13,20.040001,20.100000,19.820000,19.930000,19.930000,57500
2020-02-14,19.900000,20.080000,19.870001,19.900000,19.900000,6200
2020-02-18,19.920000,20.240000,19.910000,20.150000,20.150000,15400
2020-02-19,20.000000,20.139999,20.000000,20.100000,20.100000,65800
2020-02-20,20.090000,20.469999,20.090000,20.240000,20.240000,20400
2020-02-21,20.379999,20.770000,20.379999,20.549999,20.549999,41600
2020-02-24,21.740000,21.940001,21.250000,21.600000,21.600000,320600
2020-02-25,21.500000,22.700001,21.450001,22.450001,22.450001,361400
2020-02-26,22.180000,22.670000,21.870001,22.350000,22.350000,99900
2020-02-27,23.389999,23.930000,22.870001,23.570000,23.570000,283000
2020-02-28,24.740000,25.000000,23.530001,23.600000,23.600000,368100
2020-03-02,23.170000,23.870001,22.940001,23.270000,23.270000,213400
2020-03-03,23.070000,24.629999,22.820000,24.389999,24.389999,103100
2020-03-04,24.110001,24.290001,23.840000,24.070000,24.070000,38600
2020-03-05,25.240000,26.500000,25.049999,26.010000,26.010000,192800
2020-03-06,28.260000,29.250000,27.459999,27.809999,27.809999,345900
2020-03-09,33.000000,33.000000,30.010000,31.320000,31.320000,276500
2020-03-10,28.879999,31.510000,28.820000,30.110001,30.110001,147000
2020-03-11,31.379999,32.520000,31.250000,31.990000,31.990000,99100
2020-03-12,34.240002,35.590000,33.330002,34.790001,34.790001,245100
2020-03-13,32.240002,35.540001,32.240002,33.160000,33.160000,207800
2020-03-16,41.250000,41.250000,35.869999,39.200001,39.200001,148300
2020-03-17,38.720001,39.950001,37.259998,39.610001,39.610001,228700
2020-03-18,43.340000,49.220001,41.580002,46.580002,46.580002,411500
2020-03-19,48.000000,50.900002,43.099998,44.150002,44.150002,219700
2020-03-20,42.880001,45.040001,40.650002,44.470001,44.470001,318500
2020-03-23,42.740002,43.290001,39.000000,39.740002,39.740002,310900
2020-03-24,34.270000,35.360001,32.790001,34.160000,34.160000,265500
2020-03-25,35.320000,40.779999,35.320000,40.060001,40.060001,159500
2020-03-26,38.990002,38.990002,36.880001,36.880001,36.880001,168100
2020-03-27,38.880001,40.000000,38.470001,39.220001,39.220001,44400
2020-03-30,38.650002,39.169998,38.139999,38.209999,38.209999,73400
2020-03-31,38.680000,38.990002,37.720001,38.439999,38.439999,77300
2020-04-01,40.500000,41.970001,39.139999,41.689999,41.689999,227000
2020-04-02,41.220001,41.439999,40.330002,41.320000,41.320000,57200
2020-04-03,40.939999,41.610001,40.430000,40.619999,40.619999,53700
2020-04-06,38.730000,39.299999,38.529999,38.599998,38.599998,77500
2020-04-07,38.119999,39.619999,38.009998,39.570000,39.570000,99000
2020-04-08,39.709999,40.000000,38.959999,39.290001,39.290001,42600
2020-04-09,39.130001,39.419998,38.639999,38.860001,38.860001,94700
2020-04-13,38.500000,38.939999,38.139999,38.369999,38.369999,24700
2020-04-14,37.570000,37.849998,37.279999,37.619999,37.619999,30000
2020-04-15,38.639999,39.369999,38.150002,39.349998,39.349998,172200
2020-04-16,38.830002,40.099998,38.830002,39.709999,39.709999,26500
2020-04-17,38.790001,39.720001,38.590000,39.029999,39.029999,24200
2020-04-20,39.880001,40.959999,39.459999,40.930000,40.930000,36800
2020-04-21,42.250000,44.200001,42.250000,42.570000,42.570000,243300
2020-04-22,42.189999,42.470001,41.669998,42.250000,42.250000,36500
2020-04-23,42.160000,42.599998,41.639999,42.240002,42.240002,31700
2020-04-24,41.619999,42.060001,40.759998,40.849998,40.849998,27200
2020-04-27,40.380001,40.380001,39.099998,39.299999,39.299999,142400
2020-04-28,38.520000,39.790001,38.459999,39.700001,39.700001,59500
2020-04-29,38.150002,38.799999,38.080002,38.560001,38.560001,246500
2020-04-30,38.820000,39.860001,38.770000,38.959999,38.959999,106300
2020-05-01,40.490002,41.930000,40.000000,41.790001,41.790001,74000
2020-05-04,42.439999,42.730000,41.549999,41.680000,41.680000,42000
2020-05-05,40.840000,40.910000,40.099998,40.680000,40.680000,27600
2020-05-06,40.180000,40.990002,40.029999,40.990002,40.990002,12300
2020-05-07,40.200001,40.299999,39.680000,40.049999,40.049999,25700
2020-05-08,39.389999,39.540001,38.750000,38.779999,38.779999,19700
2020-05-11,39.230000,39.230000,37.639999,37.639999,37.639999,44000
2020-05-12,37.200001,39.820000,36.939999,39.770000,39.770000,94900
2020-05-13,40.080002,42.430000,39.919998,41.549999,41.549999,43600
2020-05-14,42.869999,43.759998,40.910000,40.959999,40.959999,57900
2020-05-15,41.959999,42.230000,40.950001,40.950001,40.950001,16800
2020-05-18,39.169998,39.630001,39.009998,39.250000,39.250000,52400
2020-05-19,39.080002,40.139999,38.869999,40.130001,40.130001,29000
2020-05-20,39.080002,39.509998,38.970001,39.360001,39.360001,22400
2020-05-21,39.580002,40.200001,39.439999,40.000000,40.000000,12400
2020-05-22,40.070000,40.330002,39.880001,39.990002,39.990002,26900
2020-05-26,38.889999,39.630001,38.580002,39.570000,39.570000,15100
2020-05-27,38.830002,40.250000,38.830002,39.060001,39.060001,33900
2020-05-28,39.090000,40.040001,39.040001,39.849998,39.849998,86700
2020-05-29,40.750000,40.750000,39.439999,39.560001,39.560001,18600
2020-06-01,40.520000,40.520000,39.389999,39.599998,39.599998,24600
2020-06-02,39.410000,39.779999,39.220001,39.250000,39.250000,18400
2020-06-03,38.650002,38.849998,38.240002,38.330002,38.330002,47400
2020-06-04,38.240002,38.240002,37.500000,38.160000,38.160000,25600
2020-06-05,36.630001,36.900002,36.340000,36.410000,36.410000,74800
2020-06-08,36.200001,36.970001,36.180000,36.730000,36.730000,326600
2020-06-09,37.369999,38.009998,37.200001,38.009998,38.009998,36500
2020-06-10,38.730000,38.730000,37.000000,37.590000,37.590000,43100
2020-06-11,40.080002,43.000000,39.230000,42.779999,42.779999,139000
2020-06-12,41.880001,44.860001,41.500000,42.200001,42.200001,174500
2020-06-15,43.770000,44.529999,41.509998,41.509998,41.509998,85500
2020-06-16,40.169998,42.099998,39.950001,41.349998,41.349998,77500
2020-06-17,41.250000,41.930000,41.060001,41.509998,41.509998,42400
2020-06-18,41.849998,42.099998,41.410000,41.410000,41.410000,21700
2020-06-19,40.990002,42.790001,40.830002,42.230000,42.230000,40100
2020-06-22,41.900002,42.270000,40.820000,41.189999,41.189999,34100
2020-06-23,40.040001,40.439999,39.860001,40.290001,40.290001,71800
2020-06-24,41.009998,43.000000,40.560001,42.349998,42.349998,76200
2020-06-25,42.919998,43.400002,41.250000,41.250000,41.250000,33400
2020-06-26,41.209999,43.369999,41.209999,43.290001,43.290001,99600
2020-06-29,42.919998,43.500000,41.759998,41.860001,41.860001,21400
2020-06-30,41.970001,42.110001,40.000000,40.240002,40.240002,27600
2020-07-01,40.000000,40.130001,39.450001,39.830002,39.830002,79700
2020-07-02,38.900002,40.029999,38.680000,39.930000,39.930000,49900
2020-07-06,38.689999,39.740002,38.689999,39.540001,39.540001,51600
2020-07-07,39.759998,40.500000,39.349998,40.490002,40.490002,36900
2020-07-08,40.270000,40.779999,39.869999,39.889999,39.889999,32500
2020-07-09,39.919998,41.099998,39.770000,40.340000,40.340000,38300
2020-07-10,40.509998,40.980000,39.930000,40.040001,40.040001,35500
2020-07-13,40.000000,42.689999,39.849998,42.599998,42.599998,85600
2020-07-14,42.740002,43.099998,40.799999,40.900002,40.900002,163200
2020-07-15,40.759998,41.700001,40.599998,40.790001,40.790001,27100
2020-07-16,41.139999,41.180000,40.369999,40.430000,40.430000,20800
2020-07-17,40.279999,40.490002,39.770000,39.830002,39.830002,19400
2020-07-20,39.790001,39.790001,38.400002,38.759998,38.759998,72700
2020-07-21,38.020000,39.150002,37.840000,38.849998,38.849998,55900
2020-07-22,39.360001,39.529999,38.700001,38.750000,38.750000,24500
2020-07-23,38.810001,39.759998,38.560001,39.369999,39.369999,65500
2020-07-24,39.939999,40.410000,39.740002,39.810001,39.810001,41400
2020-07-27,39.799999,40.099998,39.450001,39.639999,39.639999,35200
2020-07-28,39.700001,39.810001,39.080002,39.779999,39.779999,17500
2020-07-29,39.570000,39.750000,39.330002,39.529999,39.529999,29500
2020-07-30,40.700001,41.700001,39.970001,40.169998,40.169998,30100
2020-07-31,39.380001,40.779999,39.380001,39.680000,39.680000,27300
2020-08-03,39.490002,39.830002,39.410000,39.790001,39.790001,35500
2020-08-04,39.450001,39.549999,39.000000,39.070000,39.070000,16500
2020-08-05,38.560001,38.980000,38.560001,38.759998,38.759998,42500
2020-08-06,38.810001,39.029999,38.610001,38.639999,38.639999,133500
2020-08-07,39.080002,39.099998,38.540001,38.790001,38.790001,49500
2020-08-10,38.549999,38.790001,38.130001,38.259998,38.259998,20300
2020-08-11,38.000000,39.250000,37.740002,39.099998,39.099998,57200
2020-08-12,38.480000,38.500000,37.910000,38.209999,38.209999,63200
2020-08-13,38.509998,38.750000,38.150002,38.639999,38.639999,15600
2020-08-14,39.000000,39.389999,38.740002,38.950001,38.950001,96400
2020-08-17,38.580002,38.849998,38.250000,38.340000,38.340000,25600
2020-08-18,38.139999,38.520000,37.770000,37.930000,37.930000,124000
2020-08-19,38.139999,38.599998,37.950001,38.599998,38.599998,18100
2020-08-20,39.470001,39.470001,38.290001,38.450001,38.450001,57900
2020-08-21,38.580002,39.290001,38.580002,39.090000,39.090000,94900
2020-08-24,38.770000,39.259998,38.660000,39.259998,39.259998,43600
2020-08-25,39.200001,39.599998,38.889999,39.060001,39.060001,19600
2020-08-26,38.799999,39.450001,38.549999,39.380001,39.380001,30100
2020-08-27,39.250000,40.560001,38.939999,39.340000,39.340000,59500
2020-08-28,39.549999,40.119999,39.119999,39.360001,39.360001,50100
2020-08-31,39.779999,40.290001,39.529999,40.099998,40.099998,68600
2020-09-01,40.360001,40.759998,40.200001,40.480000,40.480000,34700
2020-09-02,40.509998,41.500000,40.480000,41.340000,41.340000,48700
2020-09-03,41.279999,42.900002,40.520000,42.029999,42.029999,206000
2020-09-04,41.520000,43.330002,40.270000,40.820000,40.820000,165000
2020-09-08,41.840000,41.959999,40.230000,40.360001,40.360001,143200
2020-09-09,39.310001,39.490002,38.860001,39.360001,39.360001,104700
2020-09-10,39.099998,40.430000,39.099998,39.639999,39.639999,71400
2020-09-11,38.709999,39.560001,38.709999,38.830002,38.830002,56600
2020-09-14,38.520000,39.299999,38.520000,39.250000,39.250000,24100
2020-09-15,38.900002,39.509998,38.580002,39.340000,39.340000,46400
2020-09-16,39.349998,39.930000,39.160000,39.930000,39.930000,18900
2020-09-17,40.779999,40.779999,39.830002,40.430000,40.430000,49500
2020-09-18,40.310001,41.160000,40.200001,40.900002,40.900002,118800
2020-09-21,41.849998,42.189999,41.080002,41.349998,41.349998,54000
2020-09-22,41.380001,42.189999,41.380001,41.759998,41.759998,67700
2020-09-23,41.630001,42.740002,41.630001,42.740002,42.740002,45000
2020-09-24,43.020000,43.119999,41.810001,42.220001,42.220001,27200
2020-09-25,42.450001,42.450001,41.490002,41.580002,41.580002,52200
2020-09-28,41.189999,41.480000,41.080002,41.200001,41.200001,40200
2020-09-29,41.119999,41.169998,40.570000,40.830002,40.830002,27400
2020-09-30,40.720001,40.889999,40.560001,40.680000,40.680000,30200
2020-10-01,40.709999,41.419998,40.639999,41.220001,41.220001,25100
2020-10-02,42.119999,42.119999,41.410000,41.730000,41.730000,126400
2020-10-05,41.599998,41.689999,40.840000,40.840000,40.840000,37600
2020-10-06,40.779999,41.369999,40.410000,40.880001,40.880001,57300
2020-10-07,40.849998,40.849998,40.400002,40.709999,40.709999,34500
2020-10-08,40.400002,40.740002,40.200001,40.240002,40.240002,25000
2020-10-09,39.970001,39.970001,38.799999,39.139999,39.139999,45600
2020-10-12,38.369999,38.910000,38.369999,38.650002,38.650002,35400
2020-10-13,38.950001,39.189999,38.500000,38.720001,38.720001,52500
2020-10-14,38.689999,38.740002,38.139999,38.529999,38.529999,43600
2020-10-15,39.650002,39.650002,38.470001,38.570000,38.570000,59900
2020-10-16,38.500000,38.849998,38.099998,38.840000,38.840000,21000
2020-10-19,38.820000,39.930000,38.820000,39.919998,39.919998,29800
2020-10-20,39.470001,39.650002,38.880001,39.549999,39.549999,20600
2020-10-21,39.540001,39.580002,38.689999,38.959999,38.959999,47200
2020-10-22,38.990002,39.090000,38.459999,38.650002,38.650002,41800
2020-10-23,38.349998,38.779999,38.349998,38.740002,38.740002,14500
2020-10-26,39.049999,40.720001,38.970001,40.389999,40.389999,104000
2020-10-27,40.310001,40.830002,40.070000,40.349998,40.349998,50600
2020-10-28,41.650002,43.200001,41.650002,43.000000,43.000000,184600
2020-10-29,42.470001,42.560001,40.369999,40.880001,40.880001,60000
2020-10-30,42.009998,42.080002,41.099998,41.209999,41.209999,122400
2020-11-02,40.400002,40.889999,40.130001,40.520000,40.520000,70200
2020-11-03,40.000000,40.200001,39.500000,39.570000,39.570000,66300
2020-11-04,38.730000,38.889999,37.599998,38.799999,38.799999,100900
2020-11-05,38.049999,38.810001,38.049999,38.709999,38.709999,119700
2020-11-06,38.790001,38.869999,37.689999,38.070000,38.070000,186400
2020-11-09,35.959999,36.349998,35.000000,36.009998,36.009998,259000
2020-11-10,35.889999,36.639999,35.720001,36.189999,36.189999,202300
2020-11-11,35.700001,36.490002,35.700001,36.180000,36.180000,60700
2020-11-12,36.189999,37.209999,35.959999,37.080002,37.080002,36600
2020-11-13,36.650002,36.650002,35.910000,36.169998,36.169998,55800
2020-11-16,36.000000,36.740002,35.889999,36.439999,36.439999,84200
2020-11-17,36.759998,36.919998,36.180000,36.250000,36.250000,28000
2020-11-18,36.139999,37.099998,36.080002,37.099998,37.099998,54200
2020-11-19,37.049999,37.189999,36.590000,36.900002,36.900002,33000
2020-11-20,36.849998,36.980000,36.389999,36.660000,36.660000,84100
2020-11-23,36.700001,36.840000,36.270000,36.570000,36.570000,151300
2020-11-24,36.360001,36.669998,36.360001,36.650002,36.650002,83600
2020-11-25,36.689999,36.689999,36.000000,36.000000,36.000000,57000
2020-11-27,35.990002,36.200001,35.570000,36.009998,36.009998,30800
2020-11-30,36.310001,37.080002,35.750000,35.820000,35.820000,108500
2020-12-01,35.580002,36.040001,35.430000,36.040001,36.040001,62300
2020-12-02,36.040001,36.080002,35.480000,35.939999,35.939999,17400
2020-12-03,35.730000,36.110001,35.669998,36.009998,36.009998,41800
2020-12-04,35.869999,35.950001,35.779999,35.849998,35.849998,19400
2020-12-07,36.189999,36.230000,35.970001,36.000000,36.000000,19700
2020-12-08,36.259998,36.320000,35.700001,35.709999,35.709999,34200
2020-12-09,35.650002,36.549999,35.540001,36.340000,36.340000,132200
2020-12-10,36.680000,36.730000,36.060001,36.639999,36.639999,47800
2020-12-11,36.950001,37.820000,36.860001,37.380001,37.380001,141800
2020-12-14,37.060001,37.689999,36.759998,37.630001,37.630001,105000
2020-12-15,37.779999,37.779999,37.189999,37.400002,37.400002,38900
2020-12-16,37.810001,37.810001,36.750000,36.959999,36.959999,44400
2020-12-17,36.709999,37.139999,36.540001,36.610001,36.610001,96900
2020-12-18,37.049999,37.529999,36.840000,37.099998,37.099998,61400
2020-12-21,38.660000,39.200001,37.549999,37.549999,37.549999,107600
2020-12-22,37.549999,38.139999,37.549999,37.849998,37.849998,39600
2020-12-23,37.450001,37.610001,36.779999,37.040001,37.040001,49600
2020-12-24,37.020000,37.020000,36.520000,36.590000,36.590000,28500
2020-12-28,36.240002,36.939999,36.230000,36.490002,36.490002,41200
2020-12-29,36.380001,37.529999,36.290001,37.340000,37.340000,66300
2020-12-30,37.480000,37.480000,36.570000,36.580002,36.580002,59200
2020-12-31,36.650002,36.799999,36.180000,36.700001,36.700001,45900
2021-01-04,36.650002,38.459999,36.650002,37.470001,37.470001,132200
2021-01-05,38.330002,38.330002,36.900002,37.090000,37.090000,58600
2021-01-06,36.740002,37.230000,36.000000,36.790001,36.790001,70700
2021-01-07,36.169998,36.380001,35.900002,36.250000,36.250000,108500
2021-01-08,36.200001,36.669998,35.970001,36.230000,36.230000,73600
2021-01-11,36.680000,37.500000,36.509998,37.470001,37.470001,47800
2021-01-12,37.250000,37.570000,36.939999,37.130001,37.130001,42300
2021-01-13,37.040001,37.310001,36.799999,36.910000,36.910000,106900
2021-01-14,36.660000,37.549999,36.520000,37.509998,37.509998,42200
2021-01-15,37.959999,38.500000,37.660000,38.180000,38.180000,78400
2021-01-19,37.720001,38.209999,37.660000,37.980000,37.980000,83500
2021-01-20,37.980000,38.139999,37.810001,37.919998,37.919998,25400
2021-01-21,37.930000,38.580002,37.919998,38.240002,38.240002,98300
2021-01-22,38.630001,38.770000,38.259998,38.480000,38.480000,45700
2021-01-25,38.450001,39.799999,38.450001,39.790001,39.790001,45800
2021-01-26,39.270000,39.439999,38.750000,39.330002,39.330002,135600
2021-01-27,40.130001,42.660000,40.130001,42.020000,42.020000,226100
2021-01-28,41.230000,41.759998,40.540001,41.119999,41.119999,314900
2021-01-29,41.950001,42.820000,40.770000,42.549999,42.549999,139000
2021-02-01,41.630001,43.250000,41.630001,41.900002,41.900002,92000
2021-02-02,41.189999,41.299999,40.619999,40.720001,40.720001,134300
2021-02-03,40.250000,40.549999,39.849998,39.910000,39.910000,31100
2021-02-04,39.490002,39.770000,39.230000,39.700001,39.700001,108600
2021-02-05,39.439999,39.950001,39.410000,39.860001,39.860001,116400
2021-02-08,39.689999,40.090000,39.689999,40.049999,40.049999,39100
2021-02-09,40.330002,40.459999,40.090000,40.459999,40.459999,58300
2021-02-10,40.369999,41.540001,40.369999,41.169998,41.169998,78500
2021-02-11,41.009998,41.820000,40.990002,41.230000,41.230000,125000
2021-02-12,41.320000,41.580002,40.910000,41.490002,41.490002,55400
2021-02-16,41.119999,41.619999,40.970001,41.549999,41.549999,72300
2021-02-17,42.160000,42.770000,41.470001,41.470001,41.470001,191700
2021-02-18,42.400002,42.410000,41.639999,41.939999,41.939999,66800
2021-02-19,41.950001,42.040001,41.369999,41.959999,41.959999,72400
2021-02-22,41.980000,42.700001,41.700001,42.700001,42.700001,33500
2021-02-23,42.570000,43.099998,41.590000,41.830002,41.830002,192100
2021-02-24,41.990002,42.070000,40.570000,40.680000,40.680000,53300
2021-02-25,40.849998,42.610001,40.549999,42.049999,42.049999,73500
2021-02-26,41.209999,41.869999,40.830002,41.299999,41.299999,43100
2021-03-01,40.340000,40.360001,39.750000,40.070000,40.070000,133100
2021-03-02,40.160000,40.790001,40.160000,40.660000,40.660000,128200
2021-03-03,40.410000,41.389999,40.349998,41.389999,41.389999,31200
2021-03-04,40.939999,42.299999,40.439999,41.939999,41.939999,98000
2021-03-05,41.330002,42.180000,40.110001,40.270000,40.270000,60100
2021-03-08,40.389999,40.950001,39.930000,40.849998,40.849998,38100
2021-03-09,40.270000,40.669998,39.820000,40.669998,40.669998,59300
2021-03-10,40.060001,40.369999,40.060001,40.250000,40.250000,50200
2021-03-11,40.060001,40.160000,39.549999,39.810001,39.810001,143600
2021-03-12,40.380001,40.400002,39.750000,39.750000,39.750000,184100
2021-03-15,39.880001,40.200001,39.259998,39.290001,39.290001,147700
2021-03-16,39.340000,39.389999,38.400002,38.720001,38.720001,85900
2021-03-17,39.310001,39.360001,38.070000,38.150002,38.150002,95700
2021-03-18,38.259998,38.580002,38.090000,38.290001,38.290001,32400
2021-03-19,38.459999,38.830002,38.029999,38.419998,38.419998,48400
2021-03-22,38.480000,38.480000,36.889999,37.049999,37.049999,57800
2021-03-23,36.930000,37.570000,36.889999,36.950001,36.950001,95900
2021-03-24,37.000000,37.340000,36.779999,37.220001,37.220001,29400
2021-03-25,37.360001,37.849998,36.520000,36.520000,36.520000,35300
2021-03-26,36.320000,36.689999,35.639999,35.959999,35.959999,129800
2021-03-29,36.369999,36.700001,35.880001,35.880001,35.880001,53600
2021-03-30,35.779999,35.840000,34.840000,34.840000,34.840000,59500
2021-03-31,34.779999,35.060001,34.310001,35.060001,35.060001,34500
2021-04-01,34.689999,34.709999,34.099998,34.139999,34.139999,63400
2021-04-05,33.779999,33.919998,33.529999,33.590000,33.590000,219100
2021-04-06,33.630001,33.709999,33.299999,33.389999,33.389999,109800
2021-04-07,33.540001,33.570000,33.080002,33.169998,33.169998,22900
2021-04-08,32.950001,33.500000,32.880001,33.220001,33.220001,99200
2021-04-09,33.389999,33.700001,33.119999,33.360001,33.360001,33300
2021-04-12,33.529999,33.889999,33.209999,33.470001,33.470001,138200
2021-04-13,33.290001,33.389999,33.180000,33.330002,33.330002,17100
2021-04-14,33.529999,33.849998,33.410000,33.770000,33.770000,109600
2021-04-15,33.610001,33.610001,33.130001,33.560001,33.560001,192100
2021-04-16,33.560001,33.770000,33.160000,33.419998,33.419998,154300
2021-04-19,33.360001,34.310001,33.320000,33.980000,33.980000,84400
2021-04-20,34.130001,34.930000,34.000000,34.560001,34.560001,135900
2021-04-21,34.900002,34.900002,33.660000,33.959999,33.959999,65700
2021-04-22,33.810001,34.840000,33.630001,34.689999,34.689999,57400
2021-04-23,34.680000,34.680000,34.080002,34.279999,34.279999,214200
2021-04-26,34.250000,34.330002,34.049999,34.099998,34.099998,38700
2021-04-27,34.209999,34.400002,33.630001,33.689999,33.689999,60500
2021-04-28,33.590000,33.840000,33.360001,33.840000,33.840000,86200
2021-04-29,33.369999,34.139999,33.320000,33.700001,33.700001,43900
2021-04-30,33.840000,34.220001,33.709999,34.160000,34.160000,54100
2021-05-03,33.820000,34.009998,33.459999,33.509998,33.509998,58800
2021-05-04,33.820000,34.560001,33.820000,34.029999,34.029999,176700
2021-05-05,33.889999,33.900002,33.320000,33.580002,33.580002,123500
2021-05-06,33.650002,33.889999,33.380001,33.450001,33.450001,36500
2021-05-07,33.540001,33.540001,32.779999,32.799999,32.799999,110600
2021-05-10,32.619999,33.320000,32.380001,33.320000,33.320000,93400
2021-05-11,34.070000,34.759998,33.590000,34.759998,34.759998,73900
2021-05-12,34.790001,37.080002,34.790001,37.080002,37.080002,191300
2021-05-13,36.090000,36.090000,34.610001,34.900002,34.900002,76500
2021-05-14,34.209999,34.279999,33.040001,33.169998,33.169998,64200
2021-05-17,33.490002,34.450001,33.349998,34.049999,34.049999,28500
2021-05-18,33.860001,34.930000,33.320000,34.919998,34.919998,55300
2021-05-19,35.599998,36.599998,34.730000,34.730000,34.730000,232200
2021-05-20,34.490002,34.730000,34.090000,34.290001,34.290001,119800
2021-05-21,34.029999,34.299999,33.750000,34.299999,34.299999,42000
2021-05-24,33.680000,33.700001,33.000000,33.230000,33.230000,59300
2021-05-25,33.000000,33.619999,33.000000,33.520000,33.520000,22300
2021-05-26,33.099998,33.230000,32.580002,32.660000,32.660000,42100
2021-05-27,32.570000,32.820000,31.780001,32.020000,32.020000,170800
2021-05-28,31.650000,32.180000,31.590000,32.130001,32.130001,78500
2021-06-01,31.820000,32.330002,31.750000,32.310001,32.310001,60900
2021-06-02,32.099998,32.480000,31.809999,32.470001,32.470001,23600
2021-06-03,32.810001,32.939999,32.430000,32.790001,32.790001,33200
2021-06-04,32.119999,32.180000,31.850000,31.930000,31.930000,42500
2021-06-07,32.000000,32.080002,31.620001,31.730000,31.730000,23800
2021-06-08,31.580000,31.950001,31.350000,31.670000,31.670000,19900
2021-06-09,31.500000,32.040001,31.500000,31.900000,31.900000,70200
2021-06-10,31.690001,31.690001,30.600000,30.600000,30.600000,102700
2021-06-11,30.530001,30.530001,30.209999,30.480000,30.480000,50500
2021-06-14,30.590000,30.959999,30.400000,30.639999,30.639999,27400
2021-06-15,30.910000,31.100000,30.709999,30.809999,30.809999,36800
2021-06-16,30.680000,31.280001,30.559999,31.030001,31.030001,32600
2021-06-17,31.100000,31.200001,30.540001,31.010000,31.010000,27700
2021-06-18,31.500000,31.959999,31.200001,31.650000,31.650000,119000
2021-06-21,31.410000,31.639999,30.860001,31.139999,31.139999,18700
2021-06-22,31.490000,31.490000,30.700001,30.700001,30.700001,23900
2021-06-23,30.500000,30.610001,30.150000,30.610001,30.610001,19200
2021-06-24,30.110001,30.250000,29.910000,30.250000,30.250000,52300
2021-06-25,30.020000,30.370001,30.020000,30.240000,30.240000,79900
2021-06-28,29.910000,30.330000,29.850000,30.110001,30.110001,50000
2021-06-29,29.910000,30.510000,29.840000,30.500000,30.500000,33400
2021-06-30,30.469999,30.650000,30.200001,30.540001,30.540001,55000
2021-07-01,30.389999,30.520000,30.280001,30.420000,30.420000,46000
2021-07-02,30.230000,30.410000,29.750000,30.320000,30.320000,170500
2021-07-06,30.129999,30.910000,30.129999,30.440001,30.440001,106400
2021-07-07,30.469999,31.110001,30.420000,30.660000,30.660000,32000
2021-07-08,31.879999,31.879999,31.010000,31.240000,31.240000,126200
2021-07-09,30.830000,30.830000,30.340000,30.719999,30.719999,31900
2021-07-12,30.650000,30.920000,30.650000,30.920000,30.920000,19500
2021-07-13,30.840000,31.320000,30.559999,31.290001,31.290001,163500
2021-07-14,30.930000,31.500000,30.820000,31.250000,31.250000,48600
2021-07-15,31.500000,31.709999,31.000000,31.000000,31.000000,193400
2021-07-16,30.770000,31.549999,30.660000,31.450001,31.450001,31400
2021-07-19,32.150002,33.000000,32.040001,32.680000,32.680000,209700
2021-07-20,32.119999,32.580002,31.850000,32.180000,32.180000,215100
2021-07-21,31.700001,31.850000,31.360001,31.430000,31.430000,44200
2021-07-22,31.129999,31.360001,30.980000,31.320000,31.320000,24500
2021-07-23,30.850000,31.150000,30.780001,31.010000,31.010000,165300
2021-07-26,31.180000,31.379999,31.059999,31.219999,31.219999,19400
2021-07-27,31.389999,32.230000,31.389999,31.709999,31.709999,96900
2021-07-28,31.590000,31.870001,31.219999,31.379999,31.379999,62700
2021-07-29,31.170000,31.299999,31.080000,31.129999,31.129999,73200
2021-07-30,31.540001,31.730000,31.230000,31.690001,31.690001,47400
2021-08-02,31.440001,32.279999,31.400000,32.139999,32.139999,45800
2021-08-03,31.940001,32.369999,31.520000,31.700001,31.700001,47200
2021-08-04,31.950001,31.950001,31.389999,31.700001,31.700001,29800
2021-08-05,31.770000,31.770000,31.240000,31.240000,31.240000,20300
2021-08-06,31.059999,31.270000,30.930000,31.020000,31.020000,99800
2021-08-09,31.309999,31.309999,31.000000,31.129999,31.129999,41600
2021-08-10,30.990000,31.049999,30.700001,30.930000,30.930000,39300
2021-08-11,30.879999,30.940001,30.440001,30.559999,30.559999,19700
2021-08-12,30.510000,30.590000,29.920000,30.180000,30.180000,26800
2021-08-13,29.860001,30.379999,29.850000,30.180000,30.180000,193900
2021-08-16,30.639999,30.799999,30.190001,30.370001,30.370001,37800
2021-08-17,30.850000,31.180000,30.530001,30.790001,30.790001,64300
2021-08-18,31.100000,31.879999,30.870001,31.790001,31.790001,60600
2021-08-19,32.200001,32.290001,31.520000,31.730000,31.730000,133800
2021-08-20,31.610001,31.650000,31.129999,31.270000,31.270000,366400
2021-08-23,31.049999,31.049999,30.709999,30.980000,30.980000,432700
2021-08-24,30.830000,31.139999,30.830000,31.010000,31.010000,80000
2021-08-25,31.110001,31.150000,30.650000,30.709999,30.709999,47500
2021-08-26,30.840000,31.360001,30.709999,31.150000,31.150000,39600
2021-08-27,30.900000,30.950001,30.420000,30.469999,30.469999,62900
2021-08-30,30.400000,30.549999,30.200001,30.520000,30.520000,65500
2021-08-31,30.459999,30.709999,30.420000,30.549999,30.549999,70000
2021-09-01,30.469999,30.469999,30.080000,30.250000,30.250000,118900
2021-09-02,30.170000,30.510000,30.100000,30.270000,30.270000,49500
2021-09-03,30.510000,30.650000,30.250000,30.450001,30.450001,37900
2021-09-07,30.540001,30.910000,30.540001,30.780001,30.780001,79500
2021-09-08,31.160000,31.410000,30.860001,30.860001,30.860001,76600
2021-09-09,31.080000,31.240000,30.610001,31.240000,31.240000,29100
2021-09-10,30.809999,31.750000,30.780001,31.709999,31.709999,81900
2021-09-13,31.240000,31.840000,31.139999,31.410000,31.410000,70800
2021-09-14,31.190001,31.910000,31.139999,31.660000,31.660000,33100
2021-09-15,31.500000,31.680000,31.040001,31.290001,31.290001,59000
2021-09-16,31.270000,31.490000,30.860001,31.070000,31.070000,42800
2021-09-17,31.180000,31.700001,31.150000,31.680000,31.680000,72000
2021-09-20,32.919998,33.730000,32.450001,32.799999,32.799999,318600
2021-09-21,32.450001,32.959999,32.160000,32.209999,32.209999,162200
2021-09-22,31.959999,31.959999,31.309999,31.580000,31.580000,97000
2021-09-23,31.090000,31.170000,30.860001,30.889999,30.889999,48600
2021-09-24,31.129999,31.150000,30.590000,30.750000,30.750000,83300
2021-09-27,30.620001,30.840000,30.330000,30.820000,30.820000,238700
2021-09-28,31.320000,32.270000,31.209999,31.980000,31.980000,132700
2021-09-29,31.830000,32.119999,31.600000,32.110001,32.110001,80500
2021-09-30,31.790001,32.480000,31.520000,32.310001,32.310001,115100
2021-10-01,31.910000,32.209999,31.360001,31.850000,31.850000,126800
2021-10-04,31.879999,32.639999,31.850000,32.520000,32.520000,387800
2021-10-05,32.189999,32.330002,31.600000,31.860001,31.860001,38500
2021-10-06,32.070000,32.419998,31.709999,31.719999,31.719999,27900
2021-10-07,31.530001,31.530001,31.260000,31.290001,31.290001,49000
2021-10-08,31.170000,31.450001,31.100000,31.440001,31.440001,24700
2021-10-11,31.450001,31.450001,31.000000,31.450001,31.450001,20300
2021-10-12,31.309999,31.510000,31.049999,31.090000,31.090000,28200
2021-10-13,31.110001,31.150000,30.740000,30.850000,30.850000,42400
2021-10-14,30.580000,30.580000,30.160000,30.160000,30.160000,55400
2021-10-15,30.000000,30.620001,29.980000,30.590000,30.590000,48500
2021-10-18,30.670000,30.920000,30.530001,30.780001,30.780001,60200
2021-10-19,30.670000,30.709999,30.410000,30.610001,30.610001,64000
2021-10-20,30.480000,30.670000,30.370001,30.370001,30.370001,307100
2021-10-21,30.370001,30.510000,30.070000,30.139999,30.139999,104300
2021-10-22,30.230000,30.500000,30.000000,30.360001,30.360001,44300
2021-10-25,30.299999,30.549999,29.809999,29.860001,29.860001,71300
2021-10-26,29.700001,30.230000,29.700001,30.100000,30.100000,41000
2021-10-27,30.080000,30.520000,29.830000,30.459999,30.459999,44200
2021-10-28,30.129999,30.250000,30.000000,30.040001,30.040001,23100
2021-10-29,30.299999,30.420000,30.180000,30.410000,30.410000,223800
2021-11-01,30.180000,30.520000,30.139999,30.200001,30.200001,433200
2021-11-02,30.160000,30.219999,29.850000,29.879999,29.879999,35700
2021-11-03,29.950001,29.950001,29.340000,29.389999,29.389999,205600
2021-11-04,29.370001,29.719999,29.270000,29.709999,29.709999,43700
2021-11-05,29.540001,30.100000,29.540001,30.090000,30.090000,36300
2021-11-08,29.940001,30.330000,29.900000,30.200001,30.200001,96900
2021-11-09,30.280001,30.700001,30.260000,30.559999,30.559999,62900
2021-11-10,30.740000,30.760000,30.110001,30.549999,30.549999,30000
2021-11-11,30.350000,30.350000,29.990000,30.150000,30.150000,46900
2021-11-12,30.049999,30.059999,29.760000,29.940001,29.940001,32300
2021-11-15,29.850000,30.410000,29.850000,30.209999,30.209999,35000
2021-11-16,30.230000,30.330000,30.150000,30.330000,30.330000,20000
2021-11-17,30.350000,30.770000,30.320000,30.770000,30.770000,31200
2021-11-18,30.780001,31.070000,30.660000,30.860001,30.860001,28300
2021-11-19,30.990000,31.250000,30.750000,30.809999,30.809999,37700
2021-11-22,30.559999,31.080000,30.559999,31.070000,31.070000,34900
2021-11-23,31.230000,31.320000,30.680000,30.690001,30.690001,114200
2021-11-24,31.129999,31.250000,30.600000,30.709999,30.709999,61800
2021-11-26,31.820000,33.689999,31.549999,32.290001,32.290001,188600
2021-11-29,31.860001,31.950001,31.020000,31.230000,31.230000,65700
2021-11-30,31.680000,33.090000,31.680000,32.840000,32.840000,148800
2021-12-01,31.950001,33.750000,31.530001,33.599998,33.599998,133700
2021-12-02,33.349998,33.650002,32.750000,32.869999,32.869999,125600
2021-12-03,32.639999,34.770000,32.639999,33.980000,33.980000,573000
2021-12-06,33.490002,33.860001,32.560001,32.560001,32.560001,414300
2021-12-07,32.200001,32.200001,31.129999,31.480000,31.480000,181800
2021-12-08,31.330000,31.389999,30.870001,31.209999,31.209999,96900
2021-12-09,31.090000,31.459999,30.940001,31.459999,31.459999,77700
2021-12-10,30.870001,31.240000,30.660000,30.830000,30.830000,62900
2021-12-13,31.070000,31.780001,31.070000,31.750000,31.750000,77200
2021-12-14,32.020000,32.410000,31.719999,31.959999,31.959999,48700
2021-12-15,31.959999,32.419998,30.870001,30.870001,30.870001,137600
2021-12-16,30.830000,31.920000,30.730000,31.570000,31.570000,37400
2021-12-17,32.040001,32.450001,31.510000,32.220001,32.220001,63400
2021-12-20,33.180000,33.450001,32.320000,32.320000,32.320000,46200
2021-12-21,31.930000,32.320000,31.690001,31.910000,31.910000,111000
2021-12-22,31.870001,31.870001,31.420000,31.469999,31.469999,104900
2021-12-23,31.360001,31.450001,31.150000,31.450001,31.450001,48000
2021-12-27,31.360001,31.389999,31.070000,31.110001,31.110001,85200
2021-12-28,31.350000,31.350000,30.840000,30.889999,30.889999,20300
2021-12-29,30.820000,30.969999,30.389999,30.469999,30.469999,58600
2021-12-30,30.530001,30.760000,30.379999,30.709999,30.709999,50400
2021-12-31,30.809999,30.809999,30.440001,30.570000,30.570000,88400
2022-01-03,30.400000,30.570000,30.180000,30.270000,30.270000,43700
2022-01-04,30.150000,30.490000,30.120001,30.299999,30.299999,59200
2022-01-05,30.340000,31.170000,29.959999,31.030001,31.030001,67100
2022-01-06,31.090000,31.190001,30.690001,31.110001,31.110001,181100
2022-01-07,30.910000,31.190001,30.450001,30.450001,30.450001,33900
2022-01-10,30.950001,31.330000,30.040001,30.100000,30.100000,101100
2022-01-11,30.330000,30.510000,29.559999,29.730000,29.730000,140200
2022-01-12,29.420000,29.770000,29.260000,29.730000,29.730000,51300
2022-01-13,29.670000,30.410000,29.480000,30.290001,30.290001,77800
2022-01-14,30.760000,30.760000,29.879999,29.990000,29.990000,79000
2022-01-18,30.570000,30.830000,30.450001,30.639999,30.639999,87000
2022-01-19,30.250000,30.780001,30.150000,30.670000,30.670000,189400
2022-01-20,30.340000,30.990000,30.000000,30.900000,30.900000,209900
2022-01-21,31.030001,31.910000,30.639999,31.879999,31.879999,189000
2022-01-24,32.549999,34.049999,31.559999,31.570000,31.570000,1501100
2022-01-25,32.580002,33.150002,31.750000,31.990000,31.990000,185400
2022-01-26,31.450001,32.500000,31.059999,32.200001,32.200001,186200
2022-01-27,31.370001,32.639999,31.360001,32.380001,32.380001,109600
2022-01-28,32.119999,32.599998,31.270000,31.389999,31.389999,93700
2022-01-31,31.600000,31.629999,30.500000,30.530001,30.530001,95400
2022-02-01,30.469999,30.730000,29.580000,29.660000,29.660000,123400
2022-02-02,29.610001,29.969999,29.450001,29.770000,29.770000,124800
2022-02-03,30.459999,31.330000,30.120001,31.209999,31.209999,67300
2022-02-04,31.000000,31.320000,30.370001,31.080000,31.080000,71500
2022-02-07,30.780001,30.799999,30.340000,30.719999,30.719999,53000
2022-02-08,30.350000,30.650000,30.000000,30.120001,30.120001,68700
2022-02-09,29.750000,29.879999,29.459999,29.520000,29.520000,194800
2022-02-10,29.980000,30.860001,29.540001,30.570000,30.570000,156500
2022-02-11,30.270000,31.900000,30.120001,31.690001,31.690001,140800
2022-02-14,31.549999,32.169998,31.260000,31.549999,31.549999,92100
2022-02-15,30.900000,30.950001,30.520000,30.590000,30.590000,72700
2022-02-16,31.000000,31.090000,30.000000,30.139999,30.139999,75900
2022-02-17,30.740000,31.180000,30.629999,31.090000,31.090000,104700
2022-02-18,30.959999,31.660000,30.920000,31.450001,31.450001,95900
2022-02-22,31.730000,31.879999,31.110001,31.540001,31.540001,280400
2022-02-23,30.990000,32.299999,30.990000,32.090000,32.090000,255300
2022-02-24,33.549999,33.549999,31.500000,31.660000,31.660000,319300
2022-02-25,31.660000,31.920000,30.930000,31.250000,31.250000,242400
2022-02-28,32.090000,32.520000,31.900000,32.090000,32.090000,115100
2022-03-01,32.560001,33.720001,32.349998,33.599998,33.599998,350700
2022-03-02,33.139999,33.259998,32.439999,32.639999,32.639999,79300
2022-03-03,32.490002,33.180000,32.430000,32.959999,32.959999,45600
2022-03-04,33.750000,34.139999,33.410000,33.520000,33.520000,81600
2022-03-07,34.250000,35.139999,33.639999,35.000000,35.000000,295500
2022-03-08,34.779999,35.570000,33.959999,35.090000,35.090000,262000
2022-03-09,34.160000,34.689999,33.709999,34.310001,34.310001,294400
2022-03-10,34.889999,35.220001,34.360001,34.470001,34.470001,121600
2022-03-11,34.060001,34.750000,33.950001,34.720001,34.720001,65600
2022-03-14,34.860001,36.060001,34.250000,35.459999,35.459999,234100
2022-03-15,35.150002,35.369999,34.520000,34.680000,34.680000,57900
2022-03-16,34.250000,34.389999,33.369999,33.490002,33.490002,164500
2022-03-17,33.529999,33.560001,32.730000,33.119999,33.119999,122400
2022-03-18,33.310001,33.369999,32.130001,32.259998,32.259998,138500
2022-03-21,32.270000,32.320000,31.420000,32.189999,32.189999,129700
2022-03-22,31.940001,31.969999,31.709999,31.799999,31.799999,43100
2022-03-23,32.130001,32.230000,31.750000,31.870001,31.870001,82200
2022-03-24,31.969999,32.080002,31.420000,31.639999,31.639999,120100
2022-03-25,31.629999,31.900000,31.250000,31.340000,31.340000,93000
2022-03-28,31.500000,31.959999,31.180000,31.230000,31.230000,71000
2022-03-29,30.969999,31.160000,30.670000,30.770000,30.770000,192000
2022-03-30,30.930000,31.350000,30.790001,31.059999,31.059999,91700
2022-03-31,31.160000,31.559999,31.120001,31.500000,31.500000,60100
2022-04-01,31.350000,31.620001,31.110001,31.360001,31.360001,64800
2022-04-04,31.209999,31.330000,30.889999,30.930000,30.930000,65500
2022-04-05,31.030001,31.930000,31.010000,31.850000,31.850000,73800
2022-04-06,32.200001,32.669998,31.959999,32.130001,32.130001,236300
2022-04-07,32.330002,32.619999,31.730000,31.980000,31.980000,53200
2022-04-08,32.139999,32.240002,31.750000,32.040001,32.040001,48200
2022-04-11,32.299999,32.779999,32.220001,32.730000,32.730000,78100
2022-04-12,32.619999,33.099998,32.340000,33.000000,33.000000,56900
2022-04-13,33.110001,33.130001,32.220001,32.320000,32.320000,67600
2022-04-14,32.040001,32.750000,31.950001,32.740002,32.740002,487300
2022-04-18,32.840000,33.080002,32.610001,32.820000,32.820000,129300
2022-04-19,32.750000,32.799999,31.910000,32.060001,32.060001,132700
2022-04-20,31.820000,32.000000,31.620001,31.680000,31.680000,144000
2022-04-21,31.420000,32.680000,31.330000,32.630001,32.630001,79400
2022-04-22,32.709999,33.959999,32.619999,33.849998,33.849998,112800
2022-04-25,33.900002,34.389999,33.299999,33.380001,33.380001,140700
2022-04-26,33.820000,34.669998,33.730000,34.630001,34.630001,134900
2022-04-27,34.650002,34.759998,33.840000,34.680000,34.680000,193800
2022-04-28,33.910000,34.480000,33.400002,33.900002,33.900002,71900
2022-04-29,34.270000,35.200001,34.029999,35.090000,35.090000,292500
2022-05-02,35.029999,35.889999,34.779999,34.990002,34.990002,362300
2022-05-03,34.740002,34.840000,34.080002,34.119999,34.119999,259000
2022-05-04,34.000000,34.320000,32.669998,32.860001,32.860001,114300
2022-05-05,33.240002,35.610001,33.240002,35.340000,35.340000,201400
2022-05-06,35.400002,36.230000,35.169998,35.380001,35.380001,358200
2022-05-09,36.209999,36.900002,35.889999,36.740002,36.740002,164900
2022-05-10,35.880001,36.750000,35.830002,36.060001,36.060001,116300
2022-05-11,36.180000,36.490002,35.400002,36.299999,36.299999,82500
2022-05-12,36.689999,36.820000,35.730000,35.889999,35.889999,98900
2022-05-13,35.389999,35.389999,34.650002,35.009998,35.009998,335800
2022-05-16,35.049999,35.049999,34.570000,34.689999,34.689999,72300
2022-05-17,34.169998,34.660000,34.080002,34.529999,34.529999,64300
2022-05-18,34.770000,36.369999,34.770000,36.139999,36.139999,164200
2022-05-19,36.660000,36.720001,35.290001,35.349998,35.349998,71400
2022-05-20,34.790001,36.799999,34.770000,35.570000,35.570000,144600
2022-05-23,35.200001,35.660000,35.000000,35.360001,35.360001,61500
2022-05-24,35.779999,36.310001,35.389999,35.490002,35.490002,79300
2022-05-25,35.730000,35.730000,34.799999,34.900002,34.900002,124900
2022-05-26,34.770000,34.980000,34.529999,34.889999,34.889999,89100
2022-05-27,34.430000,34.590000,34.340000,34.380001,34.380001,103200
2022-05-31,34.880001,35.139999,34.200001,34.340000,34.340000,112200
2022-06-01,34.000000,34.860001,33.810001,34.209999,34.209999,105600
2022-06-02,34.209999,34.299999,33.459999,33.630001,33.630001,87000
2022-06-03,33.910000,34.139999,33.660000,34.040001,34.040001,57200
2022-06-06,33.720001,34.160000,33.599998,33.950001,33.950001,85500
2022-06-07,34.549999,34.580002,33.619999,33.770000,33.770000,188200
2022-06-08,33.919998,34.049999,33.540001,33.700001,33.700001,95600
2022-06-09,33.970001,34.419998,33.779999,34.380001,34.380001,42900
2022-06-10,35.250000,35.880001,35.070000,35.470001,35.470001,256400
2022-06-13,36.660000,37.700001,36.419998,37.540001,37.540001,371100
2022-06-14,37.529999,37.700001,36.930000,37.080002,37.080002,110000
2022-06-15,36.549999,36.570000,35.130001,35.619999,35.619999,306200
2022-06-16,36.639999,37.430000,36.480000,37.119999,37.119999,200500
2022-06-17,36.849998,37.099998,36.230000,36.400002,36.400002,172700
2022-06-21,35.599998,35.720001,35.099998,35.540001,35.540001,340100
2022-06-22,36.040001,36.040001,35.139999,35.240002,35.240002,66700
2022-06-23,35.040001,35.630001,34.880001,35.200001,35.200001,128800
2022-06-24,34.860001,34.860001,34.500000,34.750000,34.750000,270600
2022-06-27,34.599998,34.740002,34.250000,34.430000,34.430000,93500
2022-06-28,34.200001,35.180000,34.130001,34.980000,34.980000,174200
2022-06-29,35.070000,35.419998,34.950001,35.080002,35.080002,56800
2022-06-30,35.599998,35.910000,35.250000,35.380001,35.380001,112400
2022-07-01,35.590000,35.740002,34.950001,35.009998,35.009998,99200
2022-07-05,35.540001,35.730000,34.840000,34.840000,34.840000,144600
2022-07-06,34.910000,35.320000,34.750000,34.790001,34.790001,112600
2022-07-07,34.549999,34.700001,34.400002,34.639999,34.639999,31100
2022-07-08,34.590000,34.730000,34.270000,34.410000,34.410000,39400
2022-07-11,34.709999,35.009998,34.560001,34.930000,34.930000,267400
2022-07-12,34.930000,35.250000,34.619999,35.080002,35.080002,49300
2022-07-13,35.500000,35.509998,34.820000,35.110001,35.110001,104000
2022-07-14,35.750000,36.000000,35.180000,35.279999,35.279999,181900
2022-07-15,34.849998,35.020000,34.549999,34.639999,34.639999,121100
2022-07-18,34.369999,35.230000,34.299999,35.110001,35.110001,88300
2022-07-19,34.689999,34.700001,34.240002,34.470001,34.470001,81400
2022-07-20,34.480000,34.480000,34.110001,34.160000,34.160000,63700
2022-07-21,34.060001,34.410000,33.950001,34.090000,34.090000,30500
2022-07-22,34.060001,34.560001,34.000000,34.200001,34.200001,32500
2022-07-25,34.110001,34.360001,33.970001,34.230000,34.230000,83900
2022-07-26,34.160000,34.549999,34.160000,34.349998,34.349998,36700
2022-07-27,33.970001,33.980000,33.540001,33.700001,33.700001,85500
2022-07-28,33.520000,33.820000,33.000000,33.040001,33.040001,87200
2022-07-29,32.759998,32.810001,32.310001,32.310001,32.310001,120400
2022-08-01,32.610001,33.189999,32.560001,33.150002,33.150002,72300
2022-08-02,33.380001,33.630001,32.840000,33.520000,33.520000,61800
2022-08-03,33.230000,33.230000,32.779999,32.810001,32.810001,48900
2022-08-04,32.990002,33.279999,32.990002,33.259998,33.259998,23500
2022-08-05,33.660000,33.660000,33.070000,33.150002,33.150002,37800
2022-08-08,33.150002,33.410000,32.869999,33.220001,33.220001,33500
2022-08-09,33.450001,33.529999,33.270000,33.430000,33.430000,98400
2022-08-10,32.970001,33.000000,32.430000,32.509998,32.509998,101200
2022-08-11,32.400002,32.900002,32.320000,32.549999,32.549999,99200
2022-08-12,32.470001,32.470001,32.080002,32.310001,32.310001,108900
2022-08-15,32.360001,32.360001,32.020000,32.090000,32.090000,81900
2022-08-16,32.119999,32.270000,31.980000,32.110001,32.110001,65200
2022-08-17,32.520000,32.610001,32.139999,32.310001,32.310001,57300
2022-08-18,32.340000,32.430000,32.090000,32.259998,32.259998,306800
2022-08-19,32.590000,33.160000,32.490002,32.830002,32.830002,104700
2022-08-22,33.330002,33.599998,33.220001,33.500000,33.500000,153600
2022-08-23,33.520000,33.549999,33.160000,33.320000,33.320000,73500
2022-08-24,33.270000,33.270000,32.840000,32.930000,32.930000,64700
2022-08-25,32.860001,32.900002,32.360001,32.400002,32.400002,103700
2022-08-26,32.450001,33.750000,32.349998,33.599998,33.599998,104500
2022-08-29,33.880001,33.880001,33.310001,33.340000,33.340000,59700
2022-08-30,33.250000,33.860001,33.250000,33.549999,33.549999,103200
2022-08-31,33.299999,33.560001,33.150002,33.389999,33.389999,30400
2022-09-01,33.599998,34.000000,33.150002,33.180000,33.180000,165600
2022-09-02,32.639999,33.500000,32.459999,33.259998,33.259998,102400
2022-09-06,32.830002,33.720001,32.830002,33.480000,33.480000,63500
2022-09-07,33.459999,33.509998,32.730000,32.810001,32.810001,67200
2022-09-08,33.130001,33.130001,32.549999,32.639999,32.639999,62800
2022-09-09,32.250000,32.490002,32.160000,32.470001,32.470001,126800
2022-09-12,32.160000,32.430000,32.020000,32.270000,32.270000,128600
2022-09-13,33.299999,33.869999,32.910000,33.680000,33.680000,144100
2022-09-14,33.540001,33.820000,33.320000,33.540001,33.540001,39900
2022-09-15,33.730000,33.750000,33.220001,33.580002,33.580002,52900
2022-09-16,34.000000,34.259998,33.500000,33.549999,33.549999,199800
2022-09-19,33.939999,33.939999,32.900002,32.919998,32.919998,80200
2022-09-20,33.220001,33.380001,33.000000,33.139999,33.139999,46700
2022-09-21,32.980000,33.470001,32.650002,33.410000,33.410000,54500
2022-09-22,33.400002,33.619999,33.090000,33.369999,33.369999,61400
2022-09-23,33.669998,34.840000,33.669998,34.340000,34.340000,190400
2022-09-26,34.540001,35.169998,34.090000,35.119999,35.119999,86200
2022-09-27,34.599998,35.700001,34.580002,35.270000,35.270000,112200
2022-09-28,35.150002,35.450001,34.650002,34.720001,34.720001,52300
2022-09-29,35.259998,35.720001,35.099998,35.259998,35.259998,197200
2022-09-30,35.189999,35.570000,34.680000,35.500000,35.500000,148100
2022-10-03,35.029999,35.099998,34.459999,34.779999,34.779999,107700
2022-10-04,34.180000,34.540001,34.070000,34.509998,34.509998,300600
2022-10-05,34.750000,35.130001,34.529999,34.660000,34.660000,82500
2022-10-06,34.450001,35.209999,34.380001,35.150002,35.150002,48600
2022-10-07,35.360001,36.090000,35.279999,35.720001,35.720001,128700
2022-10-10,35.860001,36.580002,35.860001,36.270000,36.270000,78200
2022-10-11,36.389999,36.779999,35.959999,36.590000,36.590000,24200
2022-10-12,36.540001,36.700001,36.330002,36.470001,36.470001,147700
2022-10-13,36.880001,36.950001,35.630001,35.730000,35.730000,122800
2022-10-14,35.130001,36.720001,35.130001,36.400002,36.400002,49800
2022-10-17,35.709999,35.830002,35.320000,35.720001,35.720001,43300
2022-10-18,35.320000,35.599998,35.220001,35.360001,35.360001,49200
2022-10-19,35.529999,35.799999,35.270000,35.450001,35.450001,84300
2022-10-20,35.450001,35.660000,35.000000,35.470001,35.470001,37400
2022-10-21,35.169998,35.330002,34.980000,35.240002,35.240002,75800
2022-10-24,35.169998,35.540001,34.980000,35.029999,35.029999,99600
2022-10-25,34.990002,35.419998,34.279999,34.330002,34.330002,48200
2022-10-26,34.480000,34.480000,33.770000,33.919998,33.919998,91000
2022-10-27,34.299999,34.299999,33.570000,33.770000,33.770000,59400
2022-10-28,33.709999,33.709999,33.029999,33.189999,33.189999,42200
2022-10-31,33.320000,33.450001,33.090000,33.130001,33.130001,27700
2022-11-01,32.860001,33.020000,32.700001,32.759998,32.759998,143700
2022-11-02,32.799999,33.209999,32.349998,33.080002,33.080002,174800
2022-11-03,33.259998,33.410000,32.500000,32.680000,32.680000,71400
2022-11-04,32.299999,32.730000,31.920000,32.279999,32.279999,158300
2022-11-07,32.049999,32.320000,31.940001,32.130001,32.130001,67200
2022-11-08,32.000000,32.619999,31.940001,32.470001,32.470001,63200
2022-11-09,32.490002,33.299999,32.480000,33.270000,33.270000,58400
2022-11-10,32.139999,32.509998,32.029999,32.419998,32.419998,107300
2022-11-11,32.400002,32.709999,32.320000,32.660000,32.660000,62600
2022-11-14,32.619999,32.790001,32.279999,32.790001,32.790001,100600
2022-11-15,32.450001,33.029999,32.419998,32.830002,32.830002,39000
2022-11-16,32.980000,32.980000,32.560001,32.669998,32.669998,122100
2022-11-17,33.049999,33.110001,32.529999,32.630001,32.630001,32300
2022-11-18,32.310001,32.639999,32.299999,32.330002,32.330002,24300
2022-11-21,32.299999,32.299999,31.870001,31.930000,31.930000,50400
2022-11-22,31.809999,31.809999,31.309999,31.320000,31.320000,60900
2022-11-23,31.260000,31.389999,31.000000,31.040001,31.040001,157500
2022-11-25,31.020000,31.250000,30.990000,31.250000,31.250000,26800
2022-11-28,31.430000,31.920000,31.370001,31.809999,31.809999,190100
2022-11-29,31.889999,31.900000,31.549999,31.549999,31.549999,61300
2022-11-30,31.580000,31.780001,30.870001,30.920000,30.920000,93400
2022-12-01,30.750000,31.059999,30.600000,30.610001,30.610001,122000
2022-12-02,30.950001,30.950001,30.280001,30.299999,30.299999,75000
2022-12-05,30.590000,30.719999,30.450001,30.600000,30.600000,107300
2022-12-06,30.360001,30.860001,30.320000,30.730000,30.730000,186000
2022-12-07,30.780001,31.000000,30.700001,30.830000,30.830000,102400
2022-12-08,30.790001,30.910000,30.490000,30.490000,30.490000,68700
2022-12-09,30.540001,30.870001,30.389999,30.860001,30.860001,44800
2022-12-12,30.900000,30.900000,30.500000,30.500000,30.500000,66400
2022-12-13,29.760000,30.570000,29.719999,30.170000,30.170000,59500
2022-12-14,30.110001,30.400000,29.770000,29.840000,29.840000,78200
2022-12-15,30.240000,30.990000,30.240000,30.670000,30.670000,169700
2022-12-16,31.139999,31.469999,30.760000,31.010000,31.010000,107800
2022-12-19,31.030001,31.080000,30.590000,30.879999,30.879999,144400
2022-12-20,30.700001,31.010000,30.540001,30.650000,30.650000,121100
2022-12-21,30.400000,30.500000,30.070000,30.250000,30.250000,112400
2022-12-22,30.250000,31.230000,30.190001,30.969999,30.969999,93100
2022-12-23,30.820000,30.920000,30.440001,30.620001,30.620001,33100
2022-12-27,30.540001,30.840000,30.480000,30.600000,30.600000,85900
2022-12-28,30.370001,30.660000,30.170000,30.620001,30.620001,49600
2022-12-29,30.290001,30.430000,30.170000,30.430000,30.430000,33700
2022-12-30,30.530001,30.700001,30.360001,30.360001,30.360001,151400
2023-01-03,30.080000,30.440001,29.820000,29.870001,29.870001,220300
2023-01-04,29.700001,29.750000,29.280001,29.280001,29.280001,163100
2023-01-05,29.490000,29.600000,29.290001,29.350000,29.350000,133300
2023-01-06,28.980000,28.990000,28.500000,28.730000,28.730000,224900
2023-01-09,28.520000,28.760000,28.250000,28.670000,28.670000,130600
2023-01-10,28.580000,28.590000,27.879999,27.950001,27.950001,121100
2023-01-11,27.910000,28.090000,27.770000,27.990000,27.990000,202600
2023-01-12,27.709999,27.830000,27.340000,27.400000,27.400000,219400
2023-01-13,27.580000,27.580000,26.760000,26.850000,26.850000,191200
2023-01-17,26.910000,27.219999,26.879999,26.930000,26.930000,121900
2023-01-18,26.940001,27.670000,26.910000,27.590000,27.590000,125700
2023-01-19,27.879999,27.980000,27.430000,27.570000,27.570000,61200
2023-01-20,27.620001,27.620001,26.950001,26.950001,26.950001,143100
2023-01-23,26.940001,26.969999,26.500000,26.500000,26.500000,110400
2023-01-24,26.570000,26.670000,26.000000,26.010000,26.010000,60300
2023-01-25,26.370001,26.540001,25.820000,25.860001,25.860001,319800
2023-01-26,25.730000,25.830000,25.490000,25.620001,25.620001,44300
2023-01-27,25.639999,25.639999,25.139999,25.280001,25.280001,59900
2023-01-30,25.559999,25.719999,25.350000,25.400000,25.400000,89400
2023-01-31,25.350000,25.370001,25.030001,25.129999,25.129999,97400
2023-02-01,25.170000,25.400000,24.650000,24.809999,24.809999,187700
2023-02-02,24.600000,25.330000,24.500000,25.080000,25.080000,202600
2023-02-03,25.379999,25.650000,25.120001,25.430000,25.430000,76400
2023-02-06,25.480000,25.680000,25.360001,25.559999,25.559999,57500
2023-02-07,25.709999,25.709999,25.000000,25.270000,25.270000,106800
2023-02-08,25.459999,25.889999,25.270000,25.850000,25.850000,32300
2023-02-09,25.530001,26.320000,25.360001,26.200001,26.200001,28800
2023-02-10,26.500000,26.760000,26.340000,26.620001,26.620001,37100
2023-02-13,26.469999,26.469999,25.959999,26.000000,26.000000,30900
2023-02-14,25.910000,26.000000,25.400000,25.480000,25.480000,74800
2023-02-15,25.760000,25.760000,25.350000,25.350000,25.350000,24400
2023-02-16,25.760000,25.940001,25.360001,25.920000,25.920000,30700
2023-02-17,26.100000,26.410000,25.940001,25.990000,25.990000,52800
2023-02-21,26.530001,27.000000,26.440001,26.850000,26.850000,83900
2023-02-22,26.780001,27.070000,26.450001,26.450001,26.450001,42600
2023-02-23,26.200001,26.620001,26.010000,26.049999,26.049999,39600
2023-02-24,26.719999,26.889999,26.490000,26.709999,26.709999,52800
2023-02-27,26.219999,26.350000,26.120001,26.230000,26.230000,27900
2023-02-28,26.200001,26.200001,25.809999,25.910000,25.910000,42200
2023-03-01,25.959999,26.250000,25.860001,26.180000,26.180000,124300
2023-03-02,26.450001,26.450001,25.549999,25.600000,25.600000,104800
2023-03-03,25.459999,25.530001,25.160000,25.240000,25.240000,53000
2023-03-06,25.139999,25.139999,24.780001,24.780001,24.780001,42500
2023-03-07,24.850000,25.180000,24.690001,25.150000,25.150000,37900
2023-03-08,25.129999,25.129999,24.820000,24.930000,24.930000,16500
2023-03-09,24.660000,26.120001,24.590000,26.080000,26.080000,75200
2023-03-10,26.120001,28.790001,26.120001,27.559999,27.559999,104500
2023-03-13,28.700001,28.879999,27.740000,28.059999,28.059999,100700
2023-03-14,26.799999,27.600000,26.490000,27.299999,27.299999,58800
2023-03-15,28.750000,29.840000,28.379999,28.780001,28.780001,161600
2023-03-16,29.270000,29.270000,27.320000,27.340000,27.340000,139000
2023-03-17,27.900000,29.160000,27.770000,28.820000,28.820000,130900
2023-03-20,29.180000,29.370001,28.580000,28.780001,28.780001,63100
2023-03-21,28.100000,28.100000,27.290001,27.370001,27.370001,144300
2023-03-22,27.480000,27.620001,26.670000,27.590000,27.590000,66800
2023-03-23,27.129999,28.250000,26.660000,28.049999,28.049999,91100
2023-03-24,28.420000,29.260000,27.879999,27.879999,27.879999,60900
2023-03-27,27.809999,27.820000,27.160000,27.219999,27.219999,39000
2023-03-28,27.250000,27.490000,27.020000,27.070000,27.070000,48400
2023-03-29,26.620001,26.870001,26.580000,26.690001,26.690001,49000
2023-03-30,26.530001,27.129999,26.530001,26.790001,26.790001,77400
2023-03-31,26.840000,26.840000,26.639999,26.820000,26.820000,61500
2023-04-03,26.940001,27.059999,26.430000,26.469999,26.469999,103000
2023-04-04,26.700001,27.250000,26.700001,27.070000,27.070000,127800
2023-04-05,27.100000,27.490000,27.100000,27.160000,27.160000,78000
2023-04-06,27.270000,27.370001,26.860001,26.950001,26.950001,28200
2023-04-10,27.250000,27.320000,26.570000,26.629999,26.629999,55300
2023-04-11,26.510000,26.660000,26.360001,26.590000,26.590000,42900
2023-04-12,26.240000,26.570000,26.180000,26.480000,26.480000,112700
2023-04-13,26.290001,26.290001,25.959999,26.139999,26.139999,52700
2023-04-14,26.450001,26.490000,26.230000,26.340000,26.340000,34100
2023-04-17,26.240000,26.240000,25.830000,25.959999,25.959999,105700
2023-04-18,26.049999,26.230000,26.000000,26.070000,26.070000,35200
2023-04-19,26.340000,26.370001,26.010000,26.190001,26.190001,48700
2023-04-20,26.610001,26.629999,26.209999,26.530001,26.530001,98500
2023-04-21,26.500000,26.650000,26.389999,26.520000,26.520000,61300
2023-04-24,26.549999,26.730000,26.459999,26.510000,26.510000,81700
2023-04-25,26.590000,27.510000,26.540001,27.490000,27.490000,142000
2023-04-26,27.250000,27.299999,26.809999,27.100000,27.100000,115100
2023-04-27,26.860001,26.870001,26.670000,26.870001,26.870001,37900
2023-04-28,26.879999,27.030001,26.780001,26.780001,26.780001,73900
2023-05-01,26.870001,26.870001,26.230000,26.410000,26.410000,56600
2023-05-02,26.480000,27.540001,26.480000,26.850000,26.850000,112000
2023-05-03,26.889999,27.240000,26.709999,27.209999,27.209999,78100
2023-05-04,27.500000,27.959999,27.350000,27.770000,27.770000,225400
2023-05-05,27.219999,27.290001,26.799999,26.950001,26.950001,235800
2023-05-08,26.950001,27.090000,26.740000,26.760000,26.760000,38400
2023-05-09,26.889999,26.950001,26.660000,26.780001,26.780001,30900
2023-05-10,26.520000,27.000000,26.389999,26.459999,26.459999,30400
2023-05-11,26.639999,26.830000,26.219999,26.309999,26.309999,34200
2023-05-12,26.200001,26.590000,26.129999,26.389999,26.389999,45600
2023-05-15,26.340000,26.440001,26.129999,26.170000,26.170000,57700
2023-05-16,26.280001,26.639999,26.190001,26.639999,26.639999,22200
2023-05-17,26.250000,26.379999,26.080000,26.190001,26.190001,41300
2023-05-18,26.080000,26.110001,25.799999,25.840000,25.840000,40900
2023-05-19,25.760000,26.270000,25.570000,26.230000,26.230000,50700
2023-05-22,26.250000,26.270000,25.930000,26.059999,26.059999,50400
2023-05-23,26.160000,26.379999,25.840000,26.150000,26.150000,63900
2023-05-24,26.150000,26.299999,26.070000,26.150000,26.150000,76400
2023-05-25,25.910000,26.209999,25.840000,25.930000,25.930000,479900
2023-05-26,25.760000,25.760000,25.410000,25.410000,25.410000,63900
2023-05-30,24.870001,25.430000,24.870001,25.250000,25.250000,52900
2023-05-31,25.340000,25.430000,24.940001,24.980000,24.980000,26200
2023-06-01,24.820000,24.879999,24.160000,24.170000,24.170000,485100
2023-06-02,23.900000,23.950001,23.389999,23.670000,23.670000,77700
2023-06-05,23.510000,23.709999,23.440001,23.450001,23.450001,120000
2023-06-06,23.370001,23.400000,22.540001,22.590000,22.590000,251100
2023-06-07,22.750000,22.879999,22.680000,22.820000,22.820000,241800
2023-06-08,22.750000,22.780001,22.330000,22.350000,22.350000,89500
2023-06-09,22.340000,22.480000,22.180000,22.309999,22.309999,47900
2023-06-12,22.400000,22.580000,22.260000,22.290001,22.290001,73900
2023-06-13,22.120001,22.389999,22.020000,22.240000,22.240000,150800
2023-06-14,22.350000,22.350000,21.940001,22.040001,22.040001,69900
2023-06-15,21.930000,22.180000,21.889999,22.180000,22.180000,60400
2023-06-16,22.150000,22.280001,21.719999,21.809999,21.809999,68900
2023-06-20,21.920000,22.160000,21.900000,22.120001,22.120001,292300
2023-06-21,21.959999,21.980000,21.840000,21.910000,21.910000,62200
2023-06-22,22.070000,22.080000,21.700001,21.760000,21.760000,31900
2023-06-23,21.940001,22.090000,21.730000,21.930000,21.930000,91900
2023-06-26,21.780001,21.799999,21.480000,21.650000,21.650000,76200
2023-06-27,21.520000,21.520000,21.040001,21.120001,21.120001,149500
2023-06-28,21.000000,21.030001,20.580000,20.580000,20.580000,148500
2023-06-29,20.660000,20.920000,20.639999,20.910000,20.910000,121000
2023-06-30,20.750000,20.780001,20.440001,20.480000,20.480000,87300
2023-07-03,20.480000,20.520000,20.360001,20.520000,20.520000,52500
2023-07-05,20.719999,20.719999,20.500000,20.500000,20.500000,130400
2023-07-06,20.719999,21.730000,20.719999,20.950001,20.950001,266000
2023-07-07,21.120001,21.120001,20.480000,20.680000,20.680000,98500
2023-07-10,20.559999,20.629999,20.330000,20.340000,20.340000,14500
2023-07-11,20.250000,20.440001,20.120001,20.250000,20.250000,42700
2023-07-12,19.950001,19.950001,19.660000,19.799999,19.799999,173500
2023-07-13,19.570000,19.840000,19.469999,19.830000,19.830000,68700
2023-07-14,19.889999,19.959999,19.580000,19.709999,19.709999,119000
2023-07-17,19.900000,19.900000,19.480000,19.770000,19.770000,80900
2023-07-18,19.900000,19.900000,19.629999,19.750000,19.750000,74600
2023-07-19,19.750000,20.049999,19.670000,20.010000,20.010000,81700
2023-07-20,19.950001,20.139999,19.809999,20.090000,20.090000,73200
2023-07-21,20.100000,20.100000,19.709999,19.889999,19.889999,35200
2023-07-24,19.850000,19.850000,19.580000,19.670000,19.670000,68200
2023-07-25,19.850000,19.850000,19.440001,19.600000,19.600000,45700
2023-07-26,19.740000,19.740000,19.330000,19.330000,19.330000,48000
2023-07-27,19.299999,19.950001,19.230000,19.750000,19.750000,56100
2023-07-28,19.250000,19.540001,19.240000,19.469999,19.469999,353900
2023-07-31,19.360001,19.559999,19.360001,19.370001,19.370001,85700
2023-08-01,19.770000,19.770000,19.440001,19.580000,19.580000,62200
2023-08-02,19.959999,20.549999,19.959999,20.230000,20.230000,196600
2023-08-03,20.520000,20.709999,20.110001,20.129999,20.129999,87100
2023-08-04,20.120001,20.530001,19.760000,20.420000,20.420000,54400
2023-08-07,20.090000,20.190001,19.860001,19.889999,19.889999,22200
2023-08-08,20.270000,20.860001,20.190001,20.240000,20.240000,41500
2023-08-09,20.120001,20.420000,19.900000,20.209999,20.209999,64300
2023-08-10,19.870001,20.350000,19.680000,20.230000,20.230000,148100
2023-08-11,20.299999,20.299999,19.809999,19.900000,19.900000,24700
2023-08-14,20.010000,20.150000,19.740000,19.760000,19.760000,35600
2023-08-15,19.879999,20.430000,19.879999,20.350000,20.350000,79100
2023-08-16,20.270000,20.549999,20.049999,20.530001,20.530001,220100
2023-08-17,20.370001,20.930000,20.370001,20.790001,20.790001,112200
2023-08-18,21.170000,21.250000,20.600000,20.600000,20.600000,60800
2023-08-21,20.580000,20.750000,20.299999,20.430000,20.430000,43700
2023-08-22,20.320000,20.620001,20.270000,20.580000,20.580000,18900
2023-08-23,20.410000,20.430000,20.209999,20.340000,20.340000,156000
2023-08-24,20.090000,20.650000,20.070000,20.650000,20.650000,32200
2023-08-25,20.430000,20.610001,19.969999,20.110001,20.110001,67400
2023-08-28,19.990000,20.000000,19.690001,19.780001,19.780001,198700
2023-08-29,19.730000,19.730000,19.370001,19.490000,19.490000,184500
2023-08-30,19.480000,19.520000,19.260000,19.320000,19.320000,61500
2023-08-31,19.320000,19.320000,19.040001,19.090000,19.090000,248200
2023-09-01,18.900000,19.059999,18.840000,19.049999,19.049999,187800
2023-09-05,19.070000,19.120001,18.809999,18.940001,18.940001,87500
2023-09-06,19.030001,19.290001,19.030001,19.180000,19.180000,45300
2023-09-07,19.410000,19.420000,18.959999,18.959999,18.959999,95800
2023-09-08,18.950001,18.950001,18.690001,18.780001,18.780001,37100
2023-09-11,18.530001,18.709999,18.440001,18.440001,18.440001,37700
2023-09-12,18.480000,18.549999,18.330000,18.549999,18.549999,22400
2023-09-13,18.459999,18.530001,18.350000,18.469999,18.469999,22400
2023-09-14,18.389999,18.389999,18.150000,18.150000,18.150000,86600
2023-09-15,18.230000,18.510000,18.160000,18.510000,18.510000,79000
2023-09-18,18.650000,18.650000,18.270000,18.450001,18.450001,68700
2023-09-19,18.400000,18.690001,18.280001,18.290001,18.290001,74000
2023-09-20,18.200001,18.600000,18.120001,18.580000,18.580000,82300
2023-09-21,18.969999,19.120001,18.879999,19.090000,19.090000,86000
2023-09-22,19.040001,19.139999,18.920000,19.129999,19.129999,32400
2023-09-25,19.370001,19.410000,19.070000,19.170000,19.170000,106800
2023-09-26,19.370001,20.010000,19.280001,19.969999,19.969999,98600
2023-09-27,19.790001,20.299999,19.709999,19.709999,19.709999,101600
2023-09-28,19.770000,19.879999,19.219999,19.260000,19.260000,193700
2023-09-29,18.930000,19.459999,18.910000,19.410000,19.410000,67200
2023-10-02,19.440001,19.549999,19.200001,19.379999,19.379999,59500
2023-10-03,19.700001,20.469999,19.549999,20.450001,20.450001,236200
2023-10-04,20.469999,20.530001,20.080000,20.110001,20.110001,60900
2023-10-05,20.000000,20.540001,20.000000,20.059999,20.059999,121500
2023-10-06,20.340000,20.459999,19.600000,19.709999,19.709999,97500
2023-10-09,20.150000,20.260000,19.750000,19.799999,19.799999,98300
2023-10-10,19.660000,19.680000,19.299999,19.420000,19.420000,192100
2023-10-11,19.440001,19.670000,19.180000,19.180000,19.180000,22200
2023-10-12,19.170000,19.799999,19.040001,19.559999,19.559999,24200
2023-10-13,19.559999,20.709999,19.510000,20.680000,20.680000,240500
2023-10-16,20.290001,20.299999,19.870001,19.950001,19.950001,115000
2023-10-17,20.209999,20.410000,19.770000,20.240000,20.240000,75000
2023-10-18,20.469999,20.870001,20.450001,20.799999,20.799999,49200
2023-10-19,20.650000,21.490000,20.639999,21.480000,21.480000,59700
2023-10-20,21.520000,21.750000,21.379999,21.709999,21.709999,119400
2023-10-23,21.910000,22.000000,20.959999,21.160000,21.160000,234600
2023-10-24,20.850000,21.129999,20.570000,20.650000,20.650000,93500
2023-10-25,20.740000,21.459999,20.730000,21.430000,21.430000,91800
2023-10-26,21.389999,21.770000,21.230000,21.500000,21.500000,90400
2023-10-27,21.250000,21.900000,21.219999,21.900000,21.900000,62500
2023-10-30,21.500000,21.549999,20.940001,20.969999,20.969999,57900
2023-10-31,20.740000,20.879999,20.309999,20.360001,20.360001,104100
2023-11-01,20.190001,20.200001,19.680000,19.680000,19.680000,219200
2023-11-02,19.430000,19.559999,19.280001,19.309999,19.309999,198700
2023-11-03,19.209999,19.209999,18.950001,19.040001,19.040001,244000
2023-11-06,18.889999,18.910000,18.549999,18.570000,18.570000,208600
2023-11-07,18.590000,18.650000,18.480000,18.510000,18.510000,67000
2023-11-08,18.370001,18.620001,18.240000,18.260000,18.260000,53300
2023-11-09,18.139999,18.660000,18.110001,18.629999,18.629999,202900
2023-11-10,18.469999,18.500000,18.059999,18.139999,18.139999,39500
2023-11-13,18.219999,18.260000,17.950001,18.190001,18.190001,49800
2023-11-14,17.840000,18.190001,17.820000,18.180000,18.180000,37000
2023-11-15,18.059999,18.110001,17.930000,18.000000,18.000000,101200
2023-11-16,17.959999,18.000000,17.740000,17.790001,17.790001,43500
2023-11-17,17.700001,17.750000,17.629999,17.680000,17.680000,29000
2023-11-20,17.629999,17.639999,17.510000,17.639999,17.639999,47200
2023-11-21,17.680000,17.680000,17.400000,17.400000,17.400000,42100
2023-11-22,17.270000,17.600000,17.240000,17.520000,17.520000,137900
2023-11-24,17.520000,17.540001,17.120001,17.120001,17.120001,45900
2023-11-27,17.250000,17.299999,17.129999,17.299999,17.299999,74500
2023-11-28,17.240000,17.260000,17.110001,17.160000,17.160000,72800
2023-11-29,17.010000,17.389999,16.930000,17.389999,17.389999,70000
2023-11-30,17.280001,17.389999,17.200001,17.209999,17.209999,113600
2023-12-01,17.170000,17.270000,17.080000,17.100000,17.100000,91900
2023-12-04,17.250000,17.469999,17.190001,17.280001,17.280001,49200
2023-12-05,17.370001,17.370001,17.200001,17.280001,17.280001,42800
2023-12-06,17.180000,17.370001,17.180000,17.280001,17.280001,65400
2023-12-07,17.320000,17.350000,17.200001,17.240000,17.240000,38600
2023-12-08,17.200001,17.200001,16.930000,16.930000,16.930000,45400
2023-12-11,16.959999,16.959999,16.719999,16.730000,16.730000,63000
2023-12-12,16.580000,16.610001,16.340000,16.469999,16.469999,97600
2023-12-13,16.440001,16.510000,16.200001,16.240000,16.240000,68500
2023-12-14,16.100000,16.370001,16.070000,16.110001,16.110001,198500
2023-12-15,16.170000,16.459999,16.110001,16.459999,16.459999,35000
2023-12-18,16.469999,16.610001,16.420000,16.610001,16.610001,31100
2023-12-19,16.690001,16.990000,16.680000,16.969999,16.969999,38900
2023-12-20,16.969999,17.639999,16.920000,17.549999,17.549999,173600
2023-12-21,17.430000,17.530001,17.290001,17.340000,17.340000,67400
2023-12-22,17.400000,17.570000,17.260000,17.260000,17.260000,47100
2023-12-26,17.250000,17.309999,17.090000,17.110001,17.110001,39000
2023-12-27,17.110001,17.110001,16.719999,16.740000,16.740000,68900
2023-12-28,16.639999,16.760000,16.639999,16.709999,16.709999,27400
2023-12-29,16.660000,16.809999,16.629999,16.750000,16.750000,112600
2024-01-02,16.959999,17.000000,16.650000,16.700001,16.700001,90400
2024-01-03,16.799999,17.049999,16.680000,16.889999,16.889999,40000
2024-01-04,16.940001,16.940001,16.740000,16.790001,16.790001,43700
2024-01-05,16.830000,16.830000,16.440001,16.450001,16.450001,53300
2024-01-08,16.490000,16.490000,16.100000,16.209999,16.209999,81600
2024-01-09,16.320000,16.320000,16.000000,16.020000,16.020000,54400
2024-01-10,15.940000,15.960000,15.820000,15.850000,15.850000,28200
2024-01-11,15.710000,16.129999,15.640000,15.940000,15.940000,69500
2024-01-12,15.890000,16.059999,15.830000,16.000000,16.000000,57600
2024-01-16,16.250000,16.469999,16.160000,16.389999,16.389999,107200
2024-01-17,16.719999,16.840000,16.400000,16.570000,16.570000,115600
2024-01-18,16.309999,16.530001,16.240000,16.240000,16.240000,31400
2024-01-19,16.120001,16.170000,15.920000,15.990000,15.990000,76500
2024-01-22,15.890000,15.950000,15.670000,15.710000,15.710000,57100
2024-01-23,15.550000,15.580000,15.450000,15.450000,15.450000,63700
2024-01-24,15.390000,15.670000,15.390000,15.640000,15.640000,67800
2024-01-25,15.590000,15.750000,15.550000,15.750000,15.750000,38500
2024-01-26,15.720000,15.730000,15.600000,15.660000,15.660000,37700
2024-01-29,15.700000,15.810000,15.650000,15.680000,15.680000,28800
2024-01-30,15.620000,15.710000,15.590000,15.710000,15.710000,61700
2024-01-31,15.750000,16.160000,15.710000,16.110001,16.110001,80700
2024-02-01,15.970000,16.180000,15.850000,16.000000,16.000000,75200
2024-02-02,16.010000,16.059999,15.850000,16.059999,16.059999,57800
2024-02-05,16.030001,16.240000,15.750000,15.830000,15.830000,49200
2024-02-06,15.720000,15.870000,15.640000,15.660000,15.660000,31100
2024-02-07,15.630000,15.730000,15.610000,15.670000,15.670000,58300
2024-02-08,15.680000,15.770000,15.590000,15.620000,15.620000,23200
2024-02-09,15.580000,15.750000,15.490000,15.710000,15.710000,61500
2024-02-12,15.740000,16.040001,15.640000,16.020000,16.020000,62000
2024-02-13,16.250000,16.889999,16.209999,16.350000,16.350000,136300
2024-02-14,16.120001,16.340000,15.970000,16.139999,16.139999,50700
2024-02-15,16.020000,16.270000,15.950000,16.160000,16.160000,32300
2024-02-16,16.129999,16.219999,15.990000,16.090000,16.090000,54900
2024-02-20,16.139999,16.430000,16.129999,16.230000,16.230000,31300
2024-02-21,16.280001,16.280001,16.020000,16.020000,16.020000,87200
2024-02-22,15.730000,16.059999,15.640000,16.059999,16.059999,197400
2024-02-23,15.830000,15.910000,15.790000,15.800000,15.800000,24800
2024-02-26,15.660000,15.700000,15.580000,15.620000,15.620000,68200
2024-02-27,15.560000,15.580000,15.510000,15.520000,15.520000,51900
2024-02-28,15.620000,15.740000,15.550000,15.680000,15.680000,44000
2024-02-29,15.550000,15.670000,15.520000,15.580000,15.580000,33700
2024-03-01,15.570000,15.700000,15.510000,15.620000,15.620000,70600
2024-03-04,15.660000,15.810000,15.630000,15.790000,15.790000,44800
2024-03-05,15.860000,16.260000,15.840000,16.080000,16.080000,134500
2024-03-06,15.840000,16.070000,15.840000,16.059999,16.059999,57600
2024-03-07,15.960000,16.170000,15.930000,16.129999,16.129999,27400
2024-03-08,16.010000,16.610001,16.010000,16.299999,16.299999,57600
2024-03-11,16.370001,16.510000,16.170000,16.270000,16.270000,32000
2024-03-12,16.129999,16.190001,15.960000,16.080000,16.080000,2647800
2024-03-13,16.070000,16.120001,15.930000,16.040001,16.040001,576000
2024-03-14,16.030001,16.600000,15.960000,16.370001,16.370001,125000
2024-03-15,16.430000,16.770000,16.370001,16.520000,16.520000,230900
2024-03-18,16.370001,16.370001,16.230000,16.290001,16.290001,35100
2024-03-19,16.270000,16.290001,16.030001,16.049999,16.049999,67000
2024-03-20,16.110001,16.110001,15.820000,15.820000,15.820000,100300
2024-03-21,15.740000,15.960000,15.740000,15.880000,15.880000,181400
2024-03-22,15.940000,15.980000,15.830000,15.940000,15.940000,46600
2024-03-25,16.000000,16.000000,15.800000,15.910000,15.910000,46100
2024-03-26,15.820000,15.840000,15.750000,15.800000,15.800000,52200
2024-03-27,15.760000,15.850000,15.670000,15.710000,15.710000,20200
2024-03-28,15.730000,15.850000,15.670000,15.850000,15.850000,40500
2024-04-01,15.850000,15.960000,15.770000,15.830000,15.830000,45900
2024-04-02,16.129999,16.290001,16.010000,16.020000,16.020000,245400
2024-04-03,16.129999,16.129999,15.870000,15.960000,15.960000,35500
2024-04-04,15.790000,16.340000,15.790000,16.290001,16.290001,45400
2024-04-05,16.260000,16.340000,16.120001,16.290001,16.290001,56000
2024-04-08,16.250000,16.299999,16.000000,16.080000,16.080000,56800
2024-04-09,16.059999,16.250000,15.980000,16.059999,16.059999,37300
2024-04-10,16.299999,16.420000,16.139999,16.240000,16.240000,59100
2024-04-11,16.260000,16.520000,16.080000,16.150000,16.150000,69300
2024-04-12,16.490000,16.940001,16.450001,16.639999,16.639999,3244500
2024-04-15,16.450001,17.000000,16.370001,17.000000,17.000000,82800
2024-04-16,17.020000,17.020000,16.500000,16.600000,16.600000,49300
2024-04-17,16.459999,16.740000,16.350000,16.430000,16.430000,29500
2024-04-18,16.370001,16.660000,16.330000,16.600000,16.600000,78600
2024-04-19,16.520000,16.760000,16.420000,16.549999,16.549999,61700
2024-04-22,16.320000,16.350000,15.810000,15.900000,15.900000,178400
2024-04-23,15.740000,15.760000,15.550000,15.620000,15.620000,3754700
2024-04-24,15.620000,15.770000,15.570000,15.590000,15.590000,65900
2024-04-25,15.910000,15.930000,15.510000,15.510000,15.510000,72600
2024-04-26,15.340000,15.560000,15.270000,15.510000,15.510000,1051900
2024-04-29,15.400000,15.470000,15.270000,15.270000,15.270000,59100
2024-04-30,15.340000,15.400000,15.190000,15.370000,15.370000,52200
2024-05-01,15.470000,15.630000,15.210000,15.630000,15.630000,93500
2024-05-02,15.380000,15.570000,15.230000,15.230000,15.230000,34000
2024-05-03,15.010000,15.160000,14.960000,14.990000,14.990000,79100
2024-05-06,14.900000,14.950000,14.710000,14.710000,14.710000,145900
2024-05-07,14.700000,14.750000,14.680000,14.720000,14.720000,29800
2024-05-08,14.740000,14.740000,14.630000,14.670000,14.670000,55100
2024-05-09,14.580000,14.660000,14.550000,14.550000,14.550000,26800
2024-05-10,14.500000,14.550000,14.450000,14.450000,14.450000,400100
2024-05-13,14.440000,14.540000,14.420000,14.490000,14.490000,63900
2024-05-14,14.510000,14.550000,14.320000,14.320000,14.320000,58600
2024-05-15,14.170000,14.260000,14.010000,14.010000,14.010000,87700
2024-05-16,14.050000,14.110000,14.010000,14.060000,14.060000,136300
2024-05-17,14.060000,14.060000,13.870000,13.920000,13.920000,460700
2024-05-20,13.840000,13.920000,13.790000,13.880000,13.880000,38000
2024-05-21,13.910000,13.920000,13.770000,13.830000,13.830000,73400
2024-05-22,13.870000,14.050000,13.840000,13.980000,13.980000,65200
2024-05-23,13.860000,14.140000,13.850000,14.060000,14.060000,98600
2024-05-24,14.070000,14.100000,13.860000,13.870000,13.870000,44000
2024-05-28,13.830000,14.100000,13.830000,13.990000,13.990000,137100
2024-05-29,14.220000,14.260000,14.060000,14.190000,14.190000,86900
2024-05-30,14.210000,14.230000,14.040000,14.080000,14.080000,30800
2024-05-31,13.980000,14.210000,13.900000,13.900000,13.900000,41900
2024-06-03,13.850000,14.080000,13.810000,13.970000,13.970000,81900
2024-06-04,14.060000,14.160000,14.020000,14.060000,14.060000,48700
2024-06-05,13.940000,14.110000,13.930000,14.020000,14.020000,41700
2024-06-06,14.030000,14.140000,14.010000,14.140000,14.140000,33100
2024-06-07,14.090000,14.090000,13.980000,14.060000,14.060000,29900
2024-06-10,14.110000,14.170000,14.020000,14.060000,14.060000,64200
2024-06-11,14.140000,14.190000,14.010000,14.060000,14.060000,56300
2024-06-12,13.940000,14.100000,13.900000,14.100000,14.100000,110500
2024-06-13,14.070000,14.260000,14.010000,14.130000,14.130000,68300
2024-06-14,14.310000,14.400000,14.210000,14.300000,14.300000,109000
2024-06-17,14.360000,14.470000,14.240000,14.320000,14.320000,111800
2024-06-18,14.250000,14.400000,14.210000,14.390000,14.390000,31500
2024-06-20,14.320000,14.790000,14.310000,14.790000,14.790000,156600
2024-06-21,14.870000,14.920000,14.470000,14.540000,14.540000,162300
2024-06-24,14.500000,14.560000,14.400000,14.410000,14.410000,39700
2024-06-25,14.460000,14.480000,14.330000,14.330000,14.330000,45500
2024-06-26,14.400000,14.400000,14.310000,14.330000,14.330000,19800
2024-06-27,14.350000,14.350000,14.100000,14.180000,14.180000,5269300
2024-06-28,14.170000,14.330000,14.110000,14.330000,14.330000,69300
2024-07-01,14.200000,14.270000,13.970000,13.970000,13.970000,75700
2024-07-02,14.130000,14.130000,13.900000,13.950000,13.950000,108900
2024-07-03,14.020000,14.110000,13.940000,14.090000,14.090000,39900
2024-07-05,13.960000,14.130000,13.960000,14.070000,14.070000,97400
2024-07-08,14.020000,14.090000,13.970000,14.030000,14.030000,42200
2024-07-09,13.940000,14.060000,13.900000,14.050000,14.050000,79100
2024-07-10,14.040000,14.040000,13.840000,13.920000,13.920000,118600
2024-07-11,13.830000,14.190000,13.830000,14.100000,14.100000,148100
2024-07-12,14.070000,14.070000,13.860000,14.000000,14.000000,76300
2024-07-15,13.950000,14.150000,13.790000,14.140000,14.140000,67000
2024-07-16,14.080000,14.180000,14.060000,14.150000,14.150000,55500
2024-07-17,14.360000,14.500000,14.220000,14.330000,14.330000,91400
2024-07-18,14.170000,14.610000,14.160000,14.480000,14.480000,115900
2024-07-19,14.490000,14.650000,14.390000,14.520000,14.520000,48000
2024-07-22,14.450000,14.480000,14.240000,14.290000,14.290000,75800
2024-07-23,14.310000,14.360000,14.200000,14.350000,14.350000,73400
2024-07-24,14.560000,14.950000,14.540000,14.950000,14.950000,105200
2024-07-25,14.920000,15.160000,14.580000,15.000000,15.000000,120300
2024-07-26,14.890000,14.890000,14.610000,14.710000,14.710000,60800
2024-07-29,14.630000,14.690000,14.390000,14.470000,14.470000,40800
2024-07-30,14.370000,14.960000,14.370000,14.550000,14.550000,117800
2024-07-31,14.380000,14.400000,14.130000,14.400000,14.400000,95100
2024-08-01,14.310000,15.170000,14.300000,14.910000,14.910000,154000
2024-08-02,15.430000,16.520000,15.380000,16.240000,16.240000,608000
2024-08-05,18.490000,19.920000,17.299999,19.910000,19.910000,1339000
2024-08-06,17.760000,18.320000,16.639999,16.940001,16.940001,724800
2024-08-07,16.190001,17.680000,16.190001,16.969999,16.969999,174900
2024-08-08,16.889999,17.110001,16.350000,16.370001,16.370001,125300
2024-08-09,16.350000,16.590000,15.410000,15.460000,15.460000,85200
2024-08-12,15.340000,15.730000,14.990000,15.380000,15.380000,122100
2024-08-13,15.040000,15.320000,14.680000,14.700000,14.700000,76900
2024-08-14,14.520000,14.710000,14.320000,14.340000,14.340000,156000
2024-08-15,14.250000,14.440000,14.120000,14.270000,14.270000,111300
2024-08-16,14.230000,14.460000,14.190000,14.420000,14.420000,103500
2024-08-19,14.400000,14.480000,14.250000,14.410000,14.410000,63800
2024-08-20,14.430000,14.760000,14.390000,14.750000,14.750000,72500
2024-08-21,14.680000,14.940000,14.590000,14.690000,14.690000,154800
2024-08-22,14.670000,14.980000,14.610000,14.920000,14.920000,142500
2024-08-23,14.800000,14.820000,14.580000,14.630000,14.630000,67800
2024-08-26,14.500000,14.700000,14.440000,14.450000,14.450000,142200
2024-08-27,14.530000,14.620000,14.360000,14.400000,14.400000,79300
2024-08-28,14.350000,14.780000,14.310000,14.530000,14.530000,120700
2024-08-29,14.490000,14.620000,14.390000,14.560000,14.560000,37100
2024-08-30,14.400000,14.540000,14.350000,14.420000,14.420000,54500
2024-09-03,14.500000,15.540000,14.500000,15.380000,15.380000,163900
2024-09-04,15.560000,15.860000,15.150000,15.860000,15.860000,200300
2024-09-05,15.710000,15.870000,15.280000,15.310000,15.310000,170300
2024-09-06,15.290000,16.180000,15.230000,15.980000,15.980000,281200
2024-09-09,15.820000,15.970000,15.420000,15.710000,15.710000,67200
2024-09-10,15.590000,15.940000,15.390000,15.440000,15.440000,74900
2024-09-11,15.260000,15.980000,15.020000,15.030000,15.030000,84200
2024-09-12,15.050000,15.160000,14.920000,14.980000,14.980000,66300
2024-09-13,14.980000,15.040000,14.810000,14.990000,14.990000,49700
2024-09-16,15.160000,15.250000,15.020000,15.080000,15.080000,54500
2024-09-17,15.090000,15.300000,14.960000,15.090000,15.090000,364900
2024-09-18,15.140000,15.240000,14.610000,15.010000,15.010000,465400
2024-09-19,14.820000,14.820000,14.560000,14.580000,14.580000,218000
2024-09-20,14.650000,14.800000,14.530000,14.780000,14.780000,83600
2024-09-23,14.760000,14.880000,14.650000,14.870000,14.870000,78200
2024-09-24,14.810000,15.020000,14.700000,14.800000,14.800000,173400
2024-09-25,14.780000,14.950000,14.710000,14.930000,14.930000,125600
2024-09-26,14.850000,14.930000,14.800000,14.880000,14.880000,115900
2024-09-27,14.920000,15.280000,14.880000,15.250000,15.250000,88800
2024-09-30,15.320000,15.420000,15.080000,15.110000,15.110000,57100
2024-10-01,15.050000,15.820000,15.050000,15.400000,15.400000,160700
2024-10-02,15.580000,15.790000,15.420000,15.510000,15.510000,43400
2024-10-03,15.690000,15.850000,15.530000,15.780000,15.780000,99900
2024-10-04,15.500000,15.780000,15.360000,15.440000,15.440000,111700
2024-10-07,15.560000,16.200001,15.500000,16.160000,16.160000,163400
2024-10-08,15.890000,15.940000,15.660000,15.700000,15.700000,100000
2024-10-09,15.690000,15.690000,15.390000,15.420000,15.420000,251400
2024-10-10,15.420000,15.600000,15.410000,15.430000,15.430000,44100
2024-10-11,15.430000,15.460000,15.320000,15.350000,15.350000,36400
2024-10-14,15.230000,15.280000,14.950000,14.990000,14.990000,78200
2024-10-15,14.970000,15.100000,14.820000,15.070000,15.070000,55000
2024-10-16,15.090000,15.100000,14.910000,15.050000,15.050000,26400
2024-10-17,14.990000,15.050000,14.880000,15.010000,15.010000,45200
2024-10-18,14.980000,14.980000,14.610000,14.610000,14.610000,84900
2024-10-21,14.790000,14.950000,14.650000,14.670000,14.670000,151600
2024-10-22,14.760000,14.860000,14.560000,14.630000,14.630000,83400
2024-10-23,14.730000,15.150000,14.680000,14.970000,14.970000,76000
2024-10-24,14.890000,15.160000,14.840000,14.910000,14.910000,47500
2024-10-25,14.840000,15.290000,14.710000,15.240000,15.240000,59200
2024-10-28,14.910000,14.920000,14.790000,14.880000,14.880000,63100
2024-10-29,14.870000,14.950000,14.760000,14.850000,14.850000,137600
2024-10-30,14.980000,15.070000,14.860000,14.990000,14.990000,113300
2024-10-31,15.220000,15.690000,15.190000,15.600000,15.600000,360900
2024-11-01,15.560000,15.660000,15.330000,15.660000,15.660000,158600
2024-11-04,15.640000,15.680000,15.220000,15.310000,15.310000,91300
2024-11-05,15.240000,15.240000,14.890000,14.920000,14.920000,90900
2024-11-06,14.060000,14.460000,14.010000,14.330000,14.330000,219500
2024-11-07,14.270000,14.270000,14.100000,14.160000,14.160000,592300
2024-11-08,14.100000,14.100000,13.970000,14.010000,14.010000,62800
2024-11-11,13.980000,13.980000,13.870000,13.970000,13.970000,121900
2024-11-12,14.030000,14.190000,13.930000,14.080000,14.080000,98200
2024-11-13,13.970000,14.080000,13.940000,14.030000,14.030000,89900
2024-11-14,13.890000,14.100000,13.850000,14.050000,14.050000,122100
2024-11-15,14.220000,14.520000,14.170000,14.360000,14.360000,510500
2024-11-18,14.290000,14.290000,13.980000,14.050000,14.050000,160300
2024-11-19,14.490000,14.490000,14.030000,14.150000,14.150000,92800
2024-11-20,14.150000,14.370000,14.110000,14.200000,14.200000,90600
2024-11-21,14.060000,14.360000,14.000000,14.190000,14.190000,118400
2024-11-22,14.100000,14.110000,13.960000,14.030000,14.030000,83100
2024-11-25,13.840000,14.060000,13.760000,13.780000,13.780000,92700
2024-11-26,13.760000,13.780000,13.690000,13.780000,13.780000,63200
2024-11-27,13.760000,13.880000,13.720000,13.780000,13.780000,58200
2024-11-29,13.740000,13.750000,13.680000,13.740000,13.740000,35400
2024-12-02,13.750000,13.840000,13.680000,13.820000,13.820000,90400
2024-12-03,13.840000,13.920000,13.770000,13.830000,13.830000,50500
2024-12-04,13.800000,14.060000,13.730000,14.060000,14.060000,153900
2024-12-05,14.010000,14.200000,13.990000,14.200000,14.200000,108600
2024-12-06,14.020000,14.060000,13.940000,14.010000,14.010000,115100
2024-12-09,14.030000,14.210000,13.950000,14.200000,14.200000,193600
2024-12-10,14.100000,14.190000,14.020000,14.190000,14.190000,127200
2024-12-11,14.080000,14.230000,13.980000,14.230000,14.230000,100700
2024-12-12,14.300000,14.370000,14.200000,14.300000,14.300000,72000
2024-12-13,14.230000,14.410000,14.180000,14.320000,14.320000,60100
2024-12-16,14.320000,14.520000,14.300000,14.440000,14.440000,75600
2024-12-17,14.550000,14.660000,14.470000,14.520000,14.520000,98000
2024-12-18,14.500000,15.400000,14.420000,15.350000,15.350000,327800
2024-12-19,15.100000,16.040001,15.030000,15.970000,15.970000,597100
2024-12-20,15.880000,15.950000,14.800000,14.830000,14.830000,336800
2024-12-23,14.760000,14.980000,14.230000,14.240000,14.240000,101400
2024-12-24,14.120000,14.200000,13.900000,13.900000,13.900000,129300
2024-12-26,13.950000,14.230000,13.950000,14.100000,14.100000,92600
2024-12-27,14.360000,14.550000,14.180000,14.410000,14.410000,147100
2024-12-30,14.790000,15.000000,14.400000,14.570000,14.570000,218600
2024-12-31,14.440000,14.610000,14.300000,14.460000,14.460000,58900
2025-01-02,14.350000,15.010000,14.340000,14.610000,14.610000,102300
2025-01-03,14.600000,14.600000,14.330000,14.360000,14.360000,75000
2025-01-06,14.280000,14.370000,14.110000,14.180000,14.180000,115700
2025-01-07,14.100000,14.670000,14.100000,14.620000,14.620000,61800
2025-01-08,14.700000,14.910000,14.600000,14.670000,14.670000,103300
2025-01-10,14.970000,15.340000,14.770000,15.190000,15.190000,162300
2025-01-13,15.410000,15.580000,15.020000,15.220000,15.220000,105400
2025-01-14,15.030000,15.190000,14.860000,14.970000,14.970000,72500
2025-01-15,14.680000,14.710000,14.500000,14.590000,14.590000,262100
2025-01-16,14.470000,14.550000,14.370000,14.410000,14.410000,225500
2025-01-17,14.380000,14.510000,14.300000,14.490000,14.490000,71800
2025-01-21,14.440000,14.490000,14.260000,14.350000,14.350000,108400
2025-01-22,14.310000,14.420000,14.290000,14.400000,14.400000,66900
2025-01-23,14.320000,14.330000,14.200000,14.290000,14.290000,113500
2025-01-24,14.270000,14.370000,14.220000,14.300000,14.300000,89000
2025-01-27,14.950000,15.010000,14.550000,14.600000,14.600000,308900
2025-01-28,14.450000,14.730000,14.220000,14.300000,14.300000,122700
2025-01-29,14.270000,14.500000,14.250000,14.280000,14.280000,92600
2025-01-30,14.160000,14.460000,14.100000,14.360000,14.360000,218100
2025-01-31,14.250000,14.700000,14.220000,14.660000,14.660000,208100
2025-02-03,15.090000,15.200000,14.420000,14.660000,14.660000,190600
2025-02-04,14.500000,14.600000,14.370000,14.480000,14.480000,179600
2025-02-05,14.480000,14.580000,14.350000,14.380000,14.380000,115500
2025-02-06,14.350000,14.500000,14.310000,14.400000,14.400000,42400
2025-02-07,14.390000,14.740000,14.360000,14.710000,14.710000,211100
2025-02-10,14.510000,14.580000,14.460000,14.540000,14.540000,49400
2025-02-11,14.560000,14.610000,14.460000,14.550000,14.550000,60500
2025-02-12,14.720000,14.730000,14.500000,14.600000,14.600000,81300
2025-02-13,14.580000,14.670000,14.450000,14.480000,14.480000,273200
2025-02-14,14.520000,14.650000,14.520000,14.630000,14.630000,79600
2025-02-18,14.580000,14.690000,14.530000,14.600000,14.600000,91500
2025-02-19,14.640000,14.800000,14.600000,14.640000,14.640000,83600
2025-02-20,14.710000,14.850000,14.600000,14.690000,14.690000,58300
2025-02-21,14.670000,15.170000,14.620000,15.090000,15.090000,494700
2025-02-24,15.000000,15.200000,14.840000,15.050000,15.050000,115900
2025-02-25,15.150000,15.330000,14.930000,15.020000,15.020000,138400
2025-02-26,14.980000,15.140000,14.790000,14.930000,14.930000,90600
2025-02-27,14.930000,15.330000,14.890000,15.240000,15.240000,200200
2025-02-28,15.430000,15.570000,15.070000,15.110000,15.110000,313000
2025-03-03,14.970000,15.930000,14.970000,15.690000,15.690000,437300
2025-03-04,15.990000,16.340000,15.500000,15.730000,15.730000,1117600
2025-03-05,15.810000,15.840000,15.400000,15.510000,15.510000,310200
2025-03-06,16.000000,16.280001,15.750000,16.280001,16.280001,186000
2025-03-07,16.309999,16.389999,15.730000,15.810000,15.810000,324300
2025-03-10,16.139999,16.600000,16.040001,16.549999,16.549999,956100
2025-03-11,16.660000,17.040001,16.370001,16.490000,16.490000,1044300
2025-03-12,16.080000,16.459999,15.920000,16.020000,16.020000,798300
2025-03-13,16.070000,16.559999,15.950000,16.340000,16.340000,581000
2025-03-14,16.010000,16.150000,15.690000,15.730000,15.730000,358700
2025-03-17,15.610000,15.830000,15.510000,15.580000,15.580000,141600
2025-03-18,15.500000,15.850000,15.470000,15.660000,15.660000,91300
2025-03-19,15.710000,15.740000,15.250000,15.450000,15.450000,169200
2025-03-20,15.540000,15.560000,15.300000,15.360000,15.360000,80800
2025-03-21,15.510000,15.540000,15.230000,15.280000,15.280000,175600
2025-03-24,15.020000,15.030000,14.700000,14.700000,14.700000,438900
2025-03-25,14.720000,14.890000,14.680000,14.890000,14.890000,168300
2025-03-26,14.820000,15.330000,14.800000,15.200000,15.200000,122700
2025-03-27,15.200000,15.350000,15.090000,15.160000,15.160000,34400
2025-03-28,15.320000,15.830000,15.250000,15.770000,15.770000,198900
2025-03-31,16.309999,16.400000,15.750000,15.850000,15.850000,311000
2025-04-01,15.940000,16.160000,15.730000,15.780000,15.780000,295200
2025-04-02,16.129999,16.129999,15.560000,15.650000,15.650000,202400
2025-04-03,16.709999,17.379999,16.490000,17.379999,17.379999,694800
2025-04-04,18.530001,18.879999,17.680000,18.459999,18.459999,1124200
2025-04-07,19.709999,19.809999,17.100000,18.000000,18.000000,692700
2025-04-08,17.500000,19.690001,17.440001,18.540001,18.540001,408100
2025-04-09,19.250000,19.500000,16.750000,16.830000,16.830000,588000
2025-04-10,17.809999,19.420000,17.709999,18.780001,18.780001,391000
2025-04-11,18.799999,19.639999,18.389999,18.910000,18.910000,244100
2025-04-14,18.070000,18.629999,18.059999,18.250000,18.250000,200800
2025-04-15,18.420000,18.450001,17.920000,18.160000,18.160000,77500
2025-04-16,18.450001,18.980000,18.290001,18.940001,18.940001,104000
2025-04-17,18.680000,19.040001,18.610001,18.790001,18.790001,59100
2025-04-21,18.850000,19.500000,18.730000,19.430000,19.430000,150900
2025-04-22,19.090000,19.110001,18.760000,18.840000,18.840000,95100
2025-04-23,18.410000,18.680000,18.240000,18.549999,18.549999,166000
2025-04-24,18.450001,18.490000,18.080000,18.160000,18.160000,68200
2025-04-25,18.129999,18.309999,17.700001,17.750000,17.750000,128300
2025-04-28,17.700001,18.180000,17.690001,17.860001,17.860001,54400
2025-04-29,17.809999,18.020000,17.799999,17.799999,17.799999,62900
2025-04-30,18.070000,18.400000,17.920000,18.049999,18.049999,202600
2025-05-01,17.840000,17.940001,17.700001,17.830000,17.830000,123200
2025-05-02,17.709999,17.760000,17.370001,17.430000,17.430000,160300
2025-05-05,17.559999,17.650000,17.389999,17.510000,17.510000,90200
2025-05-06,17.700001,17.850000,17.610001,17.830000,17.830000,146600
2025-05-07,17.780001,17.950001,17.629999,17.660000,17.660000,161500
2025-05-08,17.570000,17.650000,17.320000,17.410000,17.410000,145800
2025-05-09,17.280001,17.350000,17.160000,17.250000,17.250000,64200
2025-05-12,16.750000,16.750000,15.980000,16.000000,16.000000,240700
2025-05-13,15.970000,16.040001,15.800000,16.000000,16.000000,200900
2025-05-14,16.080000,16.170000,15.970000,16.110001,16.110001,94700
2025-05-15,16.209999,16.290001,16.000000,16.059999,16.059999,53100
2025-05-16,15.960000,16.200001,15.960000,16.190001,16.190001,133900
2025-05-19,16.459999,16.480000,16.190001,16.340000,16.340000,123300
2025-05-20,16.290001,16.510000,16.250000,16.340000,16.340000,232000
2025-05-21,16.500000,17.000000,16.410000,16.940001,16.940001,103300
2025-05-22,17.000000,17.080000,16.770000,16.940001,16.940001,68600
2025-05-23,17.450001,17.450001,17.129999,17.270000,17.270000,82300
2025-05-27,16.920000,16.920000,16.590000,16.639999,16.639999,107500
2025-05-28,16.590000,16.840000,16.590000,16.780001,16.780001,31800
2025-05-29,16.629999,16.920000,16.629999,16.870001,16.870001,83700
2025-05-30,17.040001,17.240000,16.879999,17.040001,17.040001,59500
2025-06-02,17.129999,17.129999,16.920000,16.950001,16.950001,92000
2025-06-03,16.930000,17.000000,16.770000,16.879999,16.879999,39900
2025-06-04,16.830000,16.959999,16.760000,16.959999,16.959999,38500
2025-06-05,16.790001,17.160000,16.719999,17.139999,17.139999,84100
2025-06-06,16.959999,16.959999,16.799999,16.900000,16.900000,83900
2025-06-09,16.870001,16.889999,16.719999,16.820000,16.820000,76100
2025-06-10,16.840000,16.910000,16.760000,16.860001,16.860001,79300
2025-06-11,16.709999,16.940001,16.629999,16.910000,16.910000,92600
2025-06-12,17.010000,17.030001,16.879999,16.969999,16.969999,44600
2025-06-13,17.309999,17.540001,17.059999,17.480000,17.480000,221900
2025-06-16,17.180000,17.180000,16.870001,17.000000,17.000000,158900
2025-06-17,17.190001,17.459999,17.190001,17.290001,17.290001,140200
2025-06-18,17.430000,17.430000,17.070000,17.180000,17.180000,246000
2025-06-20,17.139999,17.330000,17.080000,17.260000,17.260000,75100
2025-06-23,17.360001,17.459999,17.139999,17.190001,17.190001,87800
2025-06-24,16.860001,16.870001,16.740000,16.750000,16.750000,237000
2025-06-25,16.670000,16.790001,16.629999,16.680000,16.680000,78100
2025-06-26,16.620001,16.639999,16.530001,16.600000,16.600000,154300
2025-06-27,16.629999,16.730000,16.570000,16.730000,16.730000,91800
2025-06-30,16.620001,16.799999,16.620001,16.760000,16.760000,208200
2025-07-01,16.820000,16.820000,16.670000,16.780001,16.780001,103300
2025-07-02,16.709999,16.809999,16.660000,16.799999,16.799999,106700
2025-07-03,16.690001,16.820000,16.639999,16.790001,16.790001,263400
2025-07-07,16.889999,17.010000,16.780001,16.809999,16.809999,385600
2025-07-08,16.660000,16.740000,16.580000,16.719999,16.719999,110500
2025-07-09,16.600000,16.690001,16.549999,16.629999,16.629999,118900
2025-07-10,16.639999,16.700001,16.549999,16.590000,16.590000,99100
2025-07-11,16.670000,16.719999,16.549999,16.610001,16.610001,127600
2025-07-14,16.790001,16.799999,16.700001,16.730000,16.730000,159000
2025-07-15,16.600000,16.809999,16.600000,16.750000,16.750000,83000
2025-07-16,16.790001,17.260000,16.790001,16.940001,16.940001,140000
2025-07-17,16.930000,17.049999,16.910000,17.049999,17.049999,105700
2025-07-18,16.910000,16.990000,16.910000,16.940001,16.940001,114700
2025-07-21,16.930000,16.969999,16.780001,16.969999,16.969999,165100
2025-07-22,16.959999,17.110001,16.930000,17.000000,17.000000,226000
2025-07-23,16.799999,16.920000,16.600000,16.600000,16.600000,161600
2025-07-24,16.600000,16.600000,16.490000,16.580000,16.580000,167400
2025-07-25,16.610001,16.610001,16.480000,16.510000,16.510000,168800
2025-07-28,16.410000,16.450001,16.290001,16.320000,16.320000,293900
2025-07-29,16.370001,16.650000,16.309999,16.610001,16.610001,158300
2025-07-30,16.660000,16.750000,16.549999,16.660000,16.660000,70400
2025-07-31,16.629999,16.799999,16.559999,16.770000,16.770000,84400
2025-08-01,17.090000,17.219999,16.920000,17.049999,17.049999,980900
2025-08-04,16.920000,16.940001,16.780001,16.860001,16.860001,113800
2025-08-05,16.809999,17.040001,16.790001,16.900000,16.900000,41100
2025-08-06,16.860001,16.920000,16.670000,16.690001,16.690001,59200
2025-08-07,16.559999,16.840000,16.559999,16.760000,16.760000,37200
2025-08-08,16.690001,16.770000,16.620001,16.719999,16.719999,63600
2025-08-11,16.690001,16.780001,16.639999,16.770000,16.770000,36400
2025-08-12,16.670000,16.750000,16.570000,16.590000,16.590000,91700
2025-08-13,16.520000,16.650000,16.469999,16.650000,16.650000,47500
2025-08-14,16.680000,16.700001,16.570000,16.620001,16.620001,111800
2025-08-15,16.639999,16.780001,16.629999,16.780001,16.780001,170200
2025-08-18,16.850000,16.850000,16.600000,16.639999,16.639999,122700
2025-08-19,16.559999,16.750000,16.530001,16.650000,16.650000,93600
2025-08-20,16.680000,16.870001,16.610001,16.690001,16.690001,157000
2025-08-21,16.790001,16.910000,16.750000,16.780001,16.780001,94100
2025-08-22,16.719999,16.750000,16.080000,16.120001,16.120001,267800
2025-08-25,16.110001,16.240000,16.059999,16.200001,16.200001,102000
2025-08-26,16.280001,16.350000,16.209999,16.209999,16.209999,82100
2025-08-27,16.309999,16.360001,16.219999,16.309999,16.309999,160100
2025-08-28,16.299999,16.299999,16.160000,16.270000,16.270000,105700
2025-08-29,16.180000,16.410000,16.180000,16.350000,16.350000,77700
2025-09-02,16.650000,16.750000,16.520000,16.600000,16.600000,103300
2025-09-03,16.590000,16.590000,16.420000,16.500000,16.500000,119900
2025-09-04,16.480000,16.480000,16.209999,16.260000,16.260000,56000
2025-09-05,16.049999,16.379999,16.010000,16.280001,16.280001,83200
2025-09-08,16.180000,16.209999,16.129999,16.150000,16.150000,153300
2025-09-09,16.139999,16.250000,16.049999,16.049999,16.049999,64000
2025-09-10,16.040001,16.150000,16.000000,16.080000,16.080000,99500
2025-09-11,15.960000,15.970000,15.890000,15.920000,15.920000,141700
2025-09-12,15.930000,15.940000,15.850000,15.940000,15.940000,134700
2025-09-15,15.870000,16.010000,15.870000,15.950000,15.950000,128000
2025-09-16,16.020000,16.190001,16.000000,16.190001,16.190001,210200
2025-09-17,16.100000,16.129999,15.850000,15.920000,15.920000,175000
2025-09-18,15.850000,15.970000,15.840000,15.970000,15.970000,121600
2025-09-19,15.900000,15.980000,15.870000,15.920000,15.920000,60100
2025-09-22,15.970000,16.100000,15.930000,16.090000,16.090000,361900
2025-09-23,15.980000,16.209999,15.960000,16.100000,16.100000,433800
2025-09-24,16.040001,16.240000,16.020000,16.020000,16.020000,126500
2025-09-25,16.150000,16.209999,15.970000,16.090000,16.090000,120600
2025-09-26,16.020000,16.100000,15.770000,15.780000,15.780000,105000
2025-09-29,15.700000,15.870000,15.700000,15.840000,15.840000,38700
2025-09-30,15.940000,15.960000,15.810000,15.820000,15.820000,73500
2025-10-01,15.910000,15.910000,15.740000,15.830000,15.830000,131600
2025-10-02,15.800000,15.890000,15.770000,15.890000,15.890000,158300
2025-10-03,15.850000,15.960000,15.820000,15.920000,15.920000,96100
2025-10-06,15.790000,15.940000,15.790000,15.850000,15.850000,111100
2025-10-07,15.900000,16.090000,15.830000,16.010000,16.010000,133500
2025-10-08,15.880000,16.000000,15.870000,15.970000,15.970000,110500
2025-10-09,15.960000,16.070000,15.930000,16.020000,16.020000,84000
2025-10-10,16.070000,16.680000,16.000000,16.450001,16.450001,357600
2025-10-13,16.170000,16.230000,15.980000,16.020000,16.020000,145900
2025-10-14,16.450001,16.580000,16.090000,16.270000,16.270000,136700
2025-10-15,16.160000,16.570000,16.129999,16.350000,16.350000,73600
2025-10-16,16.250000,16.840000,16.250000,16.730000,16.730000,121300
2025-10-17,16.660000,16.820000,16.290001,16.309999,16.309999,81900
2025-10-20,16.250000,16.250000,15.930000,15.930000,15.930000,123500
2025-10-21,15.990000,16.120001,15.940000,16.120001,16.120001,64100
2025-10-22,16.100000,16.450001,16.100000,16.150000,16.150000,149800
2025-10-23,16.190001,16.190001,16.020000,16.080000,16.080000,44600
2025-10-24,15.850000,15.950000,15.830000,15.890000,15.890000,240800
2025-10-27,15.760000,15.860000,15.670000,15.770000,15.770000,97700
2025-10-28,15.820000,16.000000,15.760000,15.990000,15.990000,113600
2025-10-29,15.910000,16.040001,15.870000,16.040001,16.040001,108600
2025-10-30,16.040001,16.170000,15.950000,16.150000,16.150000,100100
2025-10-31,16.030001,16.389999,16.030001,16.260000,16.260000,117200
2025-11-03,16.180000,16.420000,16.180000,16.400000,16.400000,134200
2025-11-04,16.559999,16.760000,16.440001,16.620001,16.620001,184700
2025-11-05,16.570000,16.570000,16.200001,16.320000,16.320000,313700
2025-11-06,16.270000,16.620001,16.270000,16.490000,16.490000,107300
2025-11-07,16.639999,16.709999,16.400000,16.410000,16.410000,128800
2025-11-10,16.160000,16.340000,16.070000,16.209999,16.209999,193400
2025-11-11,16.270000,16.340000,16.219999,16.340000,16.340000,122700
2025-11-12,16.260000,16.420000,16.250000,16.350000,16.350000,62700
2025-11-13,16.459999,16.780001,16.400000,16.780001,16.780001,152700
2025-11-14,17.000000,17.100000,16.540001,16.629999,16.629999,137600
2025-11-17,16.680000,16.930000,16.510000,16.790001,16.790001,170100
2025-11-18,17.049999,17.280001,16.760000,16.959999,16.959999,504500
2025-11-19,17.040001,17.059999,16.740000,16.920000,16.920000,227600
2025-11-20,16.450001,17.280001,16.430000,17.240000,17.240000,371800
2025-11-21,17.030001,17.299999,16.900000,17.110001,17.110001,208000
2025-11-24,16.920000,16.959999,16.540001,16.590000,16.590000,223800
2025-11-25,16.520000,16.770000,16.299999,16.340000,16.340000,181100
2025-11-26,16.290001,16.370001,16.170000,16.280001,16.280001,98600
2025-11-28,16.170000,16.170000,16.080000,16.090000,16.090000,142900
2025-12-01,16.270000,16.270000,15.880000,16.049999,16.049999,266300
2025-12-02,15.920000,15.980000,15.880000,15.950000,15.950000,99400
2025-12-03,16.049999,16.080000,15.870000,15.920000,15.920000,142200
2025-12-04,15.850000,15.950000,15.810000,15.850000,15.850000,103500
2025-12-05,15.800000,15.800000,15.670000,15.740000,15.740000,147200
2025-12-08,15.720000,15.960000,15.720000,15.820000,15.820000,207700
2025-12-09,15.880000,15.880000,15.730000,15.810000,15.810000,104700
2025-12-10,15.810000,15.810000,15.510000,15.510000,15.510000,148200
2025-12-11,15.630000,15.730000,15.450000,15.510000,15.510000,109400
2025-12-12,15.420000,15.780000,15.390000,15.510000,15.510000,122100
2025-12-15,15.530000,15.680000,15.510000,15.570000,15.570000,96400
2025-12-16,15.660000,15.730000,15.470000,15.540000,15.540000,84300
2025-12-17,15.550000,15.650000,15.450000,15.630000,15.630000,139700
2025-12-18,15.520000,15.520000,15.350000,15.390000,15.390000,132400
2025-12-19,15.380000,15.380000,15.090000,15.120000,15.120000,111500
2025-12-22,15.030000,15.050000,14.900000,14.910000,14.910000,139200
2025-12-23,14.940000,14.990000,14.870000,14.990000,14.990000,154300
2025-12-24,15.000000,15.050000,14.930000,15.040000,15.040000,120700
2025-12-26,15.010000,15.160000,14.980000,15.120000,15.120000,141600
2025-12-29,15.200000,15.200000,15.050000,15.130000,15.130000,177000
2025-12-30,15.110000,15.140000,15.040000,15.100000,15.100000,68200
2025-12-31,15.110000,15.270000,15.110000,15.270000,15.270000,285800
2026-01-02,15.110000,15.240000,15.110000,15.200000,15.200000,233400
2026-01-05,15.130000,15.240000,15.090000,15.200000,15.200000,236300
2026-01-06,15.230000,15.230000,15.140000,15.170000,15.170000,275600
2026-01-07,15.190000,15.310000,15.170000,15.270000,15.270000,141900
2026-01-08,15.310000,15.310000,15.090000,15.130000,15.130000,299100
2026-01-09,15.080000,15.190000,14.890000,14.980000,14.980000,504200
2026-01-12,15.110000,15.110000,14.900000,14.900000,14.900000,274400
2026-01-13,14.890000,15.050000,14.870000,14.970000,14.970000,229500
2026-01-14,15.090000,15.270000,15.080000,15.120000,15.120000,308200
2026-01-15,14.980000,15.050000,14.910000,14.970000,14.970000,396700
2026-01-16,14.960000,15.100000,14.920000,14.960000,14.960000,685800
2026-01-20,15.330000,15.420000,15.160000,15.250000,15.250000,441000
2026-01-21,15.170000,15.180000,14.930000,14.960000,14.960000,321300
2026-01-22,14.890000,14.970000,14.820000,14.820000,14.820000,404300
2026-01-23,14.890000,14.970000,14.770000,14.970000,14.970000,388600
2026-01-26,14.860000,15.040000,14.850000,15.000000,15.000000,322700
2026-01-27,15.060000,15.130000,14.960000,15.130000,15.130000,234900
2026-01-28,15.100000,15.210000,15.050000,15.140000,15.140000,350200
2026-01-29,15.230000,15.480000,15.210000,15.300000,15.300000,300600
2026-01-30,15.300000,15.350000,15.130000,15.320000,15.320000,252400
2026-02-02,15.260000,15.260000,15.030000,15.100000,15.100000,490300
2026-02-03,15.090000,15.430000,15.080000,15.270000,15.270000,317600
2026-02-04,15.290000,15.540000,15.270000,15.400000,15.400000,281300
2026-02-05,15.610000,15.710000,15.430000,15.640000,15.640000,415400
2026-02-06,15.490000,15.500000,15.210000,15.210000,15.210000,416100
2026-02-09,15.230000,15.230000,15.070000,15.110000,15.110000,313800
2026-02-10,15.150000,15.300000,15.090000,15.280000,15.280000,339800
2026-02-11,15.140000,15.350000,15.140000,15.300000,15.300000,216700
2026-02-12,15.260000,15.520000,15.160000,15.470000,15.470000,293600
2026-02-13,15.630000,15.730000,15.290000,15.540000,15.540000,405600
2026-02-17,15.750000,15.750000,15.330000,15.330000,15.330000,340800
2026-02-18,15.350000,15.530000,15.300000,15.430000,15.430000,304900
2026-02-19,15.410000,15.670000,15.410000,15.570000,15.570000,184900
2026-02-20,15.640000,15.690000,15.350000,15.470000,15.470000,349900
2026-02-23,15.470000,15.700000,15.460000,15.650000,15.650000,165400
2026-02-24,15.630000,15.640000,15.410000,15.560000,15.560000,297000
2026-02-25,15.420000,15.560000,15.420000,15.440000,15.440000,289000
2026-02-26,15.470000,15.680000,15.460000,15.590000,15.590000,286800
2026-02-27,15.710000,15.830000,15.620000,15.690000,15.690000,170100
2026-03-02,15.950000,15.990000,15.530000,15.810000,15.810000,502200
2026-03-03,16.170000,16.379999,15.810000,15.890000,15.890000,738800
2026-03-04,15.770000,15.870000,15.600000,15.720000,15.720000,312000
2026-03-05,15.900000,16.110001,15.780000,16.020000,16.020000,219000
2026-03-06,16.299999,16.700001,16.209999,16.629999,16.629999,1013500
2026-03-09,16.790001,17.020000,16.250000,16.340000,16.340000,1195000
2026-03-10,16.379999,16.680000,16.150000,16.629999,16.629999,424600
2026-03-11,16.490000,16.680000,16.379999,16.379999,16.379999,217600
2026-03-12,16.549999,16.780001,16.549999,16.780001,16.780001,293900
2026-03-13,16.639999,16.950001,16.580000,16.930000,16.930000,776900
2026-03-16,16.690001,16.690001,16.410000,16.430000,16.430000,425200
2026-03-17,16.180000,16.450001,16.180000,16.400000,16.400000,303100
2026-03-18,16.549999,16.950001,16.490000,16.950001,16.950001,321300
2026-03-19,17.240000,17.280001,16.660000,16.830000,16.830000,226300
2026-03-20,16.920000,17.250000,16.889999,17.219999,17.219999,162000
2026-03-23,16.629999,16.809999,16.420000,16.620001,16.620001,619300
2026-03-24,16.809999,16.870001,16.610001,16.790001,16.790001,429500
2026-03-25,16.680000,16.840000,16.620001,16.719999,16.719999,138200
2026-03-26,16.790001,17.110001,16.730000,17.110001,17.110001,199300
2026-03-27,17.139999,17.639999,17.139999,17.639999,17.639999,315200
2026-03-30,17.459999,17.719999,17.370001,17.629999,17.629999,298100
2026-03-31,17.200001,17.379999,17.040001,17.150000,17.150000,212200
2026-04-01,16.930000,17.180000,16.809999,16.860001,16.860001,257000
2026-04-02,17.260000,17.260000,16.730000,16.730000,16.730000,176800
2026-04-06,16.820000,16.820000,16.559999,16.670000,16.670000,208400
2026-04-07,16.940001,17.010000,16.690001,16.790001,16.790001,192000
2026-04-08,16.150000,16.270000,16.070000,16.100000,16.100000,635200
2026-04-09,16.030001,16.180000,15.830000,15.980000,15.980000,291000
2026-04-10,15.940000,16.070000,15.890000,16.059999,16.059999,457300
2026-04-13,16.049999,16.100000,15.770000,15.770000,15.770000,200100
2026-04-14,15.670000,15.770000,15.650000,15.750000,15.750000,292900
2026-04-15,15.640000,15.810000,15.640000,15.770000,15.770000,605500
2026-04-16,15.780000,15.850000,15.660000,15.730000,15.730000,293900
2026-04-17,15.530000,15.680000,15.530000,15.680000,15.680000,561100
2026-04-20,15.850000,15.870000,15.710000,15.860000,15.860000,291400
2026-04-21,15.780000,16.020000,15.770000,15.930000,15.930000,340800
2026-04-22,15.790000,15.890000,15.790000,15.890000,15.890000,264500
2026-04-23,15.910000,16.059999,15.850000,15.890000,15.890000,418200
2026-04-24,15.890000,15.950000,15.770000,15.920000,15.920000,251700
2026-04-27,15.890000,15.950000,15.850000,15.950000,15.950000,184200
2026-04-28,16.000000,16.010000,15.790000,15.810000,15.810000,350900
2026-04-29,15.810000,15.910000,15.760000,15.850000,15.850000,153200
2026-04-30,15.900000,15.900000,15.670000,15.710000,15.710000,201600
2026-05-01,15.600000,15.710000,15.540000,15.710000,15.710000,277300
2026-05-04,15.700000,15.860000,15.560000,15.840000,15.840000,250700
2026-05-05,15.700000,15.910000,15.700000,15.900000,15.900000,416200
2026-05-06,15.740000,15.800000,15.680000,15.720000,15.720000,402800
2026-05-07,15.730000,15.760000,15.610000,15.690000,15.690000,607200
2026-05-08,15.640000,15.770000,15.630000,15.770000,15.770000,217000
2026-05-11,15.800000,15.940000,15.750000,15.930000,15.930000,189000
2026-05-12,15.920000,16.000000,15.740000,15.820000,15.820000,374100
2026-05-13,15.810000,16.010000,15.780000,16.000000,16.000000,359600
2026-05-14,15.910000,16.080000,15.850000,15.920000,15.920000,213500
2026-05-15,16.129999,16.129999,15.860000,15.930000,15.930000,468300
2026-05-18,15.910000,15.930000,15.810000,15.880000,15.880000,146200
2026-05-19,15.920000,15.950000,15.830000,15.900000,15.900000,126200
2026-05-20,15.870000,15.920000,15.780000,15.810000,15.810000,183600
2026-05-21,15.790000,15.850000,15.590000,15.640000,15.640000,120300
2026-05-22,15.730000,15.780000,15.660000,15.730000,15.730000,142600
2026-05-26,15.540000,15.570000,15.480000,15.560000,15.560000,167200
2026-05-27,15.490000,15.570000,15.420000,15.440000,15.440000,224800
2026-05-28,15.440000,15.450000,15.280000,15.380000,15.380000,313800
2026-05-29,15.300000,15.370000,15.260000,15.360000,15.360000,393700
2026-06-01,15.270000,15.500000,15.270000,15.500000,15.500000,416100
2026-06-02,15.490000,15.490000,15.400000,15.410000,15.410000,199300
2026-06-03,15.460000,15.530000,15.420000,15.470000,15.470000,313800
2026-06-04,15.530000,15.530000,15.310000,15.320000,15.320000,312100
2026-06-05,15.400000,15.620000,15.400000,15.440000,15.440000,323700
2026-06-08,15.420000,15.420000,15.200000,15.350000,15.350000,171100
2026-06-09,15.390000,15.680000,15.240000,15.410000,15.410000,311800
2026-06-10,15.540000,15.700000,15.450000,15.640000,15.640000,181900
2026-06-11,15.630000,15.780000,15.350000,15.420000,15.420000,371600
2026-06-12,15.370000,15.420000,15.240000,15.240000,15.240000,244000
2026-06-15,14.990000,15.100000,14.930000,14.990000,14.990000,348300
2026-06-16,15.010000,15.090000,14.970000,15.030000,15.030000,312500
2026-06-17,14.960000,15.280000,14.960000,15.180000,15.180000,160400
2026-06-18,15.140000,15.140000,14.970000,14.970000,14.970000,113900
2026-06-22,14.860000,14.970000,14.810000,14.900000,14.900000,208700
2026-06-23,15.110000,15.150000,14.930000,15.000000,15.000000,206600
2026-06-24,14.940000,14.980000,14.850000,14.870000,14.870000,250100
2026-06-25,14.710000,14.810000,14.650000,14.690000,14.690000,218100
2026-06-26,14.780000,14.810000,14.630000,14.660000,14.660000,217900
2026-06-29,14.620000,14.660000,14.460000,14.540000,14.540000,212300
2026-06-30,14.540000,14.540000,14.310000,14.350000,14.350000,237500
2026-07-01,14.370000,14.400000,14.270000,14.370000,14.370000,215400
2026-07-02,14.340000,14.430000,14.250000,14.320000,14.320000,143900
2026-07-06,14.310000,14.310000,14.170000,14.260000,14.260000,212900
2026-07-07,14.330000,14.370000,14.220000,14.330000,14.330000,200300
2026-07-08,14.420000,14.420000,14.240000,14.320000,14.320000,310700
2026-07-09,14.290000,14.310000,14.230000,14.300000,14.300000,117700
2026-07-10,14.310000,14.440000,14.240000,14.310000,14.310000,197400
2026-07-13,14.380000,14.470000,14.300000,14.380000,14.380000,133900
2026-07-14,14.300000,14.380000,14.300000,14.320000,14.320000,143100
2026-07-15,14.280000,14.370000,14.180000,14.230000,14.230000,205400
2026-07-16,14.250000,14.390000,14.240000,14.360000,14.360000,171900
2026-07-17,14.560000,14.640000,14.430000,14.530000,14.530000,1457300
2026-07-20,14.430000,14.440000,14.290000,14.440000,14.440000,220400
2026-07-21,14.300000,14.420000,14.290000,14.390000,14.390000,183300
2026-07-22,14.390000,14.500000,14.380000,14.480000,14.480000,246600
2026-07-23,14.620000,14.780000,14.620000,14.640000,14.640000,338700
2026-07-24,14.610000,14.700000,14.550000,14.620000,14.620000,1254400
2026-07-27,14.570000,14.670000,14.520000,14.520000,14.520000,179300
2026-07-28,14.490000,14.580000,14.450000,14.520000,14.520000,148500
2026-07-29,14.490000,14.730000,14.430000,14.700000,14.700000,322500
2026-07-30,14.650000,14.670000,14.540000,14.570000,14.570000,390400
2026-07-31,14.360000,14.650000,14.360000,14.470000,14.470000,351900
2026-08-03,14.320000,14.400000,14.260000,14.390000,14.390000,202600
2026-08-04,14.280000,14.450000,14.280000,14.420000,14.420000,2242900
2026-08-05,14.310000,14.410000,14.130000,14.200000,14.200000,2081300
2026-08-06,14.200000,14.220000,14.140000,14.170000,14.170000,256700
2026-08-07,14.280000,14.350000,14.220000,14.350000,14.350000,204000
2026-08-10,14.330000,14.340000,14.250000,14.280000,14.280000,4542400
2026-08-11,14.290000,14.330000,14.230000,14.240000,14.240000,121300
2026-08-12,14.220000,14.220000,14.130000,14.160000,14.160000,261100
2026-08-13,14.240000,14.240000,14.140000,14.220000,14.220000,185200
2026-08-14,14.130000,14.230000,14.130000,14.200000,14.200000,201000
2026-08-17,14.300000,14.380000,14.240000,14.350000,14.350000,243400
2026-08-18,14.390000,14.400000,14.300000,14.300000,14.300000,215900
2026-08-19,14.300000,14.300000,14.160000,14.190000,14.190000,233700
2026-08-20,14.190000,14.230000,14.150000,14.150000,14.150000,183700
2026-08-21,14.240000,14.240000,14.020000,14.020000,14.020000,207900
2026-08-24,14.040000,14.040000,13.950000,13.950000,13.950000,216100
2026-08-25,13.980000,13.980000,13.860000,13.900000,13.900000,545900
2026-08-26,13.850000,13.870000,13.770000,13.810000,13.810000,284100
2026-08-27,13.800000,13.800000,13.600000,13.640000,13.640000,400200
2026-08-28,13.580000,13.680000,13.580000,13.660000,13.660000,321400
2026-08-31,13.680000,13.690000,13.400000,13.400000,13.400000,274100
2026-09-01,13.420000,13.550000,13.410000,13.500000,13.500000,389600
2026-09-02,13.550000,13.550000,13.380000,13.430000,13.430000,176600
2026-09-03,13.400000,13.400000,13.270000,13.300000,13.300000,320500
2026-09-04,13.260000,13.260000,13.130000,13.200000,13.200000,329800
2026-09-08,13.320000,13.380000,13.180000,13.380000,13.380000,257000
2026-09-09,13.420000,13.490000,13.350000,13.380000,13.380000,572700
2026-09-10,13.460000,13.530000,13.390000,13.430000,13.430000,8717300
2026-09-11,13.460000,13.460000,13.320000,13.340000,13.340000,621600
2026-09-14,13.490000,13.490000,13.260000,13.270000,13.270000,329900
2026-09-15,13.330000,13.330000,13.220000,13.220000,13.220000,126300
2026-09-16,13.240000,13.370000,13.180000,13.270000,13.270000,304900
2026-09-17,13.120000,13.170000,13.070000,13.120000,13.120000,287000
2026-09-18,13.060000,13.170000,13.060000,13.150000,13.150000,235200
2026-09-21,13.090000,13.085000,12.990000,13.060000,13.060000,529698
