Date,Open,High,Low,Close,Adj Close,Volume
2018-01-25,1770.239990,1770.239990,1770.239990,1770.239990,1770.239990,0
2018-01-26,1770.239990,1770.239990,1770.239990,1770.239990,1770.239990,0
2018-01-29,1868.800049,1893.119995,1868.800049,1893.119995,1893.119995,22
2018-01-30,1970.560059,2035.839966,1951.359985,1955.199951,1955.199951,989
2018-01-31,1917.439941,1963.520020,1917.439941,1961.599976,1961.599976,144
2018-02-01,1929.599976,1929.599976,1850.880005,1862.848022,1862.848022,169
2018-02-02,1922.560059,2131.199951,1921.920044,2102.399902,2102.399902,456
2018-02-05,2172.159912,2839.679932,2088.320068,2807.040039,2807.040039,817
2018-02-06,2944.000000,3718.399902,2759.424072,2759.424072,2759.424072,194
2018-02-07,2799.360107,2885.760010,2682.879883,2850.560059,2850.560059,434
2018-02-08,2907.520020,3531.520020,2903.040039,3531.520020,3531.520020,1575
2018-02-09,3182.080078,3609.600098,3136.000000,3217.919922,3217.919922,695
2018-02-12,3089.919922,3205.120117,3072.000000,3107.199951,3107.199951,228
2018-02-13,3123.840088,3139.840088,3046.399902,3070.080078,3070.080078,572
2018-02-14,3028.479980,3029.120117,2708.479980,2718.719971,2718.719971,1395
2018-02-15,2625.919922,2741.760010,2616.639893,2656.000000,2656.000000,211
2018-02-16,2700.800049,2735.360107,2595.840088,2695.679932,2695.679932,291
2018-02-20,2764.800049,2859.520020,2744.959961,2805.760010,2805.760010,686
2018-02-21,2778.239990,2850.560059,2629.120117,2848.000000,2848.000000,2230
2018-02-22,2767.360107,2848.639893,2739.199951,2810.879883,2810.879883,872
2018-02-23,2721.280029,2743.040039,2590.080078,2591.360107,2591.360107,869
2018-02-26,2516.479980,2528.639893,2476.800049,2513.919922,2513.919922,64
2018-02-27,2506.944092,2727.679932,2506.944092,2714.239990,2714.239990,1086
2018-02-28,2644.479980,2837.120117,2636.800049,2826.239990,2826.239990,1130
2018-03-01,2804.479980,3156.479980,2804.479980,3020.800049,3020.800049,708
2018-03-02,3179.520020,3233.280029,2887.679932,2887.679932,2887.679932,873
2018-03-05,2942.080078,2942.080078,2754.560059,2781.439941,2781.439941,548
2018-03-06,2759.679932,2880.639893,2759.679932,2796.159912,2796.159912,328
2018-03-07,2848.000000,2848.000000,2753.919922,2754.560059,2754.560059,50
2018-03-08,2725.120117,2726.399902,2725.120117,2725.760010,2725.760010,872
2018-03-09,2580.479980,2580.479980,2448.000000,2448.000000,2448.000000,231
2018-03-12,2490.879883,2560.000000,2490.879883,2544.639893,2544.639893,30
2018-03-13,2565.120117,2605.439941,2565.120117,2605.439941,2605.439941,25
2018-03-14,2591.360107,2686.080078,2591.360107,2662.399902,2662.399902,375
2018-03-15,2576.639893,2604.159912,2576.639893,2588.159912,2588.159912,13
2018-03-16,2515.199951,2515.199951,2515.199951,2515.199951,2515.199951,16
2018-03-19,2580.479980,2891.520020,2580.479980,2775.679932,2775.679932,272
2018-03-20,2757.120117,2757.120117,2722.560059,2722.560059,2722.560059,30
2018-03-21,2685.439941,2695.679932,2547.199951,2623.360107,2623.360107,239
2018-03-22,2890.239990,3041.919922,2779.520020,3020.800049,3020.800049,431
2018-03-23,3010.560059,3201.280029,2913.280029,3200.000000,3200.000000,489
2018-03-26,3016.959961,3150.080078,2963.199951,2963.199951,2963.199951,528
2018-03-27,2963.199951,3238.399902,2963.199951,3185.919922,3185.919922,528
2018-03-28,3278.719971,3296.000000,3206.080078,3206.080078,3206.080078,820
2018-03-29,3136.000000,3136.000000,3136.000000,3136.000000,3136.000000,6
2018-04-02,3114.239990,3418.879883,3100.159912,3317.760010,3317.760010,70
2018-04-03,3235.840088,3274.879883,3175.679932,3175.679932,3175.679932,9
2018-04-04,3367.679932,3374.080078,3106.560059,3115.520020,3115.520020,44
2018-04-05,3031.679932,3031.679932,3031.679932,3031.679932,3031.679932,31
2018-04-06,3066.239990,3308.800049,3066.239990,3187.199951,3187.199951,14
2018-04-09,3187.199951,3187.199951,3187.199951,3187.199951,3187.199951,16
2018-04-10,3187.199951,3187.199951,3187.199951,3187.199951,3187.199951,2
2018-04-11,3187.199951,3187.199951,3187.199951,3187.199951,3187.199951,2
2018-04-12,3077.760010,3077.760010,3077.760010,3077.760010,3077.760010,13
2018-04-13,2942.719971,2942.719971,2942.719971,2942.719971,2942.719971,13
2018-04-16,2793.600098,2793.600098,2793.600098,2793.600098,2793.600098,9
2018-04-17,2579.199951,2579.199951,2579.199951,2579.199951,2579.199951,11
2018-04-18,2640.639893,2640.639893,2593.280029,2595.840088,2595.840088,30
2018-04-19,2667.520020,2709.760010,2621.439941,2622.080078,2622.080078,367
2018-04-20,2723.199951,2723.199951,2695.040039,2695.040039,2695.040039,20
2018-04-23,2681.600098,2681.600098,2629.760010,2662.399902,2662.399902,23
2018-04-24,2661.760010,2661.760010,2661.760010,2661.760010,2661.760010,13
2018-04-25,2928.000000,2928.000000,2835.199951,2851.199951,2851.199951,72
2018-04-26,2800.639893,2800.639893,2708.479980,2717.439941,2717.439941,20
2018-04-27,2671.360107,2671.360107,2651.199951,2651.199951,2651.199951,5
2018-04-30,2625.280029,2625.280029,2625.280029,2625.280029,2625.280029,2
2018-05-01,2707.199951,2711.040039,2707.199951,2711.040039,2711.040039,5
2018-05-02,2596.479980,2602.239990,2544.639893,2544.639893,2544.639893,9
2018-05-03,2686.719971,2800.000000,2686.719971,2752.000000,2752.000000,36
2018-05-04,2579.199951,2579.199951,2579.199951,2579.199951,2579.199951,3
2018-05-07,2552.959961,2552.959961,2544.000000,2544.000000,2544.000000,17
2018-05-08,2544.000000,2544.000000,2544.000000,2544.000000,2544.000000,0
2018-05-09,2511.360107,2511.360107,2476.159912,2482.560059,2482.560059,45
2018-05-10,2343.040039,2349.439941,2343.040039,2349.439941,2349.439941,13
2018-05-11,2330.879883,2352.639893,2293.120117,2293.120117,2293.120117,1167
2018-05-14,2225.919922,2225.919922,2225.919922,2225.919922,2225.919922,5
2018-05-15,2340.479980,2387.199951,2324.479980,2387.199951,2387.199951,27
2018-05-16,2336.000000,2336.000000,2287.360107,2308.159912,2308.159912,13
2018-05-17,2295.679932,2295.679932,2250.879883,2250.879883,2250.879883,23
2018-05-18,2269.439941,2271.360107,2266.879883,2266.879883,2266.879883,25
2018-05-21,2154.239990,2195.840088,2154.239990,2176.000000,2176.000000,52
2018-05-22,2191.488037,2191.488037,2191.488037,2191.488037,2191.488037,6
2018-05-23,2300.159912,2300.159912,2174.719971,2174.719971,2174.719971,25
2018-05-24,2216.959961,2271.360107,2187.520020,2187.520020,2187.520020,106
2018-05-25,2187.520020,2187.520020,2164.479980,2164.479980,2164.479980,13
2018-05-29,2307.840088,2523.520020,2307.840088,2458.879883,2458.879883,150
2018-05-30,2362.879883,2362.879883,2339.840088,2339.840088,2339.840088,45
2018-05-31,2364.800049,2388.479980,2333.439941,2364.159912,2364.159912,59
2018-06-01,2261.120117,2261.760010,2248.320068,2248.320068,2248.320068,163
2018-06-04,2248.320068,2248.320068,2248.320068,2248.320068,2248.320068,3
2018-06-05,2177.280029,2177.280029,2177.280029,2177.280029,2177.280029,5
2018-06-06,2118.399902,2118.399902,2076.159912,2076.159912,2076.159912,22
2018-06-07,2062.719971,2152.959961,2062.719971,2100.479980,2100.479980,188
2018-06-08,2075.520020,2075.520020,2075.520020,2075.520020,2075.520020,3
2018-06-11,2092.800049,2092.800049,2048.000000,2053.120117,2053.120117,73
2018-06-12,2033.920044,2046.719971,2033.920044,2046.719971,2046.719971,22
2018-06-13,2026.239990,2068.479980,2026.239990,2056.959961,2056.959961,23
2018-06-14,2022.400024,2022.400024,1998.079956,2001.407959,2001.407959,42
2018-06-15,2048.000000,2049.280029,2023.680054,2023.680054,2023.680054,34
2018-06-18,2085.760010,2085.760010,1998.079956,1999.936035,1999.936035,273
2018-06-19,2125.439941,2157.439941,2097.919922,2101.696045,2101.696045,75
2018-06-20,2058.239990,2058.239990,2031.359985,2053.760010,2053.760010,820
2018-06-21,2065.919922,2220.800049,2065.919922,2189.439941,2189.439941,584
2018-06-22,2113.280029,2147.456055,2105.600098,2132.479980,2132.479980,27
2018-06-25,2256.639893,2499.199951,2256.639893,2438.399902,2438.399902,1641
2018-06-26,2383.360107,2391.040039,2296.320068,2338.560059,2338.560059,23
2018-06-27,2314.239990,2479.360107,2308.479980,2464.000000,2464.000000,89
2018-06-28,2543.360107,2545.919922,2503.040039,2508.800049,2508.800049,31
2018-06-29,2351.360107,2368.000000,2302.080078,2362.879883,2362.879883,30
2018-07-02,2502.399902,2502.399902,2415.360107,2415.360107,2415.360107,48
2018-07-03,2415.360107,2415.360107,2415.360107,2415.360107,2415.360107,2
2018-07-05,2314.239990,2314.239990,2314.239990,2314.239990,2314.239990,3
2018-07-06,2245.120117,2245.120117,2199.360107,2199.360107,2199.360107,14
2018-07-09,2112.000000,2112.000000,2078.080078,2078.719971,2078.719971,880
2018-07-10,2059.520020,2062.719971,2034.560059,2034.560059,2034.560059,245
2018-07-11,2106.879883,2127.360107,2100.479980,2101.760010,2101.760010,27
2018-07-12,2076.159912,2076.159912,2048.000000,2048.000000,2048.000000,42
2018-07-13,2042.880005,2042.880005,2030.656006,2030.656006,2030.656006,167
2018-07-16,1998.079956,2025.920044,1991.680054,1999.359985,1999.359985,436
2018-07-17,1966.719971,1966.719971,1966.079956,1966.079956,1966.079956,159
2018-07-18,1955.839966,1990.400024,1944.319946,1955.839966,1955.839966,80
2018-07-19,1996.800049,2007.680054,1991.680054,1996.800049,1996.800049,39
2018-07-20,2024.319946,2025.599976,1994.239990,2001.088013,2001.088013,42
2018-07-23,1992.959961,2022.400024,1992.959961,2019.839966,2019.839966,55
2018-07-24,1941.760010,2012.160034,1941.760010,1967.359985,1967.359985,191
2018-07-25,1975.040039,1984.000000,1932.800049,1949.439941,1949.439941,467
2018-07-26,1948.160034,1954.560059,1948.160034,1954.560059,1954.560059,94
2018-07-27,1958.400024,2056.320068,1946.239990,2018.560059,2018.560059,48
2018-07-30,1994.239990,2056.320068,1994.239990,2056.320068,2056.320068,58
2018-07-31,2008.319946,2008.319946,2008.319946,2008.319946,2008.319946,16
2018-08-01,1987.839966,1987.839966,1964.800049,1984.000000,1984.000000,30
2018-08-02,2051.072021,2051.072021,1963.520020,1963.520020,1963.520020,16
2018-08-03,1931.520020,1932.800049,1928.063965,1928.959961,1928.959961,34
2018-08-06,1928.959961,1928.959961,1873.151978,1873.151978,1873.151978,409
2018-08-07,1845.760010,1845.760010,1825.920044,1827.839966,1827.839966,514
2018-08-08,1794.560059,1794.560059,1794.047974,1794.047974,1794.047974,34
2018-08-09,1788.800049,1827.199951,1783.040039,1825.920044,1825.920044,213
2018-08-10,1908.608032,1952.000000,1889.280029,1917.439941,1917.439941,811
2018-08-13,1937.920044,2032.640015,1877.760010,2028.800049,2028.800049,684
2018-08-14,1982.719971,2016.000000,1926.400024,1926.400024,1926.400024,870
2018-08-15,2045.439941,2168.320068,2026.239990,2046.719971,2046.719971,1853
2018-08-16,1969.920044,1969.920044,1912.319946,1934.719971,1934.719971,503
2018-08-17,1968.640015,1973.760010,1881.599976,1887.359985,1887.359985,669
2018-08-20,1848.319946,1854.719971,1838.079956,1848.319946,1848.319946,70
2018-08-21,1835.520020,1886.719971,1835.520020,1885.439941,1885.439941,125
2018-08-22,1885.439941,1885.439941,1852.800049,1852.800049,1852.800049,280
2018-08-23,1854.719971,1867.520020,1832.959961,1857.920044,1857.920044,78
2018-08-24,1824.000000,1848.319946,1818.880005,1847.040039,1847.040039,303
2018-08-27,1834.047974,1849.599976,1831.680054,1849.599976,1849.599976,95
2018-08-28,1843.199951,1857.280029,1834.239990,1851.520020,1851.520020,52
2018-08-29,1853.439941,1853.439941,1833.599976,1833.599976,1833.599976,102
2018-08-30,1853.439941,1896.063965,1852.160034,1888.640015,1888.640015,41
2018-08-31,1872.000000,1912.319946,1848.959961,1900.160034,1900.160034,209
2018-09-04,1889.280029,1917.439941,1873.920044,1873.920044,1873.920044,303
2018-09-05,1920.000000,1930.239990,1884.160034,1885.439941,1885.439941,91
2018-09-06,1934.079956,1979.520020,1914.880005,1943.040039,1943.040039,766
2018-09-07,1987.839966,2000.000000,1955.199951,1971.839966,1971.839966,123
2018-09-10,1939.839966,1939.839966,1905.920044,1918.719971,1918.719971,155
2018-09-11,1941.760010,1946.880005,1862.400024,1862.400024,1862.400024,39
2018-09-12,1855.359985,1855.359985,1829.823975,1838.079956,1838.079956,98
2018-09-13,1800.959961,1800.959961,1788.160034,1788.160034,1788.160034,42
2018-09-14,1768.319946,1779.199951,1750.400024,1750.400024,1750.400024,75
2018-09-17,1749.760010,1804.800049,1744.640015,1804.800049,1804.800049,597
2018-09-18,1790.719971,1795.839966,1768.959961,1795.199951,1795.199951,147
2018-09-19,1744.000000,1744.000000,1724.160034,1733.119995,1733.119995,164
2018-09-20,1707.520020,1712.640015,1692.160034,1704.959961,1704.959961,341
2018-09-21,1706.239990,1706.624023,1683.199951,1700.223999,1700.223999,169
2018-09-24,1715.199951,1743.359985,1706.239990,1706.880005,1706.880005,56
2018-09-25,1685.760010,1722.880005,1685.760010,1722.880005,1722.880005,59
2018-09-26,1699.839966,1728.000000,1690.880005,1728.000000,1728.000000,44
2018-09-27,1719.040039,1719.040039,1711.359985,1711.359985,1711.359985,442
2018-09-28,1722.880005,1722.880005,1708.800049,1708.800049,1708.800049,105
2018-10-01,1664.000000,1704.959961,1660.160034,1689.599976,1689.599976,72
2018-10-02,1696.000000,1697.280029,1684.479980,1689.599976,1689.599976,73
2018-10-03,1667.839966,1692.160034,1666.560059,1676.800049,1676.800049,356
2018-10-04,1719.040039,1843.199951,1707.520020,1779.199951,1779.199951,291
2018-10-05,1747.199951,1909.760010,1732.479980,1807.359985,1807.359985,406
2018-10-08,1868.160034,1948.160034,1827.391968,1832.959961,1832.959961,352
2018-10-09,1880.319946,1882.880005,1861.119995,1861.119995,1861.119995,34
2018-10-10,1913.599976,2178.560059,1913.599976,2172.800049,2172.800049,1161
2018-10-11,2149.120117,2457.600098,2096.639893,2359.040039,2359.040039,1517
2018-10-12,2152.959961,2378.239990,2152.959961,2180.479980,2180.479980,261
2018-10-15,2227.327881,2280.959961,2165.760010,2193.280029,2193.280029,373
2018-10-16,2140.159912,2156.159912,2046.719971,2053.120117,2053.120117,4148
2018-10-17,2043.520020,2184.320068,2043.520020,2077.439941,2077.439941,1141
2018-10-18,2126.719971,2284.159912,2105.600098,2230.399902,2230.399902,225
2018-10-19,2179.840088,2270.719971,2160.000000,2193.280029,2193.280029,386
2018-10-22,2179.199951,2302.719971,2179.199951,2213.120117,2213.120117,289
2018-10-23,2404.479980,2467.840088,2257.280029,2296.959961,2296.959961,830
2018-10-24,2281.600098,2474.239990,2272.000000,2474.239990,2474.239990,300
2018-10-25,2451.199951,2513.280029,2375.040039,2423.040039,2423.040039,688
2018-10-26,2586.239990,2665.600098,2481.919922,2559.360107,2559.360107,1898
2018-10-29,2462.719971,2696.959961,2435.199951,2581.760010,2581.760010,720
2018-10-30,2602.239990,2602.239990,2478.080078,2483.840088,2483.840088,669
2018-10-31,2434.560059,2467.199951,2370.560059,2405.120117,2405.120117,417
2018-11-01,2421.120117,2449.280029,2325.760010,2327.679932,2327.679932,639
2018-11-02,2291.840088,2428.800049,2272.000000,2346.239990,2346.239990,559
2018-11-05,2352.639893,2360.959961,2307.199951,2323.840088,2323.840088,142
2018-11-06,2321.280029,2327.679932,2245.120117,2245.120117,2245.120117,227
2018-11-07,2164.479980,2164.479980,2083.199951,2089.600098,2089.600098,956
2018-11-08,2072.320068,2098.687988,2029.439941,2080.000000,2080.000000,161
2018-11-09,2101.120117,2184.959961,2099.072021,2126.912109,2126.912109,377
2018-11-12,2154.879883,2316.800049,2154.879883,2307.840088,2307.840088,955
2018-11-13,2304.639893,2387.199951,2266.239990,2325.120117,2325.120117,581
2018-11-14,2280.320068,2440.320068,2278.399902,2385.280029,2385.280029,431
2018-11-15,2427.520020,2480.000000,2350.719971,2360.320068,2360.320068,580
2018-11-16,2400.639893,2416.000000,2244.479980,2252.159912,2252.159912,372
2018-11-19,2254.080078,2396.800049,2246.399902,2384.000000,2384.000000,1067
2018-11-20,2526.719971,2578.687988,2479.360107,2517.120117,2517.120117,1625
2018-11-21,2441.087891,2490.879883,2428.800049,2458.239990,2458.239990,952
2018-11-23,2508.800049,2519.679932,2461.439941,2479.360107,2479.360107,167
2018-11-26,2424.320068,2424.320068,2337.919922,2339.199951,2339.199951,358
2018-11-27,2380.159912,2383.360107,2291.840088,2297.600098,2297.600098,364
2018-11-28,2262.719971,2313.600098,2211.199951,2229.760010,2229.760010,770
2018-11-29,2263.679932,2337.919922,2237.439941,2270.080078,2270.080078,470
2018-11-30,2272.704102,2272.704102,2195.199951,2206.080078,2206.080078,297
2018-12-03,2048.000000,2108.800049,2037.119995,2086.399902,2086.399902,47431
2018-12-04,2066.560059,2393.023926,2064.639893,2357.760010,2357.760010,1881
2018-12-06,2545.280029,2663.679932,2403.840088,2418.560059,2418.560059,4655
2018-12-07,2410.879883,2623.360107,2370.560059,2580.479980,2580.479980,6398
2018-12-10,2584.320068,2707.199951,2540.159912,2555.520020,2555.520020,1569
2018-12-11,2475.520020,2640.639893,2469.760010,2555.968018,2555.968018,15608
2018-12-12,2490.239990,2536.320068,2459.520020,2535.679932,2535.679932,1667
2018-12-13,2502.399902,2553.600098,2469.760010,2496.639893,2496.639893,17303
2018-12-14,2554.239990,2613.120117,2521.600098,2598.399902,2598.399902,1231
2018-12-17,2622.719971,2778.239990,2584.320068,2725.760010,2725.760010,58178
2018-12-18,2681.600098,2812.800049,2675.840088,2738.560059,2738.560059,80678
2018-12-19,2720.000000,2813.439941,2599.040039,2728.959961,2728.959961,3606
2018-12-20,2800.000000,2953.600098,2753.280029,2867.840088,2867.840088,3322
2018-12-21,2871.040039,3046.399902,2828.159912,3012.479980,3012.479980,34920
2018-12-24,3053.439941,3165.439941,3035.520020,3163.520020,3163.520020,6775
2018-12-26,3145.600098,3216.000000,2991.360107,2995.840088,2995.840088,9244
2018-12-27,3180.159912,3326.719971,3098.239990,3122.560059,3122.560059,15858
2018-12-28,3127.040039,3219.199951,3047.679932,3117.439941,3117.439941,19491
2018-12-31,3038.719971,3075.199951,3000.959961,3007.360107,3007.360107,12619
2019-01-02,3102.080078,3123.072021,2908.159912,2927.360107,2927.360107,32108
2019-01-03,2982.399902,3114.239990,2962.560059,3048.959961,3048.959961,15936
2019-01-04,2931.840088,2945.919922,2798.719971,2807.040039,2807.040039,20398
2019-01-07,2785.919922,2825.087891,2710.399902,2744.320068,2744.320068,40055
2019-01-08,2696.959961,2791.679932,2680.320068,2688.639893,2688.639893,14770
2019-01-09,2666.879883,2687.360107,2595.840088,2625.280029,2625.280029,62386
2019-01-10,2672.000000,2705.919922,2597.760010,2597.760010,2597.760010,28311
2019-01-11,2636.800049,2644.479980,2512.639893,2513.280029,2513.280029,85358
2019-01-14,2585.600098,2586.239990,2485.120117,2520.320068,2520.320068,18545
2019-01-15,2499.199951,2510.080078,2407.679932,2410.879883,2410.879883,35283
2019-01-16,2385.919922,2459.520020,2376.320068,2459.520020,2459.520020,72688
2019-01-17,2476.800049,2477.439941,2394.879883,2432.000000,2432.000000,38989
2019-01-18,2364.159912,2399.360107,2325.760010,2371.840088,2371.840088,40542
2019-01-22,2400.000000,2615.679932,2393.600098,2580.479980,2580.479980,92678
2019-01-23,2541.439941,2719.360107,2534.399902,2566.399902,2566.399902,100403
2019-01-24,2569.600098,2600.959961,2441.600098,2475.520020,2475.520020,114259
2019-01-25,2421.120117,2437.120117,2376.320068,2382.719971,2382.719971,189888
2019-01-28,2469.760010,2559.360107,2467.199951,2481.280029,2481.280029,310367
2019-01-29,2451.840088,2515.199951,2431.679932,2474.239990,2474.239990,249119
2019-01-30,2433.919922,2478.080078,2360.959961,2365.439941,2365.439941,327552
2019-01-31,2361.600098,2362.879883,2267.520020,2267.520020,2267.520020,345211
2019-02-01,2261.120117,2281.600098,2233.600098,2245.760010,2245.760010,390572
2019-02-04,2235.520020,2250.239990,2165.760010,2176.000000,2176.000000,288778
2019-02-05,2156.800049,2174.719971,2109.439941,2157.439941,2157.439941,323081
2019-02-06,2140.159912,2170.239990,2117.120117,2145.919922,2145.919922,262475
2019-02-07,2211.199951,2304.639893,2177.280029,2217.600098,2217.600098,465414
2019-02-08,2268.159912,2289.280029,2186.239990,2190.719971,2190.719971,300423
2019-02-11,2161.280029,2200.320068,2145.280029,2167.040039,2167.040039,212477
2019-02-12,2116.479980,2142.080078,2102.399902,2128.000000,2128.000000,327608
2019-02-13,2110.719971,2147.199951,2100.479980,2122.879883,2122.879883,287720
2019-02-14,2171.520020,2210.560059,2120.320068,2161.280029,2161.280029,411405
2019-02-15,2117.760010,2134.399902,2081.600098,2085.760010,2085.760010,376513
2019-02-19,2122.879883,2129.280029,2064.000000,2092.159912,2092.159912,249556
2019-02-20,2077.439941,2077.439941,2006.527954,2008.319946,2008.319946,361075
2019-02-21,2017.280029,2066.239990,1981.887939,2034.560059,2034.560059,370278
2019-02-22,2000.000000,2006.400024,1953.280029,1957.760010,1957.760010,302864
2019-02-25,1913.599976,1994.880005,1891.839966,1992.959961,1992.959961,319381
2019-02-26,2023.040039,2035.199951,1976.959961,2009.599976,2009.599976,236500
2019-02-27,2032.640015,2085.120117,1994.880005,2011.520020,2011.520020,307789
2019-02-28,2012.800049,2019.839966,1971.199951,2010.239990,2010.239990,236413
2019-03-01,1957.119995,1995.520020,1918.719971,1918.719971,1918.719971,336428
2019-03-04,1896.959961,2067.199951,1873.280029,1965.439941,1965.439941,698753
2019-03-05,1960.319946,2008.959961,1950.719971,1976.959961,1976.959961,308233
2019-03-06,1976.959961,2048.000000,1975.040039,2035.199951,2035.199951,402467
2019-03-07,2059.520020,2153.600098,2055.679932,2112.639893,2112.639893,620270
2019-03-08,2177.280029,2213.760010,2124.159912,2126.719971,2126.719971,609606
2019-03-11,2087.040039,2087.040039,1964.800049,1971.839966,1971.839966,416347
2019-03-12,1952.000000,1960.959961,1913.599976,1916.160034,1916.160034,347006
2019-03-13,1903.359985,1914.239990,1879.040039,1895.680054,1895.680054,349311
2019-03-14,1897.599976,1901.056030,1858.560059,1864.319946,1864.319946,308408
2019-03-15,1856.000000,1861.119995,1805.439941,1829.760010,1829.760010,364855
2019-03-18,1843.839966,1872.640015,1818.239990,1834.239990,1834.239990,332277
2019-03-19,1802.239990,1875.839966,1799.680054,1846.400024,1846.400024,488056
2019-03-20,1851.520020,1888.640015,1807.359985,1866.239990,1866.239990,543556
2019-03-21,1893.760010,1893.760010,1820.927979,1841.920044,1841.920044,380027
2019-03-22,1879.680054,2066.560059,1861.119995,2053.120117,2053.120117,1100116
2019-03-25,2056.959961,2112.000000,2012.160034,2063.360107,2063.360107,698819
2019-03-26,1971.199951,1998.719971,1934.079956,1946.880005,1946.880005,414492
2019-03-27,1941.760010,2055.040039,1927.680054,1976.319946,1976.319946,616588
2019-03-28,1963.520020,1989.760010,1926.719971,1932.160034,1932.160034,408650
2019-03-29,1896.959961,1907.839966,1866.880005,1872.640015,1872.640015,420966
2019-04-01,1854.079956,1867.520020,1832.959961,1839.359985,1839.359985,339645
2019-04-02,1845.760010,1854.719971,1825.920044,1834.239990,1834.239990,293642
2019-04-03,1804.800049,1874.239990,1799.680054,1847.040039,1847.040039,367339
2019-04-04,1836.800049,1859.839966,1815.040039,1828.479980,1828.479980,296258
2019-04-05,1806.079956,1818.880005,1790.079956,1792.000000,1792.000000,328320
2019-04-08,1796.479980,1809.920044,1779.520020,1783.680054,1783.680054,286189
2019-04-09,1807.359985,1857.920044,1797.119995,1847.040039,1847.040039,311291
2019-04-10,1829.760010,1843.199951,1792.000000,1795.199951,1795.199951,259753
2019-04-11,1770.880005,1783.680054,1754.239990,1760.000000,1760.000000,301689
2019-04-12,1724.800049,1726.079956,1674.560059,1680.640015,1680.640015,392453
2019-04-15,1655.680054,1725.439941,1651.199951,1658.880005,1658.880005,402023
2019-04-16,1648.000000,1657.599976,1626.880005,1645.439941,1645.439941,285641
2019-04-17,1617.920044,1685.760010,1615.359985,1656.959961,1656.959961,409636
2019-04-18,1651.199951,1684.479980,1627.520020,1630.719971,1630.719971,402620
2019-04-22,1648.000000,1661.439941,1614.719971,1616.000000,1616.000000,238442
2019-04-23,1606.400024,1615.359985,1591.040039,1603.199951,1603.199951,311613
2019-04-24,1605.760010,1644.800049,1602.560059,1644.800049,1644.800049,375180
2019-04-25,1658.880005,1723.839966,1640.959961,1676.800049,1676.800049,443588
2019-04-26,1658.239990,1684.479980,1616.640015,1618.560059,1618.560059,298939
2019-04-29,1628.800049,1644.800049,1615.040039,1643.520020,1643.520020,238844
2019-04-30,1637.119995,1690.239990,1632.000000,1643.520020,1643.520020,302609
2019-05-01,1624.959961,1706.880005,1616.000000,1705.599976,1705.599976,406883
2019-05-02,1705.599976,1775.359985,1680.640015,1708.160034,1708.160034,373995
2019-05-03,1663.359985,1666.560059,1619.839966,1626.880005,1626.880005,252877
2019-05-06,1789.439941,1806.079956,1706.239990,1719.040039,1719.040039,681411
2019-05-07,1818.239990,2052.479980,1800.959961,2005.119995,2005.119995,1335839
2019-05-08,1983.359985,2018.560059,1895.040039,1965.439941,1965.439941,698200
2019-05-09,2073.600098,2130.560059,1949.439941,1955.199951,1955.199951,944547
2019-05-10,1976.319946,2024.959961,1804.160034,1804.160034,1804.160034,952434
2019-05-13,2026.880005,2085.760010,1972.479980,2076.800049,2076.800049,938363
2019-05-14,1999.359985,2012.160034,1934.719971,1961.599976,1961.599976,575850
2019-05-15,2016.000000,2029.952026,1873.280029,1879.040039,1879.040039,501380
2019-05-16,1864.319946,1865.599976,1786.239990,1798.400024,1798.400024,486389
2019-05-17,1871.359985,1872.640015,1774.719971,1825.280029,1825.280029,683473
2019-05-20,1875.839966,1907.199951,1817.599976,1852.160034,1852.160034,511520
2019-05-21,1792.000000,1793.280029,1752.959961,1758.719971,1758.719971,366488
2019-05-22,1766.400024,1772.160034,1723.520020,1742.079956,1742.079956,438678
2019-05-23,1808.000000,1888.000000,1808.000000,1857.280029,1857.280029,667902
2019-05-24,1802.880005,1843.199951,1784.319946,1818.880005,1818.880005,384209
2019-05-28,1806.079956,1873.280029,1776.640015,1873.280029,1873.280029,345911
2019-05-29,1912.959961,1943.680054,1876.479980,1909.760010,1909.760010,515953
2019-05-30,1863.040039,1912.319946,1846.079956,1875.839966,1875.839966,316831
2019-05-31,1966.719971,1976.959961,1913.920044,1946.880005,1946.880005,451956
2019-06-03,1945.599976,2010.239990,1908.479980,1966.719971,1966.719971,453708
2019-06-04,1907.839966,1935.359985,1856.000000,1857.280029,1857.280029,377680
2019-06-05,1833.599976,1877.119995,1811.839966,1821.439941,1821.439941,366875
2019-06-06,1807.359985,1827.199951,1777.280029,1782.400024,1782.400024,288661
2019-06-07,1777.280029,1802.368042,1766.400024,1795.839966,1795.839966,364483
2019-06-10,1773.439941,1807.359985,1767.040039,1783.040039,1783.040039,226045
2019-06-11,1753.599976,1811.199951,1747.199951,1786.239990,1786.239990,294398
2019-06-12,1799.040039,1811.199951,1770.239990,1777.920044,1777.920044,222269
2019-06-13,1756.800049,1785.920044,1749.119995,1767.040039,1767.040039,266436
2019-06-14,1779.199951,1795.839966,1745.920044,1748.479980,1748.479980,213797
2019-06-17,1746.560059,1751.040039,1720.447998,1729.920044,1729.920044,226097
2019-06-18,1698.560059,1726.719971,1686.400024,1716.479980,1716.479980,388902
2019-06-19,1705.599976,1723.520020,1656.319946,1659.520020,1659.520020,463613
2019-06-20,1629.439941,1716.479980,1616.640015,1664.640015,1664.640015,538191
2019-06-21,1676.800049,1715.839966,1656.640015,1703.680054,1703.680054,308448
2019-06-24,1692.800049,1697.280029,1672.959961,1688.319946,1688.319946,197422
2019-06-25,1689.599976,1739.583984,1687.680054,1731.199951,1731.199951,269308
2019-06-26,1697.280029,1731.199951,1688.959961,1717.760010,1717.760010,212291
2019-06-27,1705.599976,1714.880005,1676.800049,1690.880005,1690.880005,232669
2019-06-28,1672.319946,1683.199951,1655.680054,1664.000000,1664.000000,275386
2019-07-01,1571.199951,1605.119995,1565.439941,1571.839966,1571.839966,471841
2019-07-02,1574.400024,1574.400024,1511.040039,1513.599976,1513.599976,406602
2019-07-03,1514.880005,1528.319946,1498.880005,1504.640015,1504.640015,247020
2019-07-05,1536.640015,1581.439941,1504.000000,1509.119995,1509.119995,376952
2019-07-08,1543.680054,1566.079956,1529.599976,1550.719971,1550.719971,281475
2019-07-09,1597.439941,1597.439941,1550.079956,1555.199951,1555.199951,234753
2019-07-10,1534.719971,1535.167969,1503.680054,1507.839966,1507.839966,310438
2019-07-11,1486.719971,1510.400024,1473.599976,1482.880005,1482.880005,329081
2019-07-12,1472.640015,1484.160034,1456.000000,1459.199951,1459.199951,287903
2019-07-15,1452.160034,1467.520020,1445.119995,1453.439941,1453.439941,249147
2019-07-16,1446.400024,1465.599976,1426.560059,1457.920044,1457.920044,397117
2019-07-17,1445.119995,1495.040039,1436.160034,1495.040039,1495.040039,454014
2019-07-18,1493.760010,1517.760010,1453.439941,1479.359985,1479.359985,420370
2019-07-19,1450.880005,1499.520020,1445.760010,1496.319946,1496.319946,409700
2019-07-22,1494.400024,1502.719971,1455.359985,1466.239990,1466.239990,342320
2019-07-23,1440.640015,1464.319946,1413.119995,1414.400024,1414.400024,295991
2019-07-24,1429.760010,1431.680054,1370.239990,1378.560059,1378.560059,294145
2019-07-25,1386.239990,1446.400024,1386.239990,1420.800049,1420.800049,466598
2019-07-26,1394.560059,1397.119995,1373.439941,1384.959961,1384.959961,295336
2019-07-29,1388.160034,1408.000000,1381.760010,1397.119995,1397.119995,259623
2019-07-30,1424.640015,1438.079956,1404.160034,1429.760010,1429.760010,366573
2019-07-31,1427.839966,1557.760010,1403.520020,1509.760010,1509.760010,828720
2019-08-01,1512.959961,1672.959961,1443.520020,1628.800049,1628.800049,1704488
2019-08-02,1632.000000,1708.160034,1617.280029,1642.239990,1642.239990,1114227
2019-08-05,1758.079956,1896.000000,1745.920044,1875.199951,1875.199951,1354116
2019-08-06,1806.079956,1898.880005,1758.719971,1758.719971,1758.719971,935147
2019-08-07,1884.160034,1925.760010,1758.719971,1767.680054,1767.680054,852094
2019-08-08,1731.839966,1754.239990,1655.680054,1662.719971,1662.719971,537017
2019-08-09,1691.520020,1757.760010,1675.520020,1723.520020,1723.520020,598408
2019-08-12,1750.400024,1855.359985,1744.000000,1848.959961,1848.959961,404119
2019-08-13,1878.400024,1881.599976,1709.439941,1712.640015,1712.640015,653458
2019-08-14,1829.760010,1952.000000,1796.479980,1949.760010,1949.760010,1048608
2019-08-15,1902.079956,1984.000000,1879.807983,1898.880005,1898.880005,543184
2019-08-16,1861.760010,1864.959961,1789.439941,1793.920044,1793.920044,427428
2019-08-19,1718.400024,1727.807983,1656.319946,1662.719971,1662.719971,443152
2019-08-20,1680.640015,1714.560059,1664.640015,1702.400024,1702.400024,429652
2019-08-21,1633.920044,1646.719971,1616.000000,1619.199951,1619.199951,445153
2019-08-22,1605.760010,1693.439941,1604.800049,1648.000000,1648.000000,486491
2019-08-23,1704.319946,1885.439941,1629.439941,1853.439941,1853.439941,1213298
2019-08-26,1761.920044,1854.079956,1756.160034,1798.400024,1798.400024,505427
2019-08-27,1768.319946,1880.959961,1762.560059,1834.880005,1834.880005,415688
2019-08-28,1877.119995,1904.000000,1792.000000,1793.280029,1793.280029,436702
2019-08-29,1739.520020,1756.160034,1701.119995,1718.400024,1718.400024,448467
2019-08-30,1683.199951,1768.959961,1683.199951,1728.000000,1728.000000,438800
2019-09-03,1792.000000,1820.800049,1761.280029,1804.160034,1804.160034,562634
2019-09-04,1733.760010,1765.760010,1691.520020,1692.800049,1692.800049,570616
2019-09-05,1650.560059,1654.400024,1609.599976,1630.079956,1630.079956,648522
2019-09-06,1608.959961,1620.160034,1574.400024,1582.079956,1582.079956,477694
2019-09-09,1553.280029,1608.959961,1550.079956,1566.719971,1566.719971,487856
2019-09-10,1588.479980,1611.520020,1557.760010,1561.599976,1561.599976,467411
2019-09-11,1559.680054,1565.439941,1527.040039,1537.280029,1537.280029,524170
2019-09-12,1508.479980,1529.599976,1482.880005,1500.800049,1500.800049,670227
2019-09-13,1482.239990,1493.119995,1460.479980,1477.119995,1477.119995,509366
2019-09-16,1510.400024,1514.880005,1472.640015,1498.880005,1498.880005,436620
2019-09-17,1503.359985,1518.719971,1490.560059,1491.839966,1491.839966,392489
2019-09-18,1478.400024,1516.287964,1440.000000,1443.839966,1443.839966,812522
2019-09-19,1424.000000,1428.160034,1395.199951,1417.599976,1417.599976,514069
2019-09-20,1402.880005,1502.719971,1397.119995,1490.560059,1490.560059,590363
2019-09-23,1496.319946,1500.160034,1452.800049,1477.760010,1477.760010,359792
2019-09-24,1441.280029,1557.760010,1436.800049,1546.239990,1546.239990,994005
2019-09-25,1542.400024,1598.079956,1497.599976,1511.040039,1511.040039,667847
2019-09-26,1507.199951,1552.640015,1505.920044,1523.839966,1523.839966,489608
2019-09-27,1504.640015,1607.359985,1496.319946,1565.439941,1565.439941,844923
2019-09-30,1547.520020,1549.439941,1502.719971,1519.359985,1519.359985,373844
2019-10-01,1480.319946,1587.199951,1475.199951,1586.560059,1586.560059,735250
2019-10-02,1630.719971,1712.640015,1630.079956,1692.800049,1692.800049,1285869
2019-10-03,1687.040039,1734.400024,1627.520020,1628.160034,1628.160034,763856
2019-10-04,1616.000000,1617.280029,1539.199951,1541.760010,1541.760010,463995
2019-10-07,1562.880005,1579.520020,1520.640015,1553.280029,1553.280029,453303
2019-10-08,1612.800049,1681.280029,1595.520020,1679.359985,1679.359985,770133
2019-10-09,1628.800049,1653.119995,1584.640015,1623.040039,1623.040039,464173
2019-10-10,1620.479980,1625.599976,1558.719971,1563.520020,1563.520020,539647
2019-10-11,1516.800049,1524.479980,1447.680054,1473.280029,1473.280029,1149078
2019-10-14,1478.400024,1479.040039,1423.359985,1425.280029,1425.280029,440520
2019-10-15,1397.760010,1401.599976,1367.040039,1388.160034,1388.160034,685845
2019-10-16,1386.239990,1400.319946,1367.680054,1370.880005,1370.880005,442189
2019-10-17,1357.439941,1371.520020,1341.760010,1362.560059,1362.560059,403184
2019-10-18,1368.319946,1392.640015,1345.920044,1359.359985,1359.359985,508502
2019-10-21,1344.000000,1349.119995,1322.239990,1323.520020,1323.520020,284736
2019-10-22,1317.119995,1345.920044,1306.880005,1344.640015,1344.640015,315038
2019-10-23,1353.599976,1354.880005,1327.040039,1328.000000,1328.000000,275986
2019-10-24,1316.479980,1340.800049,1306.880005,1309.439941,1309.439941,389172
2019-10-25,1316.479980,1318.400024,1265.920044,1266.560059,1266.560059,405947
2019-10-28,1261.439941,1283.199951,1257.599976,1278.719971,1278.719971,406180
2019-10-29,1290.880005,1297.280029,1269.439941,1277.439941,1277.439941,360914
2019-10-30,1278.079956,1309.119995,1243.839966,1246.079956,1246.079956,605688
2019-10-31,1259.520020,1292.800049,1250.560059,1264.000000,1264.000000,472597
2019-11-01,1226.239990,1233.280029,1205.760010,1207.680054,1207.680054,480303
2019-11-04,1191.040039,1219.839966,1186.880005,1209.599976,1209.599976,344936
2019-11-05,1216.000000,1237.119995,1212.800049,1234.560059,1234.560059,355603
2019-11-06,1236.479980,1254.848022,1226.239990,1230.079956,1230.079956,447114
2019-11-07,1205.119995,1228.160034,1203.199951,1218.560059,1218.560059,482964
2019-11-08,1221.760010,1233.920044,1192.000000,1192.959961,1192.959961,422731
2019-11-11,1216.000000,1221.119995,1177.599976,1188.479980,1188.479980,346038
2019-11-12,1179.520020,1185.920044,1164.800049,1174.400024,1174.400024,420948
2019-11-13,1187.199951,1192.319946,1169.920044,1182.719971,1182.719971,423105
2019-11-14,1185.920044,1196.160034,1163.520020,1163.520020,1163.520020,348256
2019-11-15,1145.599976,1150.719971,1112.319946,1113.599976,1113.599976,585538
2019-11-18,1114.239990,1125.119995,1104.640015,1112.319946,1112.319946,382522
2019-11-19,1106.560059,1130.239990,1102.079956,1124.479980,1124.479980,471272
2019-11-20,1128.319946,1176.959961,1112.319946,1136.000000,1136.000000,711905
2019-11-21,1128.959961,1160.959961,1125.760010,1138.560059,1138.560059,482494
2019-11-22,1120.640015,1132.800049,1104.640015,1105.920044,1105.920044,414439
2019-11-25,1081.599976,1081.599976,1053.439941,1057.920044,1057.920044,424141
2019-11-26,1049.599976,1056.000000,1036.800049,1042.560059,1042.560059,447494
2019-11-27,1033.920044,1038.079956,1030.400024,1037.439941,1037.439941,296294
2019-11-29,1046.400024,1058.560059,1041.920044,1058.560059,1058.560059,269983
2019-12-02,1057.280029,1128.319946,1053.439941,1113.599976,1113.599976,848731
2019-12-03,1199.359985,1218.560059,1171.839966,1178.239990,1178.239990,1465205
2019-12-04,1141.760010,1150.719971,1109.760010,1123.839966,1123.839966,665109
2019-12-05,1106.560059,1144.319946,1104.640015,1109.119995,1109.119995,521720
2019-12-06,1066.880005,1086.079956,1061.119995,1070.719971,1070.719971,612116
2019-12-09,1075.199951,1127.359985,1069.760010,1126.400024,1126.400024,590969
2019-12-10,1120.000000,1150.079956,1105.280029,1128.319946,1128.319946,555648
2019-12-11,1116.160034,1122.560059,1095.040039,1102.079956,1102.079956,454664
2019-12-12,1099.520020,1106.560059,1035.520020,1036.800049,1036.800049,1001617
2019-12-13,1032.319946,1058.560059,992.640015,993.919983,993.919983,1151745
2019-12-16,964.479980,973.440002,952.320007,972.799988,972.799988,534159
2019-12-17,963.200012,977.919983,958.080017,965.760010,965.760010,473234
2019-12-18,954.239990,976.000000,951.552002,975.359985,975.359985,464750
2019-12-19,971.520020,976.000000,951.039978,951.039978,951.039978,451969
2019-12-20,947.840027,962.559998,944.640015,962.559998,962.559998,393283
2019-12-23,960.000000,968.320007,958.080017,965.760010,965.760010,236178
2019-12-24,961.919983,966.463989,953.599976,956.159973,956.159973,161180
2019-12-26,948.479980,956.799988,947.200012,954.880005,954.880005,211825
2019-12-27,951.039978,984.960022,950.400024,974.719971,974.719971,412875
2019-12-30,983.039978,1021.440002,982.400024,1008.640015,1008.640015,535064
2019-12-31,1022.080017,1027.839966,963.840027,967.679993,967.679993,517598
2020-01-02,941.440002,962.559998,928.000000,928.640015,928.640015,442381
2020-01-03,1002.880005,1007.359985,956.799988,978.559998,978.559998,752447
2020-01-06,1007.359985,1010.624023,965.119995,965.119995,965.119995,407144
2020-01-07,970.239990,983.039978,950.400024,960.640015,960.640015,427111
2020-01-08,954.239990,960.000000,917.119995,947.200012,947.200012,753945
2020-01-09,920.320007,929.280029,906.880005,907.520020,907.520020,501358
2020-01-10,906.239990,914.239990,893.440002,903.679993,903.679993,514298
2020-01-13,893.440002,903.039978,879.359985,880.640015,880.640015,440020
2020-01-14,882.559998,889.599976,864.640015,874.239990,874.239990,521280
2020-01-15,874.239990,877.440002,864.640015,871.679993,871.679993,474861
2020-01-16,858.880005,861.119995,848.640015,850.559998,850.559998,430677
2020-01-17,850.559998,867.840027,848.000000,852.479980,852.479980,523288
2020-01-21,864.000000,865.280029,841.599976,859.520020,859.520020,646997
2020-01-22,842.880005,866.559998,842.880005,866.559998,866.559998,569870
2020-01-23,880.000000,894.080017,860.799988,863.359985,863.359985,545772
2020-01-24,849.280029,929.919983,845.440002,911.359985,911.359985,1602141
2020-01-27,990.080017,1006.719971,967.679993,1005.440002,1005.440002,1292236
2020-01-28,981.119995,988.799988,944.640015,949.119995,949.119995,839828
2020-01-29,932.479980,965.760010,922.880005,950.400024,950.400024,652542
2020-01-30,986.880005,1008.000000,934.400024,934.400024,934.400024,1050109
2020-01-31,954.239990,1068.800049,954.239990,1036.800049,1036.800049,1680916
2020-02-03,1010.559998,1025.280029,974.080017,997.119995,997.119995,807856
2020-02-04,954.239990,960.640015,935.039978,949.119995,949.119995,739220
2020-02-05,914.559998,942.719971,908.799988,908.799988,908.799988,740552
2020-02-06,901.119995,920.320007,896.000000,901.760010,901.760010,604681
2020-02-07,928.000000,938.880005,905.599976,920.320007,920.320007,727981
2020-02-10,928.640015,928.640015,898.559998,902.400024,902.400024,557675
2020-02-11,888.320007,907.520020,883.200012,903.679993,903.679993,576872
2020-02-12,887.039978,891.520020,856.320007,857.599976,857.599976,623883
2020-02-13,885.760010,894.015991,865.919983,876.159973,876.159973,527550
2020-02-14,867.840027,884.159973,862.080017,865.280029,865.280029,524564
2020-02-18,881.919983,897.919983,868.479980,880.640015,880.640015,638261
2020-02-19,864.640015,874.239990,858.880005,867.840027,867.840027,565133
2020-02-20,871.039978,927.359985,864.000000,898.559998,898.559998,1293078
2020-02-21,926.719971,979.200012,917.760010,953.599976,953.599976,1350458
2020-02-24,1098.239990,1136.000000,1046.400024,1130.880005,1130.880005,2263708
2020-02-25,1091.839966,1270.400024,1083.520020,1237.760010,1237.760010,2811241
2020-02-26,1198.079956,1256.959961,1156.479980,1211.520020,1211.520020,2084186
2020-02-27,1321.599976,1408.000000,1287.040039,1408.000000,1408.000000,2641470
2020-02-28,1581.439941,1600.000000,1451.520020,1459.839966,1459.839966,2281550
2020-03-02,1420.800049,1510.719971,1402.239990,1409.920044,1409.920044,1750975
2020-03-03,1404.800049,1605.119995,1349.439941,1564.800049,1564.800049,1960070
2020-03-04,1497.599976,1554.560059,1455.359985,1472.000000,1472.000000,1365989
2020-03-05,1611.520020,1771.520020,1576.959961,1707.520020,1707.520020,1901491
2020-03-06,2026.239990,2091.520020,1871.359985,1908.479980,1908.479980,2200347
2020-03-09,2601.600098,2634.879883,2250.239990,2365.439941,2365.439941,1168313
2020-03-10,2112.000000,2378.239990,2097.280029,2183.040039,2183.040039,936198
2020-03-11,2357.760010,2524.800049,2326.399902,2474.239990,2474.239990,767388
2020-03-12,2886.399902,3121.919922,2659.199951,3031.040039,3031.040039,1017314
2020-03-13,2695.679932,3163.520020,2689.280029,2764.800049,2764.800049,1029836
2020-03-16,3520.000000,3966.080078,3298.560059,3789.439941,3789.439941,759377
2020-03-17,3685.120117,4007.679932,3470.719971,3744.639893,3744.639893,768623
2020-03-18,4220.799805,5045.759766,3958.399902,4416.000000,4416.000000,1184722
2020-03-19,4723.200195,4921.600098,3577.600098,3968.000000,3968.000000,1294214
2020-03-20,3800.320068,4037.120117,3361.280029,3875.199951,3875.199951,922716
2020-03-23,3671.679932,3778.560059,3152.000000,3272.320068,3272.320068,615591
2020-03-24,2679.040039,3055.360107,2528.000000,3017.600098,3017.600098,569266
2020-03-25,3083.520020,3370.879883,3050.879883,3257.600098,3257.600098,396209
2020-03-26,3145.600098,3181.439941,2919.040039,2919.679932,2919.679932,488084
2020-03-27,3221.760010,3246.080078,3098.239990,3238.399902,3238.399902,366077
2020-03-30,3233.280029,3321.600098,3109.120117,3112.320068,3112.320068,499692
2020-03-31,3136.000000,3152.639893,2906.879883,2960.000000,2960.000000,492463
2020-04-01,3162.879883,3256.959961,3011.840088,3214.080078,3214.080078,297730
2020-04-02,3173.120117,3225.600098,3021.120117,3031.040039,3031.040039,336484
2020-04-03,3008.000000,3062.399902,2880.000000,2908.800049,2908.800049,417597
2020-04-06,2695.040039,2756.479980,2657.280029,2701.439941,2701.439941,309653
2020-04-07,2618.239990,2794.239990,2609.919922,2778.239990,2778.239990,438230
2020-04-08,2741.760010,2798.080078,2682.879883,2713.600098,2713.600098,326292
2020-04-09,2696.320068,2744.959961,2648.000000,2660.479980,2660.479980,365741
2020-04-13,2643.199951,2715.520020,2599.679932,2605.439941,2605.439941,231661
2020-04-14,2457.600098,2471.679932,2368.000000,2394.239990,2394.239990,280914
2020-04-15,2560.000000,2651.520020,2516.800049,2586.239990,2586.239990,325723
2020-04-16,2613.760010,2683.520020,2581.120117,2607.360107,2607.360107,291647
2020-04-17,2499.840088,2586.879883,2483.840088,2499.199951,2499.199951,280730
2020-04-20,2634.879883,2752.000000,2568.320068,2741.760010,2741.760010,301517
2020-04-21,2946.560059,3081.600098,2926.080078,2970.879883,2970.879883,408331
2020-04-22,2862.080078,2917.120117,2797.439941,2828.159912,2828.159912,251098
2020-04-23,2782.719971,2872.320068,2732.800049,2819.840088,2819.840088,290083
2020-04-24,2762.879883,2803.199951,2653.503906,2657.280029,2657.280029,230666
2020-04-27,2589.439941,2590.080078,2426.239990,2461.439941,2461.439941,360908
2020-04-28,2374.399902,2532.224121,2365.439941,2500.479980,2500.479980,354519
2020-04-29,2359.040039,2368.639893,2294.399902,2349.120117,2349.120117,315722
2020-04-30,2399.360107,2510.080078,2396.159912,2423.679932,2423.679932,266639
2020-05-01,2630.399902,2692.479980,2579.840088,2636.159912,2636.159912,322772
2020-05-04,2725.120117,2752.000000,2571.520020,2576.639893,2576.639893,211133
2020-05-05,2476.800049,2492.800049,2403.840088,2474.879883,2474.879883,278514
2020-05-06,2430.719971,2513.600098,2413.248047,2509.439941,2509.439941,236645
2020-05-07,2424.320068,2438.080078,2379.520020,2398.080078,2398.080078,275656
2020-05-08,2333.439941,2350.719971,2236.800049,2236.800049,2236.800049,304244
2020-05-11,2296.959961,2302.399902,2080.000000,2087.679932,2087.679932,295866
2020-05-12,2024.192017,2304.000000,2010.880005,2297.600098,2297.600098,381756
2020-05-13,2325.760010,2634.239990,2277.760010,2537.600098,2537.600098,676986
2020-05-14,2660.479980,2743.040039,2398.080078,2398.080078,2398.080078,542373
2020-05-15,2512.000000,2557.439941,2342.399902,2342.399902,2342.399902,394489
2020-05-18,2182.399902,2234.879883,2163.840088,2191.360107,2191.360107,395064
2020-05-19,2203.520020,2310.399902,2154.879883,2305.919922,2305.919922,359766
2020-05-20,2199.040039,2245.760010,2156.800049,2156.800049,2156.800049,506863
2020-05-21,2164.479980,2264.320068,2134.399902,2219.520020,2219.520020,380230
2020-05-22,2233.600098,2267.520020,2188.800049,2198.399902,2198.399902,240020
2020-05-26,2094.719971,2182.719971,2087.679932,2165.120117,2165.120117,299913
2020-05-27,2109.439941,2262.399902,2105.280029,2121.600098,2121.600098,415955
2020-05-28,2147.840088,2226.944092,2120.639893,2206.719971,2206.719971,362836
2020-05-29,2218.239990,2258.560059,2120.320068,2120.320068,2120.320068,508941
2020-06-01,2179.840088,2188.159912,2126.719971,2138.879883,2138.879883,241877
2020-06-02,2126.080078,2153.791992,2077.439941,2079.360107,2079.360107,356188
2020-06-03,2040.319946,2050.560059,1980.160034,1989.760010,1989.760010,387809
2020-06-04,2002.560059,2021.119995,1915.520020,1973.760010,1973.760010,453102
2020-06-05,1853.439941,1893.119995,1845.119995,1866.880005,1866.880005,432436
2020-06-08,1857.280029,1927.040039,1853.439941,1908.479980,1908.479980,259175
2020-06-09,1964.160034,2016.128052,1949.439941,2001.280029,2001.280029,374445
2020-06-10,2016.000000,2054.399902,1913.599976,1992.319946,1992.319946,471180
2020-06-11,2212.479980,2707.199951,2120.320068,2663.040039,2663.040039,1620261
2020-06-12,2457.600098,2881.919922,2394.879883,2477.439941,2477.439941,1063156
2020-06-15,2702.080078,2791.679932,2391.679932,2414.080078,2414.080078,627677
2020-06-16,2257.919922,2496.768066,2239.360107,2359.679932,2359.679932,835025
2020-06-17,2341.120117,2433.280029,2329.600098,2366.719971,2366.719971,532475
2020-06-18,2402.560059,2427.520020,2321.919922,2323.840088,2323.840088,406366
2020-06-19,2268.159912,2440.320068,2249.600098,2360.959961,2360.959961,673206
2020-06-22,2377.600098,2408.959961,2238.719971,2245.760010,2245.760010,534747
2020-06-23,2145.280029,2221.439941,2138.751953,2204.800049,2204.800049,470089
2020-06-24,2284.800049,2453.760010,2220.159912,2350.080078,2350.080078,1005800
2020-06-25,2389.120117,2440.320068,2256.000000,2264.959961,2264.959961,559922
2020-06-26,2268.800049,2427.520020,2260.479980,2400.000000,2400.000000,698370
2020-06-29,2360.320068,2438.271973,2279.679932,2283.520020,2283.520020,390108
2020-06-30,2303.743896,2310.335938,2150.399902,2172.800049,2172.800049,421150
2020-07-01,2135.679932,2170.239990,2090.239990,2104.959961,2104.959961,387845
2020-07-02,2019.199951,2085.120117,1985.920044,2068.479980,2068.479980,436498
2020-07-06,2001.280029,2089.919922,1996.160034,2065.919922,2065.919922,368839
2020-07-07,2083.199951,2144.000000,2026.560059,2136.959961,2136.959961,384744
2020-07-08,2104.959961,2173.439941,2077.439941,2083.199951,2083.199951,386917
2020-07-09,2085.760010,2208.639893,2069.120117,2115.840088,2115.840088,504686
2020-07-10,2129.919922,2174.592041,2056.320068,2057.600098,2057.600098,357544
2020-07-13,2035.839966,2264.959961,2030.719971,2255.360107,2255.360107,538967
2020-07-14,2257.280029,2304.639893,2119.679932,2125.439941,2125.439941,720678
2020-07-15,2062.080078,2155.520020,2056.320068,2064.639893,2064.639893,446011
2020-07-16,2116.479980,2116.479980,2022.400024,2032.640015,2032.640015,430481
2020-07-17,2011.520020,2030.719971,1956.479980,1959.680054,1959.680054,299213
2020-07-20,1934.079956,1944.959961,1838.719971,1870.719971,1870.719971,419866
2020-07-21,1824.000000,1910.400024,1801.599976,1887.359985,1887.359985,561672
2020-07-22,1897.599976,1925.823975,1864.319946,1866.239990,1866.239990,352027
2020-07-23,1849.599976,1963.520020,1836.800049,1924.479980,1924.479980,549448
2020-07-24,1985.280029,2013.119995,1928.959961,1930.880005,1930.880005,515517
2020-07-27,1906.560059,1931.839966,1873.280029,1877.760010,1877.760010,325844
2020-07-28,1877.119995,1893.119995,1806.719971,1866.880005,1866.880005,400967
2020-07-29,1841.280029,1861.760010,1818.880005,1828.479980,1828.479980,327286
2020-07-30,1911.040039,2001.280029,1856.000000,1868.800049,1868.800049,508164
2020-07-31,1818.880005,1915.520020,1816.319946,1825.280029,1825.280029,480391
2020-08-03,1811.839966,1840.511963,1799.040039,1821.439941,1821.439941,313211
2020-08-04,1815.040039,1815.040039,1761.920044,1767.680054,1767.680054,307770
2020-08-05,1739.520020,1765.119995,1724.800049,1730.560059,1730.560059,319075
2020-08-06,1735.040039,1749.119995,1705.599976,1711.359985,1711.359985,338088
2020-08-07,1731.839966,1736.959961,1681.280029,1697.920044,1697.920044,461205
2020-08-10,1672.959961,1699.199951,1642.239990,1648.000000,1648.000000,402547
2020-08-11,1609.599976,1736.959961,1601.920044,1724.800049,1724.800049,564245
2020-08-12,1659.520020,1665.920044,1620.160034,1633.920044,1633.920044,442794
2020-08-13,1642.880005,1654.400024,1593.599976,1632.640015,1632.640015,445584
2020-08-14,1646.719971,1660.160034,1619.839966,1628.160034,1628.160034,422734
2020-08-17,1592.959961,1606.400024,1562.880005,1573.760010,1573.760010,306331
2020-08-18,1560.319946,1595.520020,1542.400024,1557.119995,1557.119995,345927
2020-08-19,1544.319946,1596.160034,1532.800049,1585.280029,1585.280029,556634
2020-08-20,1647.359985,1653.760010,1561.599976,1568.000000,1568.000000,553784
2020-08-21,1596.160034,1602.560059,1567.040039,1576.319946,1576.319946,401838
2020-08-24,1532.800049,1586.239990,1528.319946,1569.280029,1569.280029,430206
2020-08-25,1574.400024,1620.800049,1550.719971,1560.959961,1560.959961,410045
2020-08-26,1551.359985,1605.760010,1512.959961,1595.520020,1595.520020,463642
2020-08-27,1580.160034,1772.800049,1563.520020,1646.079956,1646.079956,841497
2020-08-28,1665.280029,1735.040039,1610.239990,1637.119995,1637.119995,544402
2020-08-31,1683.199951,1733.760010,1643.520020,1718.400024,1718.400024,567763
2020-09-01,1718.400024,1757.439941,1704.959961,1745.280029,1745.280029,451203
2020-09-02,1743.359985,1806.719971,1736.319946,1788.160034,1788.160034,633261
2020-09-03,1812.479980,2096.639893,1747.456055,2029.439941,2029.439941,1859850
2020-09-04,1978.239990,2181.120117,1826.560059,1850.880005,1850.880005,1732702
2020-09-08,1999.359985,2016.000000,1802.239990,1809.920044,1809.920044,998730
2020-09-09,1763.904053,1782.400024,1686.400024,1717.119995,1717.119995,592436
2020-09-10,1701.760010,1777.920044,1687.040039,1736.319946,1736.319946,612588
2020-09-11,1688.959961,1739.520020,1631.359985,1633.280029,1633.280029,665370
2020-09-14,1610.880005,1628.800049,1581.439941,1604.479980,1604.479980,473258
2020-09-15,1588.479980,1631.359985,1580.160034,1601.920044,1601.920044,398505
2020-09-16,1591.680054,1600.000000,1553.599976,1597.439941,1597.439941,464727
2020-09-17,1646.719971,1651.839966,1553.920044,1560.959961,1560.959961,486047
2020-09-18,1549.439941,1598.719971,1514.880005,1559.680054,1559.680054,540902
2020-09-21,1625.599976,1705.599976,1602.880005,1610.239990,1610.239990,623206
2020-09-22,1607.680054,1666.560059,1607.040039,1623.040039,1623.040039,363981
2020-09-23,1617.280029,1710.079956,1609.599976,1708.800049,1708.800049,457802
2020-09-24,1710.719971,1728.000000,1647.359985,1676.160034,1676.160034,428444
2020-09-25,1678.079956,1690.880005,1624.319946,1634.560059,1634.560059,369253
2020-09-28,1621.119995,1641.599976,1616.640015,1623.040039,1623.040039,285333
2020-09-29,1630.079956,1632.000000,1571.520020,1596.160034,1596.160034,353497
2020-09-30,1575.040039,1611.520020,1554.560059,1593.599976,1593.599976,401991
2020-10-01,1575.040039,1625.599976,1575.040039,1600.640015,1600.640015,377352
2020-10-02,1683.839966,1688.319946,1618.560059,1649.920044,1649.920044,467725
2020-10-05,1633.920044,1651.199951,1585.599976,1598.079956,1598.079956,325734
2020-10-06,1584.640015,1634.560059,1554.687988,1620.479980,1620.479980,543850
2020-10-07,1589.119995,1595.520020,1555.839966,1567.359985,1567.359985,303894
2020-10-08,1549.439941,1558.400024,1501.439941,1504.640015,1504.640015,394359
2020-10-09,1459.839966,1460.479980,1425.920044,1426.560059,1426.560059,455220
2020-10-12,1401.599976,1426.560059,1393.920044,1398.400024,1398.400024,488391
2020-10-13,1414.400024,1445.760010,1405.439941,1417.599976,1417.599976,365552
2020-10-14,1404.800049,1424.640015,1381.119995,1402.880005,1402.880005,462108
2020-10-15,1466.239990,1478.400024,1410.560059,1415.040039,1415.040039,509478
2020-10-16,1413.119995,1425.280029,1391.359985,1425.280029,1425.280029,366239
2020-10-19,1417.599976,1496.319946,1415.040039,1487.359985,1487.359985,434466
2020-10-20,1477.119995,1495.040039,1463.680054,1486.719971,1486.719971,464870
2020-10-21,1478.400024,1498.239990,1442.047974,1451.520020,1451.520020,424597
2020-10-22,1448.959961,1461.760010,1404.160034,1417.599976,1417.599976,354292
2020-10-23,1411.839966,1450.239990,1409.280029,1418.880005,1418.880005,295706
2020-10-26,1452.800049,1572.479980,1438.079956,1546.880005,1546.880005,795198
2020-10-27,1546.751953,1580.160034,1520.000000,1553.280029,1553.280029,532884
2020-10-28,1670.400024,1777.151978,1649.280029,1774.719971,1774.719971,1205505
2020-10-29,1738.880005,1773.439941,1596.160034,1648.000000,1648.000000,734402
2020-10-30,1675.520020,1728.640015,1649.280029,1697.920044,1697.920044,625348
2020-11-02,1621.119995,1683.199951,1616.000000,1660.160034,1660.160034,648958
2020-11-03,1609.599976,1619.839966,1548.160034,1568.640015,1568.640015,608527
2020-11-04,1504.000000,1507.839966,1420.800049,1430.400024,1430.400024,1018869
2020-11-05,1384.959961,1422.719971,1372.160034,1406.719971,1406.719971,570570
2020-11-06,1395.199951,1396.479980,1312.640015,1313.280029,1313.280029,665716
2020-11-09,1221.119995,1287.040039,1166.079956,1284.479980,1284.479980,936411
2020-11-10,1252.479980,1299.199951,1242.880005,1246.079956,1246.079956,530817
2020-11-11,1225.599976,1241.599976,1192.319946,1215.359985,1215.359985,513580
2020-11-12,1233.791992,1328.000000,1220.479980,1301.119995,1301.119995,1044855
2020-11-13,1257.599976,1258.880005,1200.000000,1221.119995,1221.119995,591438
2020-11-16,1191.040039,1235.199951,1186.560059,1186.560059,1186.560059,506870
2020-11-17,1215.359985,1222.400024,1168.640015,1171.199951,1171.199951,511142
2020-11-18,1159.040039,1216.000000,1146.880005,1205.760010,1205.760010,569977
2020-11-19,1202.560059,1220.479980,1173.119995,1192.959961,1192.959961,445481
2020-11-20,1191.680054,1195.520020,1167.359985,1190.400024,1190.400024,452755
2020-11-23,1174.400024,1198.400024,1154.560059,1175.040039,1175.040039,509545
2020-11-24,1150.719971,1175.359985,1148.160034,1155.199951,1155.199951,528152
2020-11-25,1156.479980,1171.839966,1111.040039,1112.959961,1112.959961,389697
2020-11-27,1104.000000,1128.832031,1094.400024,1120.640015,1120.640015,257728
2020-11-30,1124.479980,1162.880005,1097.599976,1099.520020,1099.520020,444425
2020-12-01,1088.640015,1114.880005,1081.599976,1110.400024,1110.400024,593234
2020-12-02,1112.319946,1112.319946,1080.959961,1104.640015,1104.640015,478311
2020-12-03,1091.199951,1124.160034,1088.000000,1114.880005,1114.880005,537302
2020-12-04,1101.439941,1102.079956,1084.800049,1095.040039,1095.040039,541025
2020-12-07,1106.560059,1112.640015,1095.680054,1101.439941,1101.439941,468116
2020-12-08,1108.479980,1110.079956,1061.760010,1061.760010,1061.760010,466092
2020-12-09,1050.239990,1110.400024,1041.920044,1100.800049,1100.800049,1047852
2020-12-10,1109.760010,1118.079956,1080.640015,1111.040039,1111.040039,721930
2020-12-11,1138.560059,1182.719971,1121.280029,1152.000000,1152.000000,878634
2020-12-14,1114.880005,1182.719971,1104.640015,1178.239990,1178.239990,615527
2020-12-15,1151.359985,1164.800049,1122.560059,1123.839966,1123.839966,662006
2020-12-16,1121.280029,1133.439941,1086.079956,1087.359985,1087.359985,651361
2020-12-17,1089.280029,1095.680054,1063.680054,1072.000000,1072.000000,612564
2020-12-18,1080.319946,1124.479980,1079.680054,1093.119995,1093.119995,811192
2020-12-21,1201.920044,1246.079956,1155.839966,1180.160034,1180.160034,1394855
2020-12-22,1166.719971,1182.719971,1152.640015,1159.040039,1159.040039,564231
2020-12-23,1134.079956,1136.959961,1091.839966,1112.319946,1112.319946,516392
2020-12-24,1096.319946,1096.959961,1080.000000,1080.319946,1080.319946,219339
2020-12-28,1064.319946,1077.760010,1059.839966,1076.479980,1076.479980,313984
2020-12-29,1061.119995,1136.640015,1059.839966,1115.520020,1115.520020,567998
2020-12-30,1110.400024,1115.520020,1071.359985,1075.199951,1075.199951,430819
2020-12-31,1073.920044,1092.479980,1053.439941,1074.560059,1074.560059,458573
2021-01-04,1073.280029,1203.199951,1072.000000,1168.000000,1168.000000,1105622
2021-01-05,1196.160034,1197.439941,1119.040039,1128.959961,1128.959961,728286
2021-01-06,1118.079956,1152.000000,1058.560059,1123.199951,1123.199951,1160375
2021-01-07,1075.199951,1079.680054,1056.000000,1056.000000,1056.000000,610442
2021-01-08,1049.599976,1084.160034,1038.784058,1046.400024,1046.400024,694117
2021-01-11,1084.800049,1113.599976,1068.160034,1109.760010,1109.760010,645055
2021-01-12,1084.800049,1116.800049,1068.800049,1072.000000,1072.000000,525502
2021-01-13,1071.359985,1079.040039,1045.760010,1055.359985,1055.359985,457492
2021-01-14,1046.400024,1073.280029,1032.959961,1067.520020,1067.520020,588606
2021-01-15,1083.520020,1120.000000,1067.520020,1095.040039,1095.040039,902302
2021-01-19,1068.160034,1083.520020,1057.920044,1064.319946,1064.319946,677184
2021-01-20,1050.239990,1065.599976,1038.079956,1043.839966,1043.839966,545517
2021-01-21,1044.479980,1061.119995,1033.599976,1035.520020,1035.520020,668666
2021-01-22,1061.119995,1067.199951,1036.800049,1049.599976,1049.599976,671280
2021-01-25,1059.199951,1137.599976,1052.160034,1091.839966,1091.839966,1157409
2021-01-26,1072.640015,1100.800049,1027.199951,1100.800049,1100.800049,760280
2021-01-27,1130.880005,1315.839966,1128.959961,1296.000000,1296.000000,1943634
2021-01-28,1240.319946,1297.920044,1204.479980,1266.560059,1266.560059,1198392
2021-01-29,1298.560059,1392.640015,1228.160034,1349.119995,1349.119995,1924180
2021-02-01,1285.760010,1362.560059,1254.719971,1272.319946,1272.319946,1017656
2021-02-02,1210.239990,1213.439941,1152.000000,1164.160034,1164.160034,662261
2021-02-03,1138.560059,1155.839966,1102.079956,1104.000000,1104.000000,585467
2021-02-04,1080.319946,1082.880005,1056.000000,1056.000000,1056.000000,476994
2021-02-05,1050.880005,1075.839966,1050.239990,1054.079956,1054.079956,541817
2021-02-08,1048.319946,1064.319946,1045.119995,1045.119995,1045.119995,407542
2021-02-09,1059.839966,1066.880005,1036.160034,1049.599976,1049.599976,535333
2021-02-10,1042.560059,1097.599976,1040.640015,1066.880005,1066.880005,1046180
2021-02-11,1053.439941,1090.560059,1040.640015,1041.920044,1041.920044,769494
2021-02-12,1051.520020,1051.520020,1005.440002,1007.359985,1007.359985,767356
2021-02-16,1011.840027,1029.760010,998.400024,1018.239990,1018.239990,837214
2021-02-17,1034.239990,1051.520020,993.919983,997.119995,997.119995,862472
2021-02-18,1025.280029,1038.079956,992.000000,1002.239990,1002.239990,857328
2021-02-19,993.280029,996.159973,954.880005,966.400024,966.400024,973395
2021-02-22,998.400024,1007.359985,969.599976,1006.719971,1006.719971,861638
2021-02-23,1012.479980,1062.400024,963.840027,965.119995,965.119995,1457566
2021-02-24,990.719971,1000.960022,924.159973,926.719971,926.719971,932717
2021-02-25,947.200012,1100.800049,931.200012,1074.560059,1074.560059,2431491
2021-02-26,1029.183960,1106.560059,1001.599976,1025.920044,1025.920044,1896020
2021-03-01,965.119995,965.119995,937.599976,949.760010,949.760010,840713
2021-03-02,951.679993,963.135986,938.239990,958.080017,958.080017,778555
2021-03-03,951.039978,1001.599976,942.719971,999.039978,999.039978,1595847
2021-03-04,987.520020,1085.504028,965.119995,1041.280029,1041.280029,1915178
2021-03-05,1001.599976,1071.359985,964.479980,967.679993,967.679993,1623081
2021-03-08,969.599976,993.280029,949.119995,984.960022,984.960022,1093294
2021-03-09,957.440002,961.919983,933.760010,945.280029,945.280029,826097
2021-03-10,919.679993,940.479980,919.679993,933.119995,933.119995,713338
2021-03-11,918.400024,920.320007,903.679993,910.080017,910.080017,667836
2021-03-12,926.719971,929.919983,892.799988,892.799988,892.799988,740752
2021-03-15,890.239990,896.960022,839.039978,842.239990,842.239990,785709
2021-03-16,840.960022,843.520020,817.280029,842.239990,842.239990,800419
2021-03-17,851.200012,856.000000,804.479980,805.760010,805.760010,1026473
2021-03-18,823.039978,858.239990,806.400024,850.559998,850.559998,975373
2021-03-19,845.440002,867.840027,812.799988,817.280029,817.280029,897453
2021-03-22,807.679993,812.159973,758.400024,764.159973,764.159973,753539
2021-03-23,769.919983,814.400024,766.719971,800.000000,800.000000,959341
2021-03-24,783.359985,807.679993,767.359985,807.039978,807.039978,748220
2021-03-25,812.159973,851.200012,778.239990,782.719971,782.719971,1166875
2021-03-26,768.640015,799.359985,742.400024,751.359985,751.359985,1233822
2021-03-29,768.640015,791.679993,760.960022,768.640015,768.640015,990709
2021-03-30,768.640015,777.599976,734.719971,735.359985,735.359985,738689
2021-03-31,728.320007,745.599976,716.159973,729.599976,729.599976,917783
2021-04-01,720.000000,724.479980,702.080017,707.200012,707.200012,749677
2021-04-05,685.440002,697.280029,682.880005,689.280029,689.280029,825091
2021-04-06,688.640015,694.080017,677.119995,689.280029,689.280029,695769
2021-04-07,689.280029,691.520020,668.159973,671.359985,671.359985,628225
2021-04-08,661.760010,668.159973,654.719971,661.119995,661.119995,666502
2021-04-09,666.880005,671.039978,648.960022,659.840027,659.840027,748838
2021-04-12,664.960022,677.760010,650.239990,650.239990,650.239990,651722
2021-04-13,650.880005,653.440002,640.000000,645.760010,645.760010,760255
2021-04-14,648.320007,663.679993,642.559998,659.840027,659.840027,932934
2021-04-15,643.840027,647.039978,634.239990,638.080017,638.080017,830586
2021-04-16,637.440002,642.559998,622.719971,627.840027,627.840027,771922
2021-04-19,632.960022,668.799988,630.400024,650.880005,650.880005,1294267
2021-04-20,659.200012,687.359985,653.440002,665.599976,665.599976,1354161
2021-04-21,668.799988,677.119995,626.559998,629.760010,629.760010,848359
2021-04-22,629.119995,680.960022,625.280029,668.799988,668.799988,1752644
2021-04-23,661.919983,665.280029,628.479980,642.719971,642.719971,1950931
2021-04-26,636.320007,646.848022,634.112000,637.119995,637.119995,720650
2021-04-27,633.440002,643.840027,621.440002,624.159973,624.159973,866394
2021-04-28,621.440002,630.239990,615.840027,621.919983,621.919983,897313
2021-04-29,610.400024,642.719971,608.000000,617.119995,617.119995,1354738
2021-04-30,630.559998,648.479980,622.880005,642.559998,642.559998,1218138
2021-05-03,627.200012,633.919983,619.200012,620.000000,620.000000,969288
2021-05-04,636.000000,678.239990,631.359985,643.359985,643.359985,2219706
2021-05-05,632.000000,646.799988,615.679993,627.039978,627.039978,1271450
2021-05-06,628.799988,654.080017,621.200012,623.200012,623.200012,1380363
2021-05-07,622.719971,624.479980,585.200012,587.840027,587.840027,1151944
2021-05-10,586.880005,614.400024,576.640015,613.599976,613.599976,1538150
2021-05-11,648.479980,674.400024,628.799988,659.359985,659.359985,2521569
2021-05-12,684.479980,799.200012,682.559998,774.320007,774.320007,4511294
2021-05-13,730.880005,731.359985,679.039978,700.000000,700.000000,2703588
2021-05-14,663.520020,664.000000,611.520020,617.679993,617.679993,1413650
2021-05-17,629.919983,662.559998,618.400024,637.919983,637.919983,2115431
2021-05-18,630.080017,649.760010,614.719971,647.200012,647.200012,1766119
2021-05-19,689.760010,741.119995,672.880005,677.599976,677.599976,4050863
2021-05-20,658.880005,668.159973,633.599976,639.840027,639.840027,1847294
2021-05-21,629.280029,640.320007,621.599976,631.679993,631.679993,1541688
2021-05-24,618.719971,619.679993,596.799988,603.679993,603.679993,978788
2021-05-25,599.520020,613.599976,598.000000,603.200012,603.200012,1173869
2021-05-26,594.239990,596.320007,572.000000,574.400024,574.400024,1430038
2021-05-27,568.000000,568.320007,542.880005,546.559998,546.559998,1182138
2021-05-28,541.119995,556.000000,538.559998,555.200012,555.200012,1057806
2021-06-01,541.599976,569.119995,538.880005,568.479980,568.479980,1201838
2021-06-02,561.919983,567.200012,545.760010,553.760010,553.760010,1245775
2021-06-03,570.815979,578.880005,555.552002,564.000000,564.000000,1544600
2021-06-04,546.080017,546.080017,532.000000,534.239990,534.239990,1236400
2021-06-07,533.760010,539.200012,523.520020,524.640015,524.640015,883581
2021-06-08,521.599976,542.080017,520.320007,530.239990,530.239990,1283581
2021-06-09,524.960022,542.559998,524.159973,538.880005,538.880005,1007850
2021-06-10,524.640015,527.679993,506.239990,507.679993,507.679993,1520319
2021-06-11,496.959991,498.559998,489.279999,493.119995,493.119995,1240444
2021-06-14,491.679993,507.040009,490.079987,497.760010,497.760010,1267538
2021-06-15,500.000000,512.479980,497.600006,508.640015,508.640015,1345388
2021-06-16,501.920013,526.864014,492.959991,513.119995,513.119995,3075131
2021-06-17,514.559998,521.359985,492.399994,510.239990,510.239990,1948688
2021-06-18,534.239990,558.080017,520.000000,555.039978,555.039978,3143375
2021-06-21,535.200012,551.679993,512.640015,520.640015,520.640015,1444369
2021-06-22,523.840027,526.559998,493.760010,493.920013,493.920013,1156556
2021-06-23,487.519989,489.920013,479.519989,484.640015,484.640015,940025
2021-06-24,472.320007,478.079987,470.720001,475.200012,475.200012,892819
2021-06-25,472.959991,478.399994,466.399994,466.399994,466.399994,995575
2021-06-28,463.679993,474.079987,461.440002,466.399994,466.399994,1065619
2021-06-29,463.839996,477.440002,462.079987,476.320007,476.320007,889331
2021-06-30,479.839996,482.880005,466.880005,471.359985,471.359985,1193494
2021-07-01,466.399994,470.687988,462.432007,463.679993,463.679993,1121550
2021-07-02,452.320007,465.679993,449.119995,462.559998,462.559998,1697231
2021-07-06,458.559998,487.200012,458.079987,473.119995,473.119995,1582456
2021-07-07,468.000000,490.079987,467.040009,474.079987,474.079987,1224744
2021-07-08,515.840027,519.520020,496.480011,504.799988,504.799988,2308044
2021-07-09,489.440002,492.640015,468.480011,470.880005,470.880005,1459144
2021-07-12,472.160004,474.559998,464.480011,467.839996,467.839996,878544
2021-07-13,468.000000,475.200012,457.760010,473.440002,473.440002,1377281
2021-07-14,462.239990,479.359985,458.399994,462.559998,462.559998,1687800
2021-07-15,474.880005,480.320007,466.239990,469.279999,469.279999,2050456
2021-07-16,459.040009,489.920013,456.160004,488.799988,488.799988,1667581
2021-07-19,516.960022,592.640015,512.000000,558.559998,558.559998,4945519
2021-07-20,554.239990,563.679993,504.480011,511.519989,511.519989,2213469
2021-07-21,499.839996,501.760010,477.920013,479.040009,479.040009,1521044
2021-07-22,481.920013,495.040009,475.200012,487.519989,487.519989,1537850
2021-07-23,477.119995,487.040009,475.839996,485.279999,485.279999,1451300
2021-07-26,491.040009,496.959991,477.600006,477.600006,477.600006,1293363
2021-07-27,488.160004,518.880005,488.160004,493.760010,493.760010,2487575
2021-07-28,488.640015,502.720001,472.640015,479.839996,479.839996,1890263
2021-07-29,477.600006,477.600006,468.559998,471.839996,471.839996,982344
2021-07-30,488.799988,489.600006,472.320007,483.359985,483.359985,1368244
2021-08-02,478.079987,504.640015,476.000000,502.079987,502.079987,1425000
2021-08-03,494.079987,507.359985,476.799988,476.959991,476.959991,1810613
2021-08-04,485.920013,487.839996,471.679993,476.320007,476.320007,1092969
2021-08-05,472.000000,472.640015,464.160004,464.799988,464.799988,1136313
2021-08-06,460.160004,463.119995,452.160004,452.799988,452.799988,1189150
2021-08-09,451.679993,456.799988,444.320007,448.160004,448.160004,1301825
2021-08-10,442.079987,446.880005,435.679993,440.480011,440.480011,1093725
2021-08-11,436.959991,440.480011,426.559998,428.480011,428.480011,1232156
2021-08-12,431.359985,432.799988,415.040009,419.839996,419.839996,1149256
2021-08-13,413.920013,422.239990,412.079987,420.480011,420.480011,1060650
2021-08-16,430.880005,439.679993,421.119995,421.119995,421.119995,2029388
2021-08-17,434.720001,456.959991,428.320007,435.200012,435.200012,3250038
2021-08-18,441.279999,469.040009,434.880005,465.119995,465.119995,2385469
2021-08-19,486.559998,494.399994,462.880005,480.239990,480.239990,4621925
2021-08-20,472.959991,475.359985,440.480011,444.160004,444.160004,2141019
2021-08-23,431.839996,431.936005,421.760010,428.959991,428.959991,1484725
2021-08-24,426.880005,430.799988,424.480011,427.359985,427.359985,1053800
2021-08-25,425.920013,428.160004,416.640015,418.079987,418.079987,920719
2021-08-26,424.000000,441.279999,420.320007,436.000000,436.000000,2245988
2021-08-27,429.440002,429.600006,410.399994,413.600006,413.600006,1667206
2021-08-30,408.640015,414.239990,406.720001,409.440002,409.440002,1181994
2021-08-31,412.000000,415.519989,407.119995,407.839996,407.839996,996888
2021-09-01,405.279999,408.799988,394.399994,397.119995,397.119995,1200900
2021-09-02,393.119995,404.160004,392.160004,396.320007,396.320007,1528488
2021-09-03,403.200012,406.880005,395.679993,399.040009,399.040009,1707431
2021-09-07,401.920013,412.656006,401.440002,408.799988,408.799988,1463063
2021-09-08,416.640015,423.200012,407.040009,408.160004,408.160004,1768363
2021-09-09,411.519989,418.720001,399.359985,416.799988,416.799988,1827100
2021-09-10,402.399994,435.519989,398.720001,432.959991,432.959991,2318656
2021-09-13,414.239990,436.959991,412.160004,417.440002,417.440002,2849056
2021-09-14,411.200012,430.399994,408.160004,423.359985,423.359985,2619588
2021-09-15,415.519989,424.640015,403.839996,406.880005,406.880005,2089275
2021-09-16,409.279999,418.880005,398.480011,402.880005,402.880005,2279444
2021-09-17,404.799988,430.399994,402.079987,428.959991,428.959991,2846894
2021-09-20,462.720001,518.559998,452.000000,475.839996,475.839996,6365925
2021-09-21,462.399994,486.079987,451.359985,461.760010,461.760010,3379475
2021-09-22,446.720001,452.959991,423.839996,433.119995,433.119995,3437738
2021-09-23,419.200012,419.984009,404.079987,405.760010,405.760010,2943175
2021-09-24,415.679993,416.480011,392.480011,393.279999,393.279999,2138594
2021-09-27,395.839996,400.799988,389.920013,397.119995,397.119995,1627744
2021-09-28,413.920013,447.679993,410.079987,438.559998,438.559998,4762125
2021-09-29,435.839996,448.640015,430.559998,444.959991,444.959991,2849888
2021-09-30,433.119995,453.200012,423.040009,445.279999,445.279999,3716206
2021-10-01,435.679993,451.040009,418.399994,429.119995,429.119995,2633094
2021-10-04,429.600006,456.000000,425.760010,441.119995,441.119995,3547931
2021-10-05,437.440002,440.799988,416.640015,424.799988,424.799988,2049713
2021-10-06,435.040009,452.480011,418.399994,419.359985,419.359985,3283119
2021-10-07,412.320007,412.320007,402.880005,404.160004,404.160004,1691869
2021-10-08,399.200012,403.040009,393.600006,396.640015,396.640015,2043156
2021-10-11,400.000000,402.239990,386.399994,401.920013,401.920013,1675813
2021-10-12,395.519989,403.040009,389.440002,393.760010,393.760010,1544875
2021-10-13,391.679993,400.160004,385.119995,386.239990,386.239990,2408588
2021-10-14,373.760010,375.839996,364.640015,364.959991,364.959991,2121931
2021-10-15,361.760010,367.040009,354.880005,364.640015,364.640015,1838288
2021-10-18,370.399994,371.359985,357.279999,357.920013,357.920013,1321744
2021-10-19,355.519989,358.720001,352.000000,354.399994,354.399994,1567806
2021-10-20,355.200012,356.160004,349.279999,351.200012,351.200012,1602988
2021-10-21,353.440002,355.119995,339.040009,339.519989,339.519989,1618906
2021-10-22,340.799988,355.200012,336.959991,347.200012,347.200012,2276163
2021-10-25,344.000000,350.559998,336.480011,336.959991,336.959991,1782881
2021-10-26,333.279999,350.959991,332.640015,343.519989,343.519989,1949856
2021-10-27,342.079987,352.640015,334.239990,351.200012,351.200012,2134206
2021-10-28,345.119995,346.720001,339.071991,340.320007,340.320007,1284525
2021-10-29,348.799988,349.760010,340.160004,343.040009,343.040009,1664156
2021-11-01,339.839996,350.399994,336.880005,337.600006,337.600006,1365019
2021-11-02,336.640015,336.959991,328.320007,328.480011,328.480011,1292094
2021-11-03,329.440002,331.679993,314.239990,317.119995,317.119995,2484113
2021-11-04,313.600006,326.239990,311.519989,320.799988,320.799988,2049406
2021-11-05,318.399994,334.880005,317.119995,333.279999,333.279999,2274750
2021-11-08,328.160004,340.000000,327.040009,333.760010,333.760010,1570138
2021-11-09,336.480011,347.679993,335.679993,339.359985,339.359985,2311494
2021-11-10,346.399994,353.760010,333.279999,345.600006,345.600006,3360850
2021-11-11,337.600006,341.519989,330.880005,338.239990,338.239990,1149981
2021-11-12,332.160004,335.200012,324.480011,325.760010,325.760010,1384431
2021-11-15,321.760010,332.799988,321.600006,321.920013,321.920013,1269794
2021-11-16,324.320007,324.799988,317.760010,323.040009,323.040009,1212606
2021-11-17,322.079987,329.600006,319.839996,328.320007,328.320007,1456419
2021-11-18,324.799988,335.679993,323.519989,331.359985,331.359985,1556794
2021-11-19,332.959991,339.200012,328.160004,335.359985,335.359985,1969938
2021-11-22,328.160004,342.720001,326.079987,341.279999,341.279999,2476106
2021-11-23,341.440002,348.000000,331.519989,333.600006,333.600006,2634963
2021-11-24,341.600006,347.839996,326.720001,328.799988,328.799988,2172413
2021-11-26,367.519989,423.040009,362.000000,418.559998,418.559998,5184338
2021-11-29,370.559998,373.760010,346.160004,352.799988,352.799988,3103444
2021-11-30,375.839996,408.320007,368.480011,407.359985,407.359985,4459263
2021-12-01,378.079987,437.920013,364.079987,436.799988,436.799988,4375619
2021-12-02,423.519989,431.200012,402.720001,411.519989,411.519989,3566875
2021-12-03,408.000000,482.399994,404.799988,447.359985,447.359985,8289638
2021-12-06,431.519989,446.880005,410.239990,412.480011,412.480011,4454806
2021-12-07,388.480011,388.640015,361.600006,366.399994,366.399994,2758581
2021-12-08,363.200012,368.480011,344.320007,344.320007,344.320007,1579675
2021-12-09,345.440002,362.239990,339.839996,355.200012,355.200012,3084800
2021-12-10,338.239990,349.440002,331.679993,332.480011,332.480011,2893019
2021-12-13,335.679993,349.600006,334.880005,346.239990,346.239990,2637044
2021-12-14,357.600006,368.127991,347.679993,350.880005,350.880005,3198425
2021-12-15,354.079987,368.160004,325.600006,326.880005,326.880005,4538931
2021-12-16,320.959991,351.600006,319.359985,340.640015,340.640015,4969181
2021-12-17,353.760010,361.920013,337.920013,351.519989,351.519989,4352919
2021-12-20,384.000000,397.920013,361.600006,364.480011,364.480011,4578706
2021-12-21,352.480011,360.959991,342.559998,346.559998,346.559998,2373575
2021-12-22,345.760010,345.760010,326.239990,326.559998,326.559998,1961475
2021-12-23,323.200012,324.480011,319.200012,322.880005,322.880005,1978444
2021-12-27,320.320007,324.640015,313.600006,315.200012,315.200012,1668519
2021-12-28,313.440002,316.799988,306.720001,307.359985,307.359985,1922200
2021-12-29,306.880005,310.239990,296.799988,299.359985,299.359985,1561875
2021-12-30,297.760010,302.000000,292.640015,299.359985,299.359985,1296363
2021-12-31,298.399994,301.760010,293.920013,296.480011,296.480011,1460638
2022-01-03,292.480011,298.399994,285.760010,286.399994,286.399994,2412319
2022-01-04,284.160004,294.720001,283.359985,286.079987,286.079987,2586025
2022-01-05,288.320007,308.959991,281.600006,308.640015,308.640015,4891438
2022-01-06,309.920013,315.200012,300.880005,310.079987,310.079987,4079613
2022-01-07,309.119995,317.760010,299.679993,301.119995,301.119995,3269444
2022-01-10,312.640015,329.679993,294.559998,295.519989,295.519989,5773669
2022-01-11,299.519989,305.920013,284.320007,285.119995,285.119995,3284456
2022-01-12,281.440002,287.679993,276.720001,282.079987,282.079987,2704388
2022-01-13,281.279999,302.239990,278.399994,299.839996,299.839996,3694444
2022-01-14,309.920013,311.440002,292.720001,295.200012,295.200012,5414388
2022-01-18,308.000000,320.640015,307.359985,318.239990,318.239990,4314944
2022-01-19,311.519989,328.640015,310.000000,325.760010,325.760010,4457856
2022-01-20,317.760010,342.239990,305.279999,339.839996,339.839996,4420225
2022-01-21,345.600006,371.679993,338.399994,371.200012,371.200012,8544544
2022-01-24,400.160004,445.440002,372.335999,379.519989,379.519989,11660800
2022-01-25,405.279999,420.160004,370.399994,381.760010,381.760010,8894238
2022-01-26,364.799988,397.839996,348.160004,389.119995,389.119995,9090406
2022-01-27,369.600006,402.079987,362.160004,391.839996,391.839996,7546038
2022-01-28,383.839996,400.640015,365.279999,367.200012,367.200012,6398544
2022-01-31,371.359985,374.399994,342.559998,342.559998,342.559998,3935350
2022-02-01,336.160004,345.920013,316.720001,317.440002,317.440002,3346169
2022-02-02,315.359985,323.679993,308.799988,310.720001,310.720001,2775400
2022-02-03,330.239990,351.519989,321.519989,348.480011,348.480011,4386450
2022-02-04,344.320007,354.559998,324.799988,336.000000,336.000000,4072425
2022-02-07,328.000000,331.839996,319.519989,326.720001,326.720001,2799881
2022-02-08,323.519989,329.391998,310.559998,312.000000,312.000000,2611881
2022-02-09,303.040009,306.399994,299.359985,299.359985,299.359985,2692125
2022-02-10,315.679993,335.440002,300.480011,327.359985,327.359985,5385113
2022-02-11,327.519989,381.920013,324.720001,371.839996,371.839996,7311806
2022-02-14,372.959991,396.799988,368.160004,372.959991,372.959991,6475975
2022-02-15,346.880005,355.519989,341.279999,342.239990,342.239990,3479888
2022-02-16,347.200012,354.239990,327.359985,328.480011,328.480011,3584225
2022-02-17,347.359985,369.440002,345.920013,367.359985,367.359985,4199669
2022-02-18,370.880005,385.119995,364.799988,375.200012,375.200012,4742106
2022-02-22,380.640015,393.920013,366.079987,373.760010,373.760010,5429838
2022-02-23,363.679993,396.320007,362.399994,395.200012,395.200012,4758344
2022-02-24,438.399994,439.200012,380.320007,382.799988,382.799988,6915856
2022-02-25,379.519989,387.200012,361.920013,367.200012,367.200012,4072094
2022-02-28,395.200012,399.519989,376.799988,384.000000,384.000000,4636175
2022-03-01,394.399994,431.519989,389.119995,426.720001,426.720001,4538300
2022-03-02,420.959991,423.839996,395.200012,399.359985,399.359985,3335156
2022-03-03,394.880005,412.320007,389.440002,401.760010,401.760010,3265438
2022-03-04,423.839996,437.119995,416.399994,419.200012,419.200012,3845331
2022-03-07,420.799988,456.480011,420.160004,455.839996,455.839996,4186456
2022-03-08,452.160004,469.760010,426.880005,450.399994,450.399994,5541731
2022-03-09,427.119995,435.519989,419.200012,432.480011,432.480011,3945044
2022-03-10,438.399994,440.480011,412.959991,413.279999,413.279999,3065313
2022-03-11,400.480011,422.880005,399.839996,421.440002,421.440002,3194788
2022-03-14,419.359985,492.000000,407.200012,460.959991,460.959991,4160669
2022-03-15,494.239990,666.400024,459.200012,459.200012,459.200012,3286825
2022-03-16,472.640015,474.720001,414.239990,415.200012,415.200012,977750
2022-03-17,422.399994,440.640015,412.799988,418.399994,418.399994,540481
2022-03-18,438.079987,446.079987,394.239990,400.000000,400.000000,607344
2022-03-21,396.640015,421.119995,382.239990,416.160004,416.160004,604956
2022-03-22,408.640015,410.399994,391.679993,407.119995,407.119995,305650
2022-03-23,414.399994,415.839996,391.679993,407.839996,407.839996,308419
2022-03-24,400.320007,416.480011,396.000000,403.200012,403.200012,224438
2022-03-25,400.799988,412.480011,399.040009,403.200012,403.200012,280094
2022-03-28,411.519989,487.519989,406.399994,411.679993,411.679993,681450
2022-03-29,401.600006,407.839996,387.519989,397.600006,397.600006,323281
2022-03-30,404.480011,412.959991,396.480011,400.000000,400.000000,249150
2022-03-31,405.279999,416.320007,403.359985,411.200012,411.200012,185400
2022-04-01,409.119995,414.239990,400.000000,400.480011,400.480011,192094
2022-04-04,400.160004,404.480011,383.839996,390.880005,390.880005,227619
2022-04-05,393.600006,414.239990,386.735992,396.959991,396.959991,281394
2022-04-06,416.160004,423.519989,389.600006,390.079987,390.079987,296694
2022-04-07,394.880005,399.200012,384.160004,384.799988,384.799988,205325
2022-04-08,389.600006,400.000000,379.440002,394.720001,394.720001,173838
2022-04-11,406.079987,417.600006,396.000000,417.600006,417.600006,219056
2022-04-12,402.880005,421.920013,395.200012,411.839996,411.839996,270606
2022-04-13,412.000000,416.320007,392.480011,393.440002,393.440002,184481
2022-04-14,392.320007,401.119995,386.399994,399.839996,399.839996,183288
2022-04-18,402.399994,409.424011,397.440002,404.959991,404.959991,157394
2022-04-19,401.279999,403.839996,391.359985,395.679993,395.679993,159613
2022-04-20,389.760010,402.720001,388.959991,390.239990,390.239990,106800
2022-04-21,387.200012,403.519989,384.160004,397.760010,397.760010,164494
2022-04-22,397.920013,424.000000,396.959991,418.399994,418.399994,277275
2022-04-25,425.600006,431.519989,396.799988,396.799988,396.799988,338913
2022-04-26,403.679993,434.559998,403.359985,421.600006,421.600006,296856
2022-04-27,416.160004,436.000000,408.160004,435.200012,435.200012,379369
2022-04-28,414.399994,443.359985,408.000000,416.640015,416.640015,315931
2022-04-29,424.160004,450.399994,417.440002,443.359985,443.359985,385738
2022-05-02,462.239990,468.480011,440.000000,440.000000,440.000000,329700
2022-05-03,434.239990,444.959991,428.320007,432.799988,432.799988,153856
2022-05-04,425.279999,429.440002,397.600006,397.600006,397.600006,293819
2022-05-05,400.959991,441.279999,400.959991,432.000000,432.000000,483019
2022-05-06,438.399994,455.359985,426.239990,433.119995,433.119995,366569
2022-05-09,453.279999,459.040009,437.119995,448.160004,448.160004,279594
2022-05-10,428.799988,454.880005,424.799988,432.880005,432.880005,284281
2022-05-11,434.399994,443.200012,416.480011,436.480011,436.480011,171506
2022-05-12,439.359985,451.040009,425.279999,430.880005,430.880005,228694
2022-05-13,420.320007,423.679993,412.320007,415.519989,415.519989,198406
2022-05-16,416.000000,419.040009,390.399994,395.040009,395.040009,260406
2022-05-17,385.119995,411.839996,385.119995,396.640015,396.640015,224913
2022-05-18,404.799988,423.519989,392.320007,417.440002,417.440002,327181
2022-05-19,420.640015,429.760010,404.480011,405.679993,405.679993,275481
2022-05-20,398.399994,424.000000,395.600006,400.799988,400.799988,421694
2022-05-23,396.959991,410.079987,373.279999,384.959991,384.959991,366525
2022-05-24,390.399994,400.000000,382.720001,384.480011,384.480011,313738
2022-05-25,390.399994,391.200012,369.600006,378.399994,378.399994,188781
2022-05-26,374.239990,374.720001,366.239990,372.160004,372.160004,202994
2022-05-27,363.519989,365.920013,355.200012,359.359985,359.359985,205163
2022-05-31,364.799988,368.768005,355.200012,360.959991,360.959991,227038
2022-06-01,354.399994,371.200012,351.359985,356.160004,356.160004,197369
2022-06-02,358.239990,360.640015,347.200012,347.200012,347.200012,215256
2022-06-03,354.559998,362.735992,349.440002,350.239990,350.239990,202188
2022-06-06,345.760010,359.200012,344.239990,352.480011,352.480011,241294
2022-06-07,352.160004,357.440002,345.760010,346.720001,346.720001,180100
2022-06-08,348.000000,351.359985,342.399994,348.799988,348.799988,142213
2022-06-09,348.000000,373.440002,345.119995,370.079987,370.079987,268081
2022-06-10,372.799988,385.600006,367.679993,373.279999,373.279999,457844
2022-06-13,394.079987,420.640015,392.320007,413.440002,413.440002,464050
2022-06-14,409.279999,416.959991,400.320007,405.279999,405.279999,206969
2022-06-15,396.799988,400.799988,370.575989,383.519989,383.519989,353875
2022-06-16,399.359985,417.440002,396.640015,406.399994,406.399994,298444
2022-06-17,402.399994,409.440002,390.559998,394.559998,394.559998,197875
2022-06-21,381.600006,392.000000,378.079987,392.000000,392.000000,206569
2022-06-22,397.600006,398.544006,376.480011,381.440002,381.440002,211700
2022-06-23,374.720001,383.040009,366.079987,374.399994,374.399994,480813
2022-06-24,369.440002,372.000000,364.799988,369.920013,369.920013,508306
2022-06-27,366.239990,370.720001,360.000000,361.600006,361.600006,148075
2022-06-28,356.000000,368.959991,354.720001,364.480011,364.480011,197063
2022-06-29,368.000000,373.600006,361.519989,365.440002,365.440002,137144
2022-06-30,372.000000,380.320007,364.480011,369.279999,369.279999,162400
2022-07-01,370.880005,376.640015,358.559998,360.640015,360.640015,140594
2022-07-05,370.239990,376.320007,360.320007,360.799988,360.799988,159050
2022-07-06,361.279999,367.040009,354.559998,354.559998,354.559998,111700
2022-07-07,353.920013,357.279999,348.320007,357.279999,357.279999,146788
2022-07-08,356.799988,356.799988,349.040009,351.839996,351.839996,120438
2022-07-11,355.679993,360.799988,350.880005,355.359985,355.359985,142263
2022-07-12,356.799988,363.519989,351.359985,359.679993,359.679993,130913
2022-07-13,365.760010,368.480011,354.559998,358.559998,358.559998,148863
2022-07-14,367.839996,368.959991,356.799988,357.119995,357.119995,199131
2022-07-15,351.679993,353.920013,341.920013,344.640015,344.640015,212400
2022-07-18,339.839996,352.640015,337.920013,350.559998,350.559998,139588
2022-07-19,343.679993,349.600006,341.600006,349.600006,349.600006,112188
2022-07-20,347.839996,348.399994,342.079987,345.119995,345.119995,133631
2022-07-21,345.279999,348.000000,338.239990,339.200012,339.200012,152131
2022-07-22,337.760010,350.079987,336.799988,342.399994,342.399994,169938
2022-07-25,320.959991,338.720001,320.640015,338.399994,338.399994,319219
2022-07-26,343.040009,349.519989,339.519989,346.720001,346.720001,188069
2022-07-27,339.200012,343.519989,335.519989,340.959991,340.959991,163756
2022-07-28,338.559998,345.440002,331.200012,333.119995,333.119995,141038
2022-07-29,335.040009,339.200012,331.679993,335.040009,335.040009,111419
2022-08-01,343.679993,348.799988,336.000000,348.799988,348.799988,159313
2022-08-02,350.880005,352.320007,340.320007,346.399994,346.399994,116125
2022-08-03,340.320007,352.640015,336.320007,351.200012,351.200012,133056
2022-08-04,354.399994,354.399994,341.119995,341.119995,341.119995,108394
2022-08-05,349.119995,351.359985,340.959991,344.000000,344.000000,109163
2022-08-08,341.600006,358.720001,341.600006,353.119995,353.119995,126706
2022-08-09,357.119995,358.079987,348.959991,351.040009,351.040009,51750
2022-08-10,344.799988,351.679993,342.720001,343.040009,343.040009,96431
2022-08-11,343.040009,349.760010,337.279999,347.040009,347.040009,95119
2022-08-12,345.119995,352.799988,345.119995,352.799988,352.799988,95500
2022-08-15,356.480011,356.480011,338.399994,343.839996,343.839996,125819
2022-08-16,341.920013,343.839996,337.119995,340.640015,340.640015,98713
2022-08-17,344.000000,346.720001,336.320007,337.600006,337.600006,91956
2022-08-18,338.399994,340.160004,337.440002,338.239990,338.239990,67106
2022-08-19,341.600006,344.000000,338.399994,338.559998,338.559998,94831
2022-08-22,345.920013,346.399994,336.320007,339.519989,339.519989,150056
2022-08-23,337.920013,339.040009,320.959991,322.239990,322.239990,210906
2022-08-24,322.399994,322.559998,313.519989,316.799988,316.799988,93444
2022-08-25,312.320007,316.079987,307.359985,315.200012,315.200012,77869
2022-08-26,312.000000,339.200012,311.839996,322.399994,322.399994,207138
2022-08-29,324.480011,324.720001,311.519989,315.359985,315.359985,142050
2022-08-30,315.200012,321.279999,309.119995,311.679993,311.679993,96931
2022-08-31,309.600006,310.720001,304.640015,307.839996,307.839996,88238
2022-09-01,305.920013,317.760010,305.920013,311.040009,311.040009,107088
2022-09-02,307.200012,310.399994,299.584015,305.440002,305.440002,139263
2022-09-06,301.119995,313.088013,300.000000,308.000000,308.000000,82413
2022-09-07,310.559998,311.200012,293.440002,296.799988,296.799988,101406
2022-09-08,298.399994,299.679993,289.600006,291.519989,291.519989,133369
2022-09-09,292.000000,296.000000,288.160004,295.519989,295.519989,96281
2022-09-12,292.000000,293.312012,288.480011,290.399994,290.399994,118838
2022-09-13,298.399994,310.272003,294.720001,304.160004,304.160004,174344
2022-09-14,303.679993,309.920013,302.399994,305.440002,305.440002,90138
2022-09-15,304.480011,310.399994,301.119995,306.399994,306.399994,123138
2022-09-16,316.480011,320.000000,314.399994,316.959991,316.959991,166931
2022-09-19,303.040009,303.519989,285.600006,287.839996,287.839996,406988
2022-09-20,290.079987,297.040009,286.239990,294.559998,294.559998,153869
2022-09-21,291.040009,302.399994,285.760010,301.760010,301.760010,205238
2022-09-22,299.200012,307.440002,296.959991,302.559998,302.559998,151250
2022-09-23,308.160004,333.440002,308.160004,317.119995,317.119995,352581
2022-09-26,325.440002,332.480011,313.119995,328.959991,328.959991,396569
2022-09-27,320.959991,342.880005,319.679993,335.200012,335.200012,213200
2022-09-28,332.799988,337.920013,317.119995,321.119995,321.119995,263475
2022-09-29,329.600006,344.000000,329.279999,329.920013,329.920013,294869
2022-09-30,331.200012,339.359985,320.320007,339.359985,339.359985,189338
2022-10-03,327.679993,330.559998,316.239990,322.399994,322.399994,230588
2022-10-04,309.760010,314.399994,306.880005,310.239990,310.239990,220856
2022-10-05,315.839996,322.399994,310.079987,312.320007,312.320007,154019
2022-10-06,310.880005,323.040009,308.320007,321.440002,321.440002,107975
2022-10-07,325.600006,337.359985,324.799988,334.559998,334.559998,195088
2022-10-10,336.959991,351.183990,336.320007,342.880005,342.880005,146525
2022-10-11,345.440002,352.959991,337.119995,348.160004,348.160004,169619
2022-10-12,346.239990,349.359985,341.119995,344.640015,344.640015,197713
2022-10-13,351.839996,351.839996,332.160004,335.679993,335.679993,318381
2022-10-14,328.959991,348.959991,326.880005,343.200012,343.200012,303431
2022-10-17,332.959991,334.559998,326.399994,333.440002,333.440002,214606
2022-10-18,326.880005,335.519989,325.440002,327.040009,327.040009,191800
2022-10-19,329.279999,334.799988,324.799988,329.600006,329.600006,197431
2022-10-20,327.679993,330.239990,318.720001,325.279999,325.279999,162744
2022-10-21,323.679993,325.279999,317.279999,324.000000,324.000000,170256
2022-10-24,320.480011,328.959991,318.079987,319.040009,319.040009,116450
2022-10-25,319.359985,320.320007,305.920013,306.720001,306.720001,156606
2022-10-26,308.959991,309.279999,298.223999,299.679993,299.679993,181856
2022-10-27,298.239990,299.519989,292.160004,293.760010,293.760010,152056
2022-10-28,293.920013,294.079987,284.480011,286.880005,286.880005,238619
2022-10-31,289.119995,289.119995,281.920013,282.559998,282.559998,130469
2022-11-01,279.839996,284.160004,279.040009,279.839996,279.839996,154881
2022-11-02,281.760010,288.480011,276.959991,287.040009,287.040009,234150
2022-11-03,290.559998,294.160004,278.720001,281.119995,281.119995,179450
2022-11-04,274.880005,283.519989,269.359985,277.600006,277.600006,329250
2022-11-07,276.000000,278.720001,271.679993,274.559998,274.559998,187031
2022-11-08,272.320007,285.279999,271.839996,282.559998,282.559998,349381
2022-11-09,283.200012,293.279999,282.720001,291.359985,291.359985,273200
2022-11-10,274.880005,277.424011,268.799988,275.359985,275.359985,423844
2022-11-11,277.279999,279.519989,271.200012,271.679993,271.679993,280888
2022-11-14,272.000000,272.799988,264.480011,271.679993,271.679993,255581
2022-11-15,265.279999,283.040009,264.816010,275.200012,275.200012,553163
2022-11-16,271.519989,273.279999,267.200012,267.839996,267.839996,248594
2022-11-17,274.239990,274.720001,264.640015,265.279999,265.279999,262656
2022-11-18,263.200012,268.320007,262.160004,262.559998,262.559998,315906
2022-11-21,263.040009,263.600006,254.880005,255.520004,255.520004,215744
2022-11-22,253.279999,253.279999,246.240005,246.720001,246.720001,226550
2022-11-23,247.360001,248.240005,240.960007,241.279999,241.279999,304838
2022-11-25,243.039993,244.479996,241.119995,242.559998,242.559998,117388
2022-11-28,247.520004,253.600006,244.479996,251.520004,251.520004,329863
2022-11-29,250.399994,253.231995,246.720001,247.839996,247.839996,232400
2022-11-30,248.000000,252.320007,236.639999,238.720001,238.720001,493081
2022-12-01,238.080002,242.960007,233.919998,234.240005,234.240005,373506
2022-12-02,239.039993,239.520004,229.440002,230.080002,230.080002,496075
2022-12-05,233.119995,238.880005,229.360001,234.080002,234.080002,430906
2022-12-06,233.440002,243.119995,230.720001,241.119995,241.119995,503806
2022-12-07,242.880005,246.639999,240.479996,244.639999,244.639999,507763
2022-12-08,244.320007,246.895996,237.759995,239.679993,239.679993,292494
2022-12-09,240.960007,245.600006,238.880005,244.800003,244.800003,296650
2022-12-12,244.320007,246.240005,240.880005,243.360001,243.360001,365188
2022-12-13,229.759995,242.080002,228.960007,233.279999,233.279999,477156
2022-12-14,232.800003,235.520004,223.919998,225.279999,225.279999,494888
2022-12-15,229.600006,244.559998,227.839996,239.360001,239.360001,674706
2022-12-16,244.639999,247.679993,237.119995,240.160004,240.160004,493119
2022-12-19,239.039993,239.279999,230.399994,234.399994,234.399994,516013
2022-12-20,235.199997,239.039993,229.759995,232.639999,232.639999,307831
2022-12-21,227.520004,228.160004,222.559998,223.839996,223.839996,339656
2022-12-22,225.279999,246.720001,224.479996,236.000000,236.000000,705344
2022-12-23,236.000000,237.759995,227.839996,229.600006,229.600006,390069
2022-12-27,229.759995,234.240005,228.000000,229.440002,229.440002,314000
2022-12-28,227.360001,230.320007,223.279999,228.960007,228.960007,337038
2022-12-29,225.600006,226.720001,223.199997,226.080002,226.080002,234294
2022-12-30,228.800003,231.039993,225.600006,225.919998,225.919998,408956
2023-01-03,224.000000,232.000000,222.399994,223.839996,223.839996,378475
2023-01-04,222.080002,224.000000,217.279999,217.759995,217.759995,340731
2023-01-05,220.000000,223.039993,218.399994,219.520004,219.520004,384188
2023-01-06,215.360001,218.080002,211.119995,214.399994,214.399994,445200
2023-01-09,213.119995,217.759995,211.199997,215.520004,215.520004,384794
2023-01-10,216.720001,216.800003,205.919998,206.559998,206.559998,371200
2023-01-11,205.119995,208.639999,204.960007,207.520004,207.520004,407625
2023-01-12,203.520004,206.399994,196.960007,197.279999,197.279999,668475
2023-01-13,198.720001,198.720001,190.559998,192.320007,192.320007,598888
2023-01-17,195.360001,197.119995,192.160004,193.919998,193.919998,428388
2023-01-18,192.000000,202.240005,190.735992,200.800003,200.800003,713144
2023-01-19,206.080002,208.639999,198.960007,201.919998,201.919998,660900
2023-01-20,200.160004,202.399994,193.759995,194.720001,194.720001,523875
2023-01-23,194.720001,196.080002,192.160004,193.279999,193.279999,438331
2023-01-24,194.240005,194.720001,184.960007,185.759995,185.759995,525575
2023-01-25,191.839996,197.520004,185.119995,186.080002,186.080002,723763
2023-01-26,183.839996,187.679993,182.399994,183.199997,183.199997,501669
2023-01-27,184.000000,184.000000,176.960007,180.800003,180.800003,591400
2023-01-30,185.119995,188.720001,183.679993,185.279999,185.279999,575813
2023-01-31,185.440002,186.720001,179.679993,181.119995,181.119995,426713
2023-02-01,180.639999,185.279999,173.600006,175.679993,175.679993,659331
2023-02-02,171.520004,184.479996,170.240005,179.360001,179.360001,791450
2023-02-03,184.639999,187.455994,179.072006,181.119995,181.119995,717475
2023-02-06,183.520004,186.399994,181.759995,185.600006,185.600006,380163
2023-02-07,187.039993,187.360001,178.240005,179.839996,179.839996,543394
2023-02-08,181.919998,190.000000,179.199997,186.559998,186.559998,593588
2023-02-09,183.199997,193.279999,181.600006,192.479996,192.479996,588406
2023-02-10,195.856003,199.776001,192.960007,194.720001,194.720001,658131
2023-02-13,191.839996,192.639999,186.880005,187.039993,187.039993,447538
2023-02-14,184.800003,187.440002,178.399994,180.800003,180.800003,638956
2023-02-15,181.279999,181.759995,176.960007,177.119995,177.119995,432313
2023-02-16,182.240005,186.880005,178.240005,186.880005,186.880005,865688
2023-02-17,189.919998,194.240005,186.399994,186.720001,186.720001,729819
2023-02-21,195.839996,202.880005,193.279999,201.279999,201.279999,807094
2023-02-22,202.080002,204.320007,194.255997,195.520004,195.520004,755944
2023-02-23,191.360001,197.600006,187.520004,188.639999,188.639999,711406
2023-02-24,195.520004,200.960007,194.399994,196.000000,196.000000,797931
2023-02-27,191.199997,191.199997,186.720001,188.479996,188.479996,566513
2023-02-28,188.479996,188.639999,182.720001,184.639999,184.639999,427156
2023-03-01,185.759995,190.720001,182.880005,186.399994,186.399994,594788
2023-03-02,189.759995,190.080002,179.520004,179.520004,179.520004,571231
2023-03-03,177.600006,178.720001,173.679993,174.399994,174.399994,679513
2023-03-06,172.639999,173.759995,170.880005,171.360001,171.360001,537031
2023-03-07,171.600006,176.639999,168.960007,175.080002,175.080002,733450
2023-03-08,176.440002,177.000000,171.479996,172.199997,172.199997,624800
2023-03-09,170.880005,191.880005,169.559998,190.039993,190.039993,1001400
2023-03-10,190.800003,230.800003,190.800003,211.720001,211.720001,4262775
2023-03-13,236.759995,238.600006,213.320007,218.160004,218.160004,2347575
2023-03-14,202.759995,212.919998,194.039993,206.639999,206.639999,1951500
2023-03-15,223.919998,241.520004,216.688004,219.839996,219.839996,1948525
2023-03-16,228.720001,230.000000,201.160004,201.839996,201.839996,1903425
2023-03-17,208.000000,227.039993,204.600006,223.839996,223.839996,2437225
2023-03-20,224.039993,227.240005,212.080002,212.399994,212.399994,1749475
2023-03-21,202.960007,203.080002,193.600006,193.839996,193.839996,1974550
2023-03-22,193.880005,202.199997,187.199997,202.160004,202.160004,3078850
2023-03-23,195.720001,210.759995,188.559998,207.559998,207.559998,2251600
2023-03-24,213.039993,221.960007,198.759995,198.960007,198.960007,1565450
2023-03-27,194.600006,197.880005,190.279999,191.880005,191.880005,849025
2023-03-28,190.759995,193.160004,186.320007,186.559998,186.559998,759050
2023-03-29,182.160004,183.800003,179.360001,180.440002,180.440002,689825
2023-03-30,179.320007,186.639999,178.839996,180.440002,180.440002,644600
2023-03-31,179.559998,180.600006,177.000000,179.639999,179.639999,644400
2023-04-03,179.600006,182.964005,175.000000,175.639999,175.639999,1074700
2023-04-04,176.679993,183.639999,175.880005,178.679993,178.679993,1608625
2023-04-05,179.759995,183.039993,176.559998,177.039993,177.039993,1499300
2023-04-06,178.559998,180.160004,172.360001,173.919998,173.919998,1536650
2023-04-10,174.800003,176.839996,171.240005,172.240005,172.240005,767800
2023-04-11,170.520004,171.639999,168.100006,170.559998,170.559998,803075
2023-04-12,167.199997,172.839996,166.479996,171.600006,171.600006,990025
2023-04-13,168.479996,168.559998,164.600006,165.360001,165.360001,1292375
2023-04-14,166.320007,167.479996,162.440002,162.440002,162.440002,1235550
2023-04-17,162.000000,162.000000,157.119995,158.000000,158.000000,949825
2023-04-18,157.320007,159.479996,155.479996,156.960007,156.960007,1144750
2023-04-19,157.960007,158.600006,154.639999,156.360001,156.360001,1205375
2023-04-20,159.800003,161.199997,155.839996,159.800003,159.800003,1286675
2023-04-21,158.639999,161.559998,156.320007,156.800003,156.800003,1093475
2023-04-24,157.199997,159.119995,155.919998,155.960007,155.960007,1221425
2023-04-25,158.399994,170.279999,157.080002,169.160004,169.160004,2160900
2023-04-26,166.600006,168.199997,160.240005,164.880005,164.880005,1275825
2023-04-27,159.479996,159.600006,155.679993,157.720001,157.720001,1793300
2023-04-28,156.880005,156.880005,151.240005,151.440002,151.440002,2638925
2023-05-01,150.179993,150.479996,145.440002,148.960007,148.960007,1707550
2023-05-02,151.520004,165.960007,151.520004,155.559998,155.559998,3437575
2023-05-03,157.000000,160.759995,152.279999,160.399994,160.399994,3150775
2023-05-04,163.839996,172.839996,162.240005,168.240005,168.240005,2402125
2023-05-05,161.199997,161.960007,154.160004,155.000000,155.000000,1817075
2023-05-08,154.160004,156.360001,152.240005,152.440002,152.440002,1104500
2023-05-09,155.080002,156.679993,153.880005,156.119995,156.119995,1268175
2023-05-10,151.000000,158.160004,149.199997,151.360001,151.360001,1826725
2023-05-11,153.160004,156.800003,149.399994,149.880005,149.880005,1563800
2023-05-12,148.160004,153.720001,147.320007,150.039993,150.039993,1894450
2023-05-15,148.559998,150.559998,146.000000,146.000000,146.000000,1244250
2023-05-16,147.320007,150.520004,146.039993,150.440002,150.440002,1543250
2023-05-17,146.600006,148.600006,144.639999,145.440002,145.440002,1909550
2023-05-18,144.919998,145.479996,139.520004,139.600006,139.600006,1604775
2023-05-19,138.520004,146.320007,137.679993,143.080002,143.080002,2265400
2023-05-22,143.399994,146.559998,140.919998,143.240005,143.240005,1387225
2023-05-23,145.199997,148.199997,141.679993,145.960007,145.960007,1313375
2023-05-24,149.759995,153.335999,149.440002,151.839996,151.839996,2024575
2023-05-25,147.639999,151.080002,146.720001,148.279999,148.279999,1257000
2023-05-26,144.919998,145.199997,138.860001,142.600006,142.600006,1694225
2023-05-30,137.479996,143.440002,136.399994,138.919998,138.919998,1762450
2023-05-31,139.759995,141.919998,136.520004,137.839996,137.839996,1529925
2023-06-01,135.679993,136.324005,129.720001,129.960007,129.960007,2119575
2023-06-02,126.720001,127.599998,123.400002,124.720001,124.720001,2313325
2023-06-05,124.879997,125.360001,122.120003,122.440002,122.440002,1381750
2023-06-06,121.760002,122.120003,114.839996,115.120003,115.120003,1725925
2023-06-07,115.800003,117.559998,114.919998,115.639999,115.639999,1881275
2023-06-08,116.000000,116.519997,111.559998,112.839996,112.839996,1693225
2023-06-09,112.519997,114.959999,111.888000,113.440002,113.440002,1791875
2023-06-12,113.879997,115.599998,113.199997,113.959999,113.959999,1252275
2023-06-13,112.400002,114.279999,111.760002,113.680000,113.680000,1439675
2023-06-14,113.239998,113.559998,110.080002,110.279999,110.279999,2511800
2023-06-15,109.279999,113.320000,109.120003,113.199997,113.199997,1504025
2023-06-16,113.360001,113.879997,109.120003,109.199997,109.199997,1889100
2023-06-20,110.080002,112.019997,109.320000,109.400002,109.400002,1610250
2023-06-21,108.160004,109.099998,106.739998,107.160004,107.160004,1898475
2023-06-22,108.320000,108.519997,103.839996,104.599998,104.599998,1461825
2023-06-23,107.120003,108.440002,104.400002,105.919998,105.919998,1924975
2023-06-26,106.040001,106.199997,103.440002,105.720001,105.720001,1468200
2023-06-27,104.800003,104.839996,100.940002,103.080002,103.080002,1668675
2023-06-28,102.239998,102.400002,99.239998,99.320000,99.320000,1618075
2023-06-29,99.800003,101.980003,99.639999,101.480003,101.480003,1864700
2023-06-30,99.919998,100.760002,98.680000,100.000000,100.000000,1521175
2023-07-03,99.639999,100.400002,98.839996,98.959999,98.959999,714250
2023-07-05,101.040001,101.040001,99.339996,100.279999,100.279999,1486875
2023-07-06,105.040001,115.599998,105.040001,106.040001,106.040001,3924150
2023-07-07,107.160004,107.440002,102.000000,103.320000,103.320000,2047600
2023-07-10,103.760002,105.080002,102.419998,102.639999,102.639999,1710000
2023-07-11,100.839996,103.603996,100.239998,101.879997,101.879997,2007300
2023-07-12,98.519997,98.680000,96.040001,96.279999,96.279999,2614550
2023-07-13,94.519997,97.019997,93.760002,96.839996,96.839996,1834200
2023-07-14,96.879997,98.160004,95.040001,95.680000,95.680000,1863600
2023-07-17,96.000000,96.120003,93.727997,95.480003,95.480003,1387125
2023-07-18,95.320000,95.599998,93.556000,93.919998,93.919998,1479175
2023-07-19,93.160004,96.639999,92.919998,95.599998,95.599998,1996325
2023-07-20,96.599998,97.660004,94.720001,95.959999,95.959999,2121950
2023-07-21,94.800003,95.440002,93.040001,94.800003,94.800003,2329975
2023-07-24,94.720001,94.720001,92.363998,93.199997,93.199997,2048075
2023-07-25,93.120003,93.592003,91.279999,93.160004,93.160004,1778975
2023-07-26,94.279999,94.279999,90.440002,90.680000,90.680000,2365200
2023-07-27,89.000000,97.239998,88.800003,95.199997,95.199997,4229175
2023-07-28,91.680000,94.080002,90.547997,91.599998,91.599998,2236900
2023-07-31,91.120003,92.379997,90.360001,90.400002,90.400002,1667750
2023-08-01,92.879997,93.720001,91.680000,91.800003,91.800003,1603925
2023-08-02,97.559998,102.599998,97.199997,100.080002,100.080002,4544025
2023-08-03,103.599998,105.239998,98.320000,99.760002,99.760002,3481425
2023-08-04,96.239998,104.019997,94.480003,103.320000,103.320000,3833025
2023-08-07,101.040001,101.919998,97.688004,97.919998,97.919998,2513650
2023-08-08,102.096001,108.839996,99.519997,99.639999,99.639999,4046275
2023-08-09,98.800003,103.000000,96.639999,98.760002,98.760002,3374450
2023-08-10,95.680000,102.160004,93.440002,99.199997,99.199997,4063075
2023-08-11,101.040001,101.680000,95.040001,95.320000,95.320000,2667550
2023-08-14,96.879997,98.360001,93.440002,93.680000,93.680000,2429850
2023-08-15,95.440002,100.080002,95.120003,99.080002,99.080002,3892600
2023-08-16,99.160004,100.919998,96.199997,100.680000,100.680000,3622950
2023-08-17,99.599998,105.559998,98.760002,105.519997,105.519997,3620050
2023-08-18,108.839996,109.320000,101.963997,102.839996,102.839996,3457525
2023-08-21,101.800003,103.639999,99.680000,100.120003,100.120003,3258550
2023-08-22,98.160004,102.360001,98.040001,100.559998,100.559998,2588625
2023-08-23,99.480003,99.639999,96.919998,97.220001,97.220001,1987000
2023-08-24,95.879997,101.587997,95.379997,101.199997,101.199997,2683150
2023-08-25,99.959999,102.400002,95.839996,96.800003,96.800003,3419250
2023-08-28,94.919998,95.360001,92.879997,93.000000,93.000000,2140950
2023-08-29,92.760002,92.919998,89.839996,90.680000,90.680000,2867200
2023-08-30,89.680000,90.480003,87.440002,87.959999,87.959999,2170975
2023-08-31,87.599998,87.872002,85.559998,86.000000,86.000000,2115575
2023-09-01,84.680000,85.680000,83.980003,84.839996,84.839996,2443975
2023-09-05,85.199997,86.559998,84.099998,85.400002,85.400002,1703950
2023-09-06,85.680000,88.919998,85.400002,86.959999,86.959999,1950250
2023-09-07,89.839996,90.760002,86.360001,86.839996,86.839996,2012350
2023-09-08,86.559998,86.599998,83.839996,85.120003,85.120003,2313875
2023-09-11,83.639999,84.839996,82.760002,83.120003,83.120003,1804700
2023-09-12,84.000000,84.400002,82.199997,83.720001,83.720001,2016375
2023-09-13,83.040001,83.272003,81.559998,82.040001,82.040001,2488750
2023-09-14,80.959999,81.211998,79.519997,79.639999,79.639999,2758425
2023-09-15,80.148003,83.000000,79.080002,82.720001,82.720001,3201725
2023-09-18,83.760002,84.360001,80.839996,82.040001,82.040001,2050025
2023-09-19,82.120003,84.120003,81.160004,81.639999,81.639999,2835875
2023-09-20,80.320000,84.959999,79.739998,84.720001,84.720001,3320775
2023-09-21,88.639999,91.519997,86.800003,91.239998,91.239998,4277375
2023-09-22,90.879997,91.959999,88.199997,91.480003,91.480003,2970725
2023-09-25,94.120003,95.120003,91.040001,91.599998,91.599998,2611850
2023-09-26,93.680000,100.639999,92.580002,100.160004,100.160004,4081875
2023-09-27,97.239998,101.760002,95.839996,95.879997,95.879997,3659425
2023-09-28,95.959999,97.080002,90.704002,91.480003,91.480003,2878825
2023-09-29,88.040001,93.440002,87.480003,93.279999,93.279999,2886425
2023-10-02,93.760002,95.559998,91.000000,93.440002,93.440002,2863850
2023-10-03,96.040001,103.839996,94.540001,102.239998,102.239998,3806450
2023-10-04,100.599998,101.980003,96.720001,97.120003,97.120003,3565125
2023-10-05,96.959999,101.480003,95.720001,95.760002,95.760002,2716775
2023-10-06,98.839996,101.139999,92.599998,94.559998,94.559998,3140875
2023-10-09,97.720001,99.080002,93.120003,93.239998,93.239998,2010525
2023-10-10,92.320000,92.360001,88.959999,90.120003,90.120003,2126900
2023-10-11,89.000000,93.239998,88.000000,88.480003,88.480003,2246550
2023-10-12,87.519997,94.080002,85.720001,90.400002,90.400002,3407975
2023-10-13,90.199997,103.639999,89.599998,101.279999,101.279999,5685525
2023-10-16,97.480003,97.800003,91.400002,91.639999,91.639999,3386525
2023-10-17,95.040001,96.080002,90.199997,94.199997,94.199997,3284975
2023-10-18,96.360001,101.480003,95.639999,100.239998,100.239998,3701950
2023-10-19,98.680000,105.587997,97.199997,105.199997,105.199997,5093800
2023-10-20,105.320000,107.720001,102.760002,105.839996,105.839996,4048450
2023-10-23,107.760002,109.419998,98.760002,102.199997,102.199997,2948725
2023-10-24,99.680000,102.239998,97.180000,97.559998,97.559998,2746400
2023-10-25,98.040001,106.279999,98.040001,103.919998,103.919998,3776875
2023-10-26,104.160004,107.919998,102.320000,104.839996,104.839996,3716550
2023-10-27,102.839996,108.879997,101.440002,108.320000,108.320000,3631100
2023-10-30,104.160004,104.396004,100.080002,100.239998,100.239998,2150175
2023-10-31,99.839996,100.680000,93.680000,93.800003,93.800003,2727725
2023-11-01,93.120003,93.120003,89.360001,89.839996,89.839996,3451275
2023-11-02,87.800003,89.279999,86.680000,86.760002,86.760002,2519475
2023-11-03,85.300003,85.879997,84.160004,84.720001,84.720001,2668500
2023-11-06,83.680000,84.344002,81.800003,81.919998,81.919998,2273600
2023-11-07,81.760002,82.599998,80.959999,81.519997,81.519997,1344700
2023-11-08,80.559998,82.480003,79.639999,80.000000,80.000000,2077525
2023-11-09,79.120003,83.879997,78.940002,83.080002,83.080002,2764975
2023-11-10,81.599998,81.760002,78.980003,79.720001,79.720001,2655425
2023-11-13,80.279999,80.720001,78.040001,78.839996,78.839996,1659400
2023-11-14,76.040001,78.419998,75.832001,78.239998,78.239998,2388050
2023-11-15,77.000000,77.564003,76.288002,76.599998,76.599998,2266450
2023-11-16,76.480003,76.959999,75.279999,75.400002,75.400002,2327975
2023-11-17,75.040001,75.720001,74.000000,74.239998,74.239998,1635550
2023-11-20,73.800003,73.959999,72.900002,73.680000,73.680000,1455650
2023-11-21,73.959999,74.040001,71.959999,72.239998,72.239998,2196925
2023-11-22,71.320000,73.519997,71.080002,72.800003,72.800003,1743025
2023-11-24,72.040001,72.559998,69.360001,69.680000,69.680000,1165975
2023-11-27,70.320000,70.360001,69.720001,70.160004,70.160004,1394400
2023-11-28,69.800003,70.475998,68.800003,69.239998,69.239998,1716300
2023-11-29,68.559998,70.559998,68.480003,70.239998,70.239998,1959375
2023-11-30,69.839996,70.760002,69.000000,69.160004,69.160004,1757675
2023-12-01,68.800003,69.160004,68.000000,68.919998,68.919998,2256025
2023-12-04,70.080002,71.279999,69.000000,69.120003,69.120003,1879375
2023-12-05,69.400002,69.559998,68.519997,68.639999,68.639999,1492025
2023-12-06,67.919998,69.400002,67.519997,68.959999,68.959999,1591525
2023-12-07,68.639999,69.379997,68.480003,69.000000,69.000000,1176950
2023-12-08,68.400002,68.480003,66.879997,67.000000,67.000000,1759400
2023-12-11,66.760002,66.959999,65.339996,65.480003,65.480003,1878200
2023-12-12,64.559998,64.959999,63.180000,63.599998,63.599998,2386700
2023-12-13,63.200001,64.199997,62.452000,62.840000,62.840000,3038450
2023-12-14,62.080002,64.360001,62.080002,62.480000,62.480000,3836825
2023-12-15,62.840000,64.800003,62.439999,64.559998,64.559998,2741850
2023-12-18,64.480003,64.959999,64.279999,64.720001,64.720001,1500225
2023-12-19,65.199997,65.839996,64.800003,65.680000,65.680000,1358450
2023-12-20,65.400002,70.519997,65.000000,69.680000,69.680000,4580750
2023-12-21,68.732002,70.300003,67.519997,68.239998,68.239998,2902075
2023-12-22,67.879997,69.320000,66.440002,66.440002,66.440002,2251375
2023-12-26,66.279999,66.720001,64.639999,64.879997,64.879997,1090500
2023-12-27,64.239998,64.239998,62.000000,62.080002,62.080002,1864550
2023-12-28,61.840000,62.799999,61.639999,61.919998,61.919998,1554975
2023-12-29,61.959999,63.599998,61.520000,62.080002,62.080002,2554100
2024-01-02,63.799999,64.839996,61.720001,62.080002,62.080002,2972650
2024-01-03,63.259998,65.400002,62.320000,64.400002,64.400002,3911775
2024-01-04,64.480003,64.680000,63.080002,64.320000,64.320000,1841525
2024-01-05,63.720001,63.799999,61.599998,62.200001,62.200001,3274175
2024-01-08,62.160000,62.439999,60.000000,60.759998,60.759998,2247200
2024-01-09,61.320000,61.439999,59.200001,59.360001,59.360001,1744875
2024-01-10,58.959999,59.200001,58.400002,58.720001,58.720001,2050700
2024-01-11,57.880001,60.560001,57.720001,58.400002,58.400002,3160675
2024-01-12,58.200001,59.599998,58.132000,59.360001,59.360001,2455275
2024-01-16,60.799999,62.680000,60.040001,61.439999,61.439999,3302600
2024-01-17,63.279999,65.199997,62.200001,63.759998,63.759998,3771400
2024-01-18,62.160000,63.599998,61.279999,61.560001,61.560001,2631125
2024-01-19,60.320000,60.728001,59.520000,60.000000,60.000000,2722475
2024-01-22,59.240002,59.680000,57.799999,58.000000,58.000000,2473425
2024-01-23,57.240002,57.400002,56.279999,56.320000,56.320000,1944675
2024-01-24,55.880001,57.840000,55.723999,57.799999,57.799999,2860975
2024-01-25,57.680000,58.680000,57.360001,58.439999,58.439999,2132100
2024-01-26,58.439999,58.759998,57.360001,58.119999,58.119999,2106675
2024-01-29,58.160000,59.216000,57.959999,58.360001,58.360001,2120950
2024-01-30,58.160000,58.279999,57.439999,57.599998,57.599998,1854800
2024-01-31,57.720001,61.000000,57.560001,60.520000,60.520000,5029550
2024-02-01,59.799999,61.160000,58.799999,60.040001,60.040001,2881425
2024-02-02,59.759998,60.439999,58.860001,59.959999,59.959999,2486275
2024-02-05,59.439999,60.680000,57.439999,57.599998,57.599998,2795125
2024-02-06,57.080002,57.756001,56.119999,56.200001,56.200001,2097600
2024-02-07,55.680000,56.480000,55.599998,56.000000,56.000000,2277700
2024-02-08,55.840000,56.680000,55.480000,55.680000,55.680000,1803575
2024-02-09,55.439999,56.279999,55.000000,56.080002,56.080002,1980350
2024-02-12,55.720001,57.860001,55.560001,57.279999,57.279999,3088575
2024-02-13,59.160000,65.239998,58.639999,61.320000,61.320000,7684850
2024-02-14,59.000000,60.240002,57.840000,58.279999,58.279999,5570925
2024-02-15,57.599998,58.860001,57.220001,57.680000,57.680000,3149375
2024-02-16,58.040001,58.500000,56.480000,57.599998,57.599998,3162375
2024-02-20,58.480000,60.959999,58.200001,59.480000,59.480000,4758025
2024-02-21,59.784000,60.360001,58.799999,58.959999,58.959999,3730075
2024-02-22,56.720001,57.959999,55.959999,57.840000,57.840000,3068325
2024-02-23,56.875999,57.279999,55.639999,55.720001,55.720001,2614675
2024-02-26,55.240002,55.439999,54.860001,55.160000,55.160000,1720125
2024-02-27,54.480000,54.759998,54.015999,54.119999,54.119999,1821725
2024-02-28,54.480000,55.439999,54.360001,55.000000,55.000000,1864950
2024-02-29,54.000000,55.480000,53.959999,54.240002,54.240002,2811150
2024-03-01,53.720001,54.720001,53.400002,54.400002,54.400002,2654925
2024-03-04,54.160000,54.599998,53.959999,54.279999,54.279999,1411750
2024-03-05,54.799999,58.180000,54.720001,56.520000,56.520000,5452625
2024-03-06,55.200001,57.200001,54.880001,56.720001,56.720001,3620075
2024-03-07,55.520000,57.160000,55.439999,56.439999,56.439999,2594475
2024-03-08,55.639999,59.840000,55.279999,57.919998,57.919998,5088775
2024-03-11,58.439999,59.444000,56.779999,57.320000,57.320000,2853650
2024-03-12,55.919998,56.680000,54.340000,54.520000,54.520000,3712525
2024-03-13,54.279999,54.759998,53.919998,54.240002,54.240002,1880950
2024-03-14,53.880001,57.799999,53.560001,55.639999,55.639999,7349650
2024-03-15,56.487999,58.840000,55.900002,56.759998,56.759998,5613400
2024-03-18,55.880001,55.944000,54.959999,55.439999,55.439999,3045650
2024-03-19,55.560001,55.840000,53.840000,53.880001,53.880001,2943625
2024-03-20,54.000000,54.200001,52.500000,52.759998,52.759998,4367825
2024-03-21,52.040001,53.000000,51.799999,52.279999,52.279999,3155675
2024-03-22,52.520000,52.799999,51.680000,52.520000,52.520000,2363700
2024-03-25,52.560001,52.599998,51.700001,52.320000,52.320000,1645850
2024-03-26,51.759998,52.040001,51.160000,52.040001,52.040001,2631600
2024-03-27,51.360001,52.279999,51.040001,51.080002,51.080002,2454375
2024-03-28,51.200001,52.040001,50.919998,51.880001,51.880001,2704350
2024-04-01,51.959999,53.320000,51.700001,52.560001,52.560001,2865450
2024-04-02,54.360001,55.799999,53.799999,53.799999,53.799999,5405700
2024-04-03,54.639999,54.919998,52.880001,53.439999,53.439999,3775800
2024-04-04,52.639999,57.639999,52.119999,55.980000,55.980000,9011825
2024-04-05,56.720001,57.720001,55.119999,57.040001,57.040001,8183550
2024-04-08,56.000000,56.480000,54.360001,54.799999,54.799999,4333400
2024-04-09,54.560001,56.840000,54.119999,54.400002,54.400002,5583450
2024-04-10,55.759998,57.560001,55.160000,55.439999,55.439999,9044250
2024-04-11,55.599998,57.759998,54.119999,54.360001,54.360001,4807525
2024-04-12,56.799999,61.939999,56.799999,59.160000,59.160000,12628475
2024-04-15,57.400002,62.720001,56.720001,62.439999,62.439999,9149900
2024-04-16,61.959999,62.599998,59.240002,60.320000,60.320000,8245225
2024-04-17,60.000000,62.400002,58.779999,59.720001,59.720001,5622925
2024-04-18,58.919998,61.080002,58.240002,59.880001,59.880001,4777350
2024-04-19,60.119999,62.820000,59.279999,61.840000,61.840000,6294450
2024-04-22,59.480000,59.560001,56.332001,57.080002,57.080002,4063600
2024-04-23,55.880001,56.160000,54.520000,54.840000,54.840000,3242025
2024-04-24,54.560001,55.840000,54.200001,54.279999,54.279999,4047550
2024-04-25,57.360001,58.200001,55.180000,55.520000,55.520000,5529275
2024-04-26,53.959999,54.439999,53.439999,53.720001,53.720001,2951250
2024-04-29,53.160000,53.959999,52.439999,52.799999,52.799999,2189925
2024-04-30,53.000000,54.560001,52.360001,54.439999,54.439999,2786875
2024-05-01,55.000000,55.439999,52.320000,54.759998,54.759998,4846650
2024-05-02,53.599998,55.080002,52.720001,52.959999,52.959999,2399375
2024-05-03,51.080002,52.119999,50.880001,51.160000,51.160000,3770350
2024-05-06,50.360001,50.439999,49.639999,49.639999,49.639999,2138500
2024-05-07,49.560001,50.040001,49.500000,49.639999,49.639999,2569775
2024-05-08,49.639999,49.720001,49.060001,49.119999,49.119999,1889975
2024-05-09,49.119999,49.639999,48.840000,48.919998,48.919998,2890825
2024-05-10,48.880001,49.040001,48.160000,48.240002,48.240002,2155200
2024-05-13,48.160000,49.040001,48.040001,48.759998,48.759998,2416200
2024-05-14,48.759998,49.080002,47.759998,47.959999,47.959999,1726725
2024-05-15,47.000000,47.439999,46.080002,46.080002,46.080002,2222450
2024-05-16,46.080002,46.540001,45.919998,46.040001,46.040001,2733525
2024-05-17,46.000000,46.200001,45.360001,45.439999,45.439999,2322650
2024-05-20,45.480000,45.840000,45.000000,45.520000,45.520000,2238800
2024-05-21,45.576000,45.680000,44.639999,44.759998,44.759998,2097625
2024-05-22,44.919998,46.200001,44.480000,45.720001,45.720001,4482125
2024-05-23,44.799999,46.919998,44.560001,46.360001,46.360001,5584000
2024-05-24,46.119999,46.160000,44.759998,45.000000,45.000000,2897775
2024-05-28,44.840000,46.759998,44.759998,45.959999,45.959999,3940675
2024-05-29,48.000000,48.160000,46.919998,47.720001,47.720001,3462000
2024-05-30,47.759998,48.480000,46.680000,47.560001,47.560001,3165925
2024-05-31,46.880001,48.840000,46.000000,46.119999,46.119999,4577675
2024-06-03,45.639999,47.599998,45.439999,45.840000,45.840000,3611200
2024-06-04,46.599998,47.380001,45.840000,46.080002,46.080002,4044375
2024-06-05,45.480000,46.480000,45.040001,45.240002,45.240002,2406275
2024-06-06,45.000000,45.480000,44.759998,45.000000,45.000000,2207275
2024-06-07,44.919998,45.099998,44.119999,44.520000,44.520000,3279200
2024-06-10,45.160000,45.400002,44.279999,44.400002,44.400002,1977700
2024-06-11,45.000000,45.599998,44.279999,44.439999,44.439999,2292375
2024-06-12,43.480000,43.959999,43.220001,43.560001,43.560001,3319900
2024-06-13,43.439999,44.700001,43.259998,43.439999,43.439999,2641775
2024-06-14,44.599998,45.759998,44.240002,44.840000,44.840000,3800075
2024-06-17,44.919998,45.480000,44.164001,44.759998,44.759998,3703450
2024-06-18,44.160000,44.959999,44.020000,44.520000,44.520000,2059125
2024-06-20,44.439999,46.320000,44.380001,46.200001,46.200001,3247550
2024-06-21,46.320000,46.840000,44.759998,45.160000,45.160000,2858700
2024-06-24,45.439999,45.520000,44.320000,44.799999,44.799999,2741850
2024-06-25,44.759998,45.080002,43.799999,44.000000,44.000000,1813250
2024-06-26,44.040001,44.240002,43.400002,43.520000,43.520000,1854100
2024-06-27,43.520000,43.599998,43.119999,43.240002,43.240002,1770750
2024-06-28,43.160000,43.799999,42.880001,43.680000,43.680000,2017425
2024-07-01,43.240002,43.439999,41.959999,41.959999,41.959999,2351450
2024-07-02,42.200001,42.240002,41.360001,41.480000,41.480000,1265975
2024-07-03,41.400002,41.804001,41.279999,41.680000,41.680000,1128500
2024-07-05,41.520000,42.160000,41.459999,41.840000,41.840000,1744150
2024-07-08,41.360001,41.400002,40.840000,41.080002,41.080002,1716025
2024-07-09,41.040001,41.459999,40.880001,41.200001,41.200001,1290750
2024-07-10,41.240002,41.279999,40.560001,41.119999,41.119999,2107600
2024-07-11,40.639999,41.860001,40.576000,41.360001,41.360001,4569925
2024-07-12,40.700001,40.720001,39.980000,40.639999,40.639999,2987975
2024-07-15,40.320000,41.400002,40.119999,41.240002,41.240002,2597375
2024-07-16,41.160000,41.639999,40.959999,41.639999,41.639999,2382200
2024-07-17,42.639999,43.540001,42.080002,43.000000,43.000000,6436200
2024-07-18,42.000000,44.888000,41.759998,44.240002,44.240002,5880600
2024-07-19,44.959999,46.680000,44.360001,46.119999,46.119999,6748275
2024-07-22,45.240002,45.419998,43.380001,43.680000,43.680000,4132675
2024-07-23,43.680000,43.880001,42.680000,43.320000,43.320000,3291525
2024-07-24,44.700001,49.669998,44.669998,49.189999,49.189999,15192000
2024-07-25,48.568001,51.040001,46.610001,49.590000,49.590000,17223400
2024-07-26,48.049999,48.459999,46.720001,46.779999,46.779999,8958500
2024-07-29,46.369999,47.250000,45.680000,45.910000,45.910000,5320100
2024-07-30,45.759998,49.139999,45.650002,47.369999,47.369999,7642200
2024-07-31,46.117001,46.540001,44.619999,46.250000,46.250000,6750800
2024-08-01,46.110001,52.130001,45.830002,50.509998,50.509998,10034700
2024-08-02,54.459999,64.449997,53.820000,62.680000,62.680000,34052000
2024-08-05,90.080002,91.019997,72.370003,87.260002,87.260002,34747600
2024-08-06,77.480003,80.419998,62.000000,70.470001,70.470001,17972800
2024-08-07,61.430000,71.800003,60.380001,68.955002,68.955002,12113300
2024-08-08,67.739998,67.739998,62.610001,63.470001,63.470001,6181800
2024-08-09,62.730000,64.050003,54.509998,55.779999,55.779999,8224400
2024-08-12,54.724998,56.169998,51.220001,54.759998,54.759998,6186500
2024-08-13,53.340000,53.500000,50.330002,50.419998,50.419998,5265800
2024-08-14,49.480000,49.900002,47.060001,47.139999,47.139999,5644600
2024-08-15,45.830002,46.560001,44.660000,45.334999,45.334999,6014300
2024-08-16,46.119999,46.450001,45.000000,45.230000,45.230000,4001800
2024-08-19,45.290001,45.450001,44.029999,44.430000,44.430000,5124200
2024-08-20,44.740002,46.438999,44.520000,46.169998,46.169998,6027900
2024-08-21,46.070000,48.009998,45.990002,46.889999,46.889999,5104900
2024-08-22,46.349998,49.160000,46.189999,48.865002,48.865002,5196900
2024-08-23,47.549999,48.139999,45.730000,45.939999,45.939999,6822900
2024-08-26,45.660000,47.049999,45.570000,45.900002,45.900002,3060600
2024-08-27,46.529999,46.919998,44.945000,44.990002,44.990002,2718300
2024-08-28,45.049999,48.240002,44.910000,47.580002,47.580002,5544000
2024-08-29,46.020000,46.580002,45.158001,45.884998,45.884998,5392000
2024-08-30,45.040001,46.000000,44.360001,44.500000,44.500000,4818100
2024-09-03,45.619999,55.200001,45.520000,53.540001,53.540001,10683500
2024-09-04,55.029999,56.209999,51.240002,54.970001,54.970001,8746000
2024-09-05,53.990002,54.639999,51.400002,52.240002,52.240002,7605100
2024-09-06,51.340000,58.580002,50.700001,56.110001,56.110001,9680000
2024-09-09,54.980000,55.549999,51.945000,52.450001,52.450001,6143000
2024-09-10,51.950001,54.910000,51.400002,51.520000,51.520000,5116700
2024-09-11,50.770000,55.705002,49.290001,49.330002,49.330002,7399800
2024-09-12,49.849998,51.020000,48.880001,48.939999,48.939999,4295600
2024-09-13,49.200001,49.369999,47.709999,48.790001,48.790001,4374700
2024-09-16,49.070000,50.450001,48.959999,49.240002,49.240002,4137900
2024-09-17,49.150002,51.070000,48.700001,50.299999,50.299999,4633500
2024-09-18,50.099998,50.931000,47.560001,49.880001,49.880001,7650400
2024-09-19,47.970001,48.730000,47.349998,47.720001,47.720001,4122400
2024-09-20,48.060001,48.250000,46.930000,47.430000,47.430000,3999200
2024-09-23,47.060001,48.150002,46.630001,47.730000,47.730000,3110100
2024-09-24,47.450001,49.358002,47.145000,47.759998,47.759998,2841300
2024-09-25,48.029999,48.590000,47.439999,48.410000,48.410000,2901600
2024-09-26,48.150002,48.950001,48.000000,48.480000,48.480000,2758300
2024-09-27,48.400002,50.768002,48.340000,50.730000,50.730000,3286500
2024-09-30,51.000000,52.169998,49.529999,49.599998,49.599998,3831200
2024-10-01,49.500000,54.060001,49.500000,53.430000,53.430000,11330800
2024-10-02,53.529999,55.119999,52.389999,52.709999,52.709999,4441500
2024-10-03,53.900002,55.400002,53.009998,55.090000,55.090000,4488300
2024-10-04,53.889999,54.752998,52.720001,53.000000,53.000000,4287000
2024-10-07,53.970001,58.160000,53.849998,57.720001,57.720001,5437800
2024-10-08,55.680000,56.360001,54.674999,55.389999,55.389999,4079400
2024-10-09,55.000000,55.279999,53.720001,54.029999,54.029999,3568300
2024-10-10,54.279999,55.450001,54.185001,54.709999,54.709999,3561600
2024-10-11,54.810001,54.900002,53.630001,54.070000,54.070000,3442200
2024-10-14,53.310001,53.520000,51.590000,52.150002,52.150002,2861600
2024-10-15,51.230000,54.075001,50.860001,53.849998,53.849998,5534000
2024-10-16,53.720001,54.610001,52.970001,53.330002,53.330002,2986500
2024-10-17,52.810001,53.500000,52.340000,52.450001,52.450001,2145700
2024-10-18,52.090000,52.389999,51.139999,51.209999,51.209999,2487300
2024-10-21,51.599998,52.709999,51.090000,51.349998,51.349998,2856600
2024-10-22,52.040001,52.570000,50.810001,51.150002,51.150002,2799300
2024-10-23,51.750000,55.090000,51.610001,53.720001,53.720001,5477600
2024-10-24,52.529999,55.250000,52.465000,52.810001,52.810001,3981100
2024-10-25,52.189999,55.389999,51.720001,55.290001,55.290001,4707800
2024-10-28,53.060001,53.380001,52.009998,52.709999,52.709999,3931000
2024-10-29,52.840000,53.250000,51.709999,52.480000,52.480000,2947200
2024-10-30,52.950001,53.919998,52.119999,53.759998,53.759998,3054700
2024-10-31,55.209999,58.000000,55.099998,57.869999,57.869999,7310100
2024-11-01,56.310001,57.049999,54.959999,56.849998,56.849998,6145100
2024-11-04,56.369999,56.709999,54.150002,54.470001,54.470001,4552900
2024-11-05,53.689999,53.689999,51.410000,51.549999,51.549999,6254700
2024-11-06,46.000000,48.490002,46.000000,46.740002,46.740002,7839000
2024-11-07,45.740002,45.740002,44.840000,45.090000,45.090000,4386700
2024-11-08,45.029999,45.610001,44.570000,44.770000,44.770000,3230200
2024-11-11,44.369999,44.750000,43.919998,44.650002,44.650002,3168900
2024-11-12,44.919998,45.730000,44.360001,44.520000,44.520000,3233400
2024-11-13,44.240002,44.779999,43.349998,43.535000,43.535000,3026100
2024-11-14,43.270000,43.840000,42.779999,43.480000,43.480000,3466700
2024-11-15,44.160000,48.630001,43.950001,46.590000,46.590000,8239900
2024-11-18,46.310001,46.639999,44.150002,44.889999,44.889999,4348400
2024-11-19,47.520000,47.619999,45.209999,46.380001,46.380001,6250700
2024-11-20,46.430000,49.830002,46.340000,48.029999,48.029999,7870500
2024-11-21,46.580002,49.270000,46.430000,47.650002,47.650002,5656200
2024-11-22,47.290001,47.560001,45.720001,45.759998,45.759998,4059500
2024-11-25,44.389999,46.245998,43.880001,43.880001,43.880001,3644300
2024-11-26,44.040001,44.060001,43.230000,43.610001,43.610001,2997200
2024-11-27,43.689999,44.820000,43.320000,43.450001,43.450001,2625000
2024-11-29,43.000000,43.080002,42.419998,42.584999,42.584999,2111800
2024-12-02,42.619999,42.740002,42.139999,42.299999,42.299999,1993400
2024-12-03,42.599998,43.240002,41.709999,42.070000,42.070000,2801400
2024-12-04,41.680000,42.389999,41.299999,42.330002,42.330002,2802400
2024-12-05,42.560001,42.700001,42.110001,42.419998,42.419998,2279400
2024-12-06,41.680000,42.180000,41.470001,41.759998,41.759998,3308900
2024-12-09,41.669998,43.070000,41.590000,42.889999,42.889999,3579400
2024-12-10,42.450001,42.860001,42.020000,42.459999,42.459999,2799800
2024-12-11,41.590000,42.330002,41.380001,42.130001,42.130001,3377400
2024-12-12,42.240002,42.919998,41.839001,42.470001,42.470001,3060400
2024-12-13,41.970001,43.029999,41.750000,42.500000,42.500000,2853000
2024-12-16,42.299999,43.459999,42.299999,43.220001,43.220001,3032300
2024-12-17,43.750000,44.500000,43.240002,44.290001,44.290001,4126300
2024-12-18,44.000000,51.889999,43.380001,51.720001,51.720001,8144100
2024-12-19,49.590000,56.849998,48.889999,56.139999,56.139999,11428200
2024-12-20,55.820000,55.980000,47.625000,48.080002,48.080002,10973900
2024-12-23,46.919998,48.820000,44.380001,44.380001,44.380001,4045900
2024-12-24,43.970001,44.049999,42.180000,42.279999,42.279999,2884300
2024-12-26,42.610001,44.015999,42.255001,42.549999,42.549999,3616100
2024-12-27,43.180000,46.869999,43.088001,44.430000,44.430000,5905700
2024-12-30,46.919998,48.490002,44.139999,45.529999,45.529999,5877400
2024-12-31,44.680000,46.259998,44.369999,45.799999,45.799999,3119700
2025-01-02,45.099998,49.018002,44.849998,46.840000,46.840000,4286400
2025-01-03,46.000000,46.299999,44.090000,44.099998,44.099998,4058100
2025-01-06,43.820000,44.880001,43.279999,43.900002,43.900002,3990200
2025-01-07,43.490002,47.400002,43.400002,46.410000,46.410000,6018700
2025-01-08,47.080002,48.610001,45.930000,46.340000,46.340000,6497500
2025-01-10,47.930000,50.470001,47.590000,49.450001,49.450001,7039600
2025-01-13,51.110001,51.500000,48.119999,48.520000,48.520000,6044300
2025-01-14,47.630001,49.060001,46.424000,47.419998,47.419998,4712800
2025-01-15,45.049999,45.154999,43.430000,43.549999,43.549999,8376200
2025-01-16,43.430000,43.910000,43.112999,43.619999,43.619999,4314200
2025-01-17,42.970001,43.959999,42.770000,43.959999,43.959999,5609600
2025-01-21,43.029999,43.400002,41.980000,42.110001,42.110001,5739500
2025-01-22,42.080002,42.860001,41.980000,42.750000,42.750000,6643100
2025-01-23,42.549999,42.610001,41.700001,41.930000,41.930000,6331500
2025-01-24,41.610001,42.150002,41.459999,41.740002,41.740002,4121100
2025-01-27,46.700001,46.919998,43.939999,44.490002,44.490002,15686400
2025-01-28,44.000000,45.209999,42.735001,43.020000,43.020000,5986700
2025-01-29,42.900002,44.560001,42.660000,42.910000,42.910000,4453100
2025-01-30,42.299999,43.240002,42.160000,42.680000,42.680000,3757500
2025-01-31,42.139999,44.720001,41.919998,44.119999,44.119999,7280700
2025-02-03,47.130001,48.200001,43.480000,45.070000,45.070000,11995500
2025-02-04,44.520000,45.070000,43.419998,43.689999,43.689999,4992400
2025-02-05,43.740002,44.299999,42.700001,42.799999,42.799999,3788800
2025-02-06,42.389999,43.330002,42.340000,42.529999,42.529999,3461100
2025-02-07,42.189999,44.116001,42.130001,43.959999,43.959999,5003000
2025-02-10,43.169998,43.590000,42.830002,42.849998,42.849998,4524100
2025-02-11,43.139999,43.330002,42.560001,42.900002,42.900002,4022800
2025-02-12,43.970001,44.259998,42.639999,42.869999,42.869999,5264200
2025-02-13,42.810001,43.299999,42.060001,42.060001,42.060001,5243700
2025-02-14,42.080002,42.470001,41.830002,42.000000,42.000000,4106700
2025-02-18,41.750000,42.165001,41.439999,41.799999,41.799999,5824200
2025-02-19,42.200001,42.200001,41.270000,41.270000,41.270000,4511600
2025-02-20,41.310001,42.299999,41.040001,41.490002,41.490002,6614700
2025-02-21,41.509998,44.865002,41.490002,44.330002,44.330002,13516900
2025-02-24,43.849998,45.759998,43.080002,44.700001,44.700001,8911100
2025-02-25,45.000000,47.029999,44.020000,45.139999,45.139999,13493500
2025-02-26,44.570000,45.439999,43.040001,44.099998,44.099998,6515200
2025-02-27,43.480000,46.790001,43.250000,46.570000,46.570000,9470200
2025-02-28,47.130001,48.150002,45.389999,45.830002,45.830002,6939900
2025-03-03,44.509998,50.775002,44.509998,49.290001,49.290001,8262200
2025-03-04,51.570000,54.505001,48.330002,50.590000,50.590000,13644800
2025-03-05,50.230000,51.750000,48.270000,48.450001,48.450001,12953700
2025-03-06,51.470001,53.904999,50.160000,53.730000,53.730000,13126200
2025-03-07,53.389999,55.340000,51.020000,51.230000,51.230000,8451100
2025-03-10,53.939999,57.869999,53.520000,56.480000,56.480000,13192700
2025-03-11,57.320000,60.275002,55.939999,56.939999,56.939999,11258100
2025-03-12,54.709999,57.389999,53.529999,53.970001,53.970001,7671800
2025-03-13,54.160000,57.570000,53.220001,56.279999,56.279999,10396900
2025-03-14,54.529999,54.830002,51.270000,51.529999,51.529999,5744300
2025-03-17,50.943001,50.950001,49.220001,49.509998,49.509998,7345600
2025-03-18,49.299999,51.639999,49.029999,50.799999,50.799999,5664900
2025-03-19,50.410000,50.810001,48.000000,49.180000,49.180000,5609500
2025-03-20,50.009998,50.310001,47.894001,48.330002,48.330002,5634600
2025-03-21,49.240002,49.980000,48.099998,48.099998,48.099998,4138600
2025-03-24,46.709999,46.740002,45.160000,45.450001,45.450001,6154900
2025-03-25,44.939999,45.799999,44.849998,45.799999,45.799999,4381900
2025-03-26,45.000000,47.980000,45.000000,46.939999,46.939999,5806100
2025-03-27,47.680000,48.459999,46.584999,47.180000,47.180000,4392100
2025-03-28,48.060001,51.700001,47.470001,51.419998,51.419998,7170200
2025-03-31,54.349998,55.310001,50.840000,51.470001,51.470001,7029900
2025-04-01,52.169998,54.000000,50.689999,51.480000,51.480000,4972500
2025-04-02,53.650002,53.650002,49.180000,50.090000,50.090000,6785300
2025-04-03,57.509998,62.610001,55.930000,62.490002,62.490002,17355500
2025-04-04,69.930000,76.459999,66.720001,74.849998,74.849998,27055000
2025-04-07,81.739998,84.820000,68.230003,74.349998,74.349998,20805300
2025-04-08,67.879997,91.190002,67.309998,85.419998,85.419998,17692900
2025-04-09,87.180000,89.230003,63.349998,67.790001,67.790001,19785800
2025-04-10,72.089996,87.050003,69.610001,79.199997,79.199997,25099900
2025-04-11,81.639999,85.790001,76.639999,77.120003,77.120003,13651400
2025-04-14,70.519997,75.750000,68.029999,68.029999,68.029999,9896000
2025-04-15,68.500000,69.370003,65.690002,68.320000,68.320000,8451200
2025-04-16,70.660004,75.309998,68.389999,73.360001,73.360001,8144100
2025-04-17,71.669998,73.099998,70.940002,71.339996,71.339996,5546900
2025-04-21,72.250000,77.620003,72.059998,76.519997,76.519997,6494400
2025-04-22,73.080002,73.489998,70.570000,70.940002,70.940002,4699100
2025-04-23,67.610001,70.760002,66.290001,68.379997,68.379997,8140600
2025-04-24,67.820000,68.040001,65.620003,65.860001,65.860001,5997500
2025-04-25,65.779999,67.260002,63.209999,63.340000,63.340000,6882800
2025-04-28,62.320000,66.105003,62.320000,63.680000,63.680000,4265200
2025-04-29,64.279999,64.690002,62.750000,63.020000,63.020000,3191600
2025-04-30,65.220001,68.470001,64.019997,64.639999,64.639999,6234200
2025-05-01,62.750000,64.580002,62.570000,63.419998,63.419998,4003600
2025-05-02,62.169998,62.750000,60.790001,61.009998,61.009998,3950800
2025-05-05,62.000000,62.639999,60.950001,62.130001,62.130001,3092000
2025-05-06,64.050003,64.790001,62.693001,64.550003,64.550003,3943900
2025-05-07,63.730000,64.989998,62.459999,62.830002,62.830002,3326900
2025-05-08,61.779999,62.241001,59.849998,60.439999,60.439999,3659500
2025-05-09,60.169998,60.630001,59.279999,59.950001,59.950001,2719500
2025-05-12,55.439999,55.500000,52.090000,52.169998,52.169998,7075400
2025-05-13,51.360001,51.900002,50.285000,51.820000,51.820000,4850200
2025-05-14,51.910000,53.169998,51.810001,52.939999,52.939999,4444600
2025-05-15,53.430000,53.974998,51.990002,52.070000,52.070000,4480700
2025-05-16,51.590000,52.310001,51.240002,51.830002,51.830002,5464000
2025-05-19,53.880001,54.235001,52.070000,52.470001,52.470001,4176600
2025-05-20,52.279999,53.360001,51.880001,52.090000,52.090000,4851100
2025-05-21,53.139999,56.375000,52.160000,55.660000,55.660000,6869700
2025-05-22,56.020000,56.389999,54.210999,55.099998,55.099998,3475000
2025-05-23,59.000000,59.360001,56.910000,58.790001,58.790001,6660900
2025-05-27,55.130001,55.799999,52.830002,52.880001,52.880001,5036500
2025-05-28,52.764999,53.880001,52.759998,53.490002,53.490002,2390800
2025-05-29,52.150002,54.360001,52.090000,53.549999,53.549999,2797400
2025-05-30,54.250000,55.959999,53.259998,53.830002,53.830002,4629700
2025-06-02,54.340000,54.810001,53.189999,53.279999,53.279999,3247100
2025-06-03,53.029999,53.264999,51.930000,52.110001,52.110001,2445600
2025-06-04,51.900002,52.479000,51.759998,52.020000,52.020000,2289200
2025-06-05,51.424999,53.529999,50.560001,53.020000,53.020000,5422100
2025-06-06,51.630001,51.750000,50.654999,50.810001,50.810001,3668700
2025-06-09,50.500000,50.770000,49.849998,50.320000,50.320000,2380700
2025-06-10,50.279999,50.529999,49.764000,50.080002,50.080002,3588200
2025-06-11,49.180000,51.290001,48.669998,50.509998,50.509998,5716100
2025-06-12,51.209999,51.514999,50.259998,51.160000,51.160000,4864100
2025-06-13,53.584999,56.009998,52.230000,55.150002,55.150002,12315600
2025-06-16,52.970001,52.980000,50.840000,51.290001,51.290001,7065200
2025-06-17,52.279999,55.220001,51.939999,54.220001,54.220001,7635500
2025-06-18,54.240002,54.855999,51.869999,52.900002,52.900002,6302800
2025-06-20,52.389999,54.240002,52.070000,53.459999,53.459999,5593200
2025-06-23,53.310001,55.570000,52.610001,52.790001,52.790001,6670000
2025-06-24,50.029999,50.090000,49.090000,49.150002,49.150002,4735800
2025-06-25,48.599998,49.360001,48.480000,48.520000,48.520000,3228900
2025-06-26,48.500000,48.500000,47.980000,48.410000,48.410000,2976700
2025-06-27,47.880001,49.290001,47.840000,48.270000,48.270000,3870800
2025-06-30,47.740002,48.450001,47.610001,48.049999,48.049999,3297100
2025-07-01,48.340000,48.400002,47.529999,48.040001,48.040001,3418200
2025-07-02,48.070000,48.259998,47.439999,47.910000,47.910000,3403700
2025-07-03,47.060001,47.630001,46.810001,47.570000,47.570000,2672600
2025-07-07,48.075001,48.970001,47.820000,48.139999,48.139999,4525200
2025-07-08,47.130001,47.310001,46.549999,46.849998,46.849998,3864300
2025-07-09,45.740002,46.195000,45.230000,45.259998,45.259998,4529700
2025-07-10,45.090000,45.389999,44.770000,44.950001,44.950001,3183900
2025-07-11,45.889999,46.020000,44.689999,45.200001,45.200001,3455300
2025-07-14,45.669998,45.950001,45.360001,45.869999,45.869999,3997400
2025-07-15,44.910000,45.669998,44.834999,45.610001,45.610001,4746600
2025-07-16,45.480000,48.099998,45.215000,45.910000,45.910000,8578700
2025-07-17,45.650002,45.959999,45.430000,45.849998,45.849998,2799900
2025-07-18,45.240002,45.639999,45.009998,45.009998,45.009998,4893800
2025-07-21,44.639999,44.860001,43.889999,44.860001,44.860001,5082500
2025-07-22,44.590000,45.768002,44.410000,44.650002,44.650002,3731300
2025-07-23,43.980000,44.349998,42.700001,42.810001,42.810001,6670800
2025-07-24,42.509998,42.814999,42.160000,42.680000,42.680000,3718400
2025-07-25,42.810001,42.849998,42.220001,42.330002,42.330002,3470400
2025-07-28,41.450001,41.740002,41.139999,41.150002,41.150002,4809800
2025-07-29,40.689999,42.355000,40.459999,42.099998,42.099998,5370100
2025-07-30,41.935001,42.998001,41.549999,42.389999,42.389999,5531200
2025-07-31,41.389999,42.779999,41.110001,42.459999,42.459999,7016500
2025-08-01,44.529999,46.970001,44.490002,45.910000,45.910000,17797200
2025-08-04,44.630001,44.740002,42.849998,42.919998,42.919998,6242200
2025-08-05,42.639999,44.529999,42.639999,43.250000,43.250000,5201200
2025-08-06,43.150002,43.470001,41.875000,41.930000,41.930000,4312800
2025-08-07,41.360001,42.897999,41.201000,42.209999,42.209999,4716600
2025-08-08,41.560001,41.680000,40.750000,40.810001,40.810001,5894600
2025-08-11,40.669998,41.230000,40.360001,41.000000,41.000000,4450100
2025-08-12,40.220001,40.299999,39.200001,39.299999,39.299999,9653700
2025-08-13,38.730000,39.310001,38.650002,39.020000,39.020000,4947900
2025-08-14,39.790001,39.849998,38.935001,39.180000,39.180000,5257800
2025-08-15,38.910000,39.360001,38.775002,39.040001,39.040001,6855000
2025-08-18,38.970001,38.990002,37.889999,38.099998,38.099998,5746300
2025-08-19,37.669998,39.029999,37.639000,38.820000,38.820000,7862300
2025-08-20,38.889999,40.075001,38.494999,38.669998,38.669998,8378900
2025-08-21,39.139999,39.810001,38.830002,39.270000,39.270000,5172200
2025-08-22,39.035000,39.090000,35.970001,35.980000,35.980000,17176300
2025-08-25,36.375000,36.619999,35.849998,36.139999,36.139999,4390700
2025-08-26,36.369999,36.430000,35.820000,35.860001,35.860001,3032300
2025-08-27,36.000000,36.490002,35.599998,36.009998,36.009998,5319800
2025-08-28,35.520000,36.040001,35.369999,35.450001,35.450001,3863500
2025-08-29,35.459999,36.605000,35.280998,36.270000,36.270000,6043800
2025-09-02,38.209999,38.939999,37.349998,37.389999,37.389999,10111400
2025-09-03,37.169998,37.259998,36.439999,36.459999,36.459999,6683300
2025-09-04,36.240002,36.330002,35.330002,35.380001,35.380001,8664300
2025-09-05,34.560001,36.490002,34.500000,35.470001,35.470001,13420100
2025-09-08,35.099998,35.201000,34.723999,34.810001,34.810001,4253600
2025-09-09,34.959999,35.415001,34.599998,34.639999,34.639999,5134600
2025-09-10,34.220001,34.764999,34.080002,34.439999,34.439999,5955400
2025-09-11,33.900002,34.110001,33.643002,33.680000,33.680000,6014700
2025-09-12,33.660000,33.755001,33.250000,33.680000,33.680000,4624400
2025-09-15,33.279999,34.029999,33.245998,33.910000,33.910000,6386000
2025-09-16,34.020000,34.599998,33.970001,34.529999,34.529999,6227200
2025-09-17,34.250000,34.279999,32.790001,33.320000,33.320000,10687600
2025-09-18,32.680000,33.310001,32.634998,33.169998,33.169998,5043300
2025-09-19,32.880001,33.689999,32.880001,33.180000,33.180000,4540500
2025-09-22,33.500000,33.810001,33.210999,33.799999,33.799999,4452400
2025-09-23,33.680000,34.759998,33.680000,34.200001,34.200001,7647700
2025-09-24,33.990002,34.834999,33.779999,33.860001,33.860001,5547100
2025-09-25,34.509998,34.868000,33.500000,34.299999,34.299999,8925100
2025-09-26,33.919998,34.439999,32.840000,32.840000,32.840000,6549300
2025-09-29,32.720001,33.520000,32.680000,33.270000,33.270000,5358400
2025-09-30,33.500000,33.619999,33.020000,33.160000,33.160000,5086900
2025-10-01,33.445000,33.490002,32.860001,32.970001,32.970001,5662800
2025-10-02,32.799999,33.486000,32.780998,33.439999,33.439999,5370300
2025-10-03,33.200001,33.709999,33.080002,33.250000,33.250000,7328000
2025-10-06,33.090000,33.520000,32.994999,33.049999,33.049999,4569100
2025-10-07,33.000000,34.029999,32.860001,33.770000,33.770000,6923600
2025-10-08,33.610001,33.810001,33.105000,33.240002,33.240002,4665100
2025-10-09,33.000000,33.814999,32.950001,33.230000,33.230000,6321600
2025-10-10,33.250000,37.869999,33.009998,37.470001,37.470001,43848400
2025-10-13,35.360001,35.689999,34.410000,34.619999,34.619999,11007400
2025-10-14,36.590000,37.814999,34.980000,36.150002,36.150002,13616500
2025-10-15,35.270000,37.467999,35.009998,36.580002,36.580002,10753800
2025-10-16,36.220001,40.240002,36.075001,39.970001,39.970001,26356300
2025-10-17,39.220001,40.825001,36.770000,36.950001,36.950001,19695600
2025-10-20,35.810001,35.830002,33.910000,33.990002,33.990002,11361100
2025-10-21,34.299999,34.855000,33.459999,33.720001,33.720001,7986300
2025-10-22,33.900002,36.029999,33.730000,34.250000,34.250000,13318500
2025-10-23,34.369999,34.560001,33.419998,33.470001,33.470001,5250600
2025-10-24,32.669998,33.259998,32.570000,33.080002,33.080002,5955700
2025-10-27,32.029999,32.410000,31.840000,32.000000,32.000000,7534700
2025-10-28,31.969999,32.994999,31.969999,32.930000,32.930000,4983500
2025-10-29,32.680000,33.590000,32.290001,33.570000,33.570000,7326600
2025-10-30,33.119999,33.900002,32.759998,33.830002,33.830002,6679700
2025-10-31,33.080002,34.680000,33.029999,34.000000,34.000000,6449900
2025-11-03,33.570000,34.709999,33.435001,33.680000,33.680000,4859200
2025-11-04,34.849998,35.305000,34.075001,34.889999,34.889999,8222300
2025-11-05,34.889999,35.040001,33.189999,33.660000,33.660000,6234800
2025-11-06,33.869999,35.509998,33.689999,34.990002,34.990002,10235600
2025-11-07,35.990002,37.070000,34.700001,34.810001,34.810001,12329600
2025-11-10,33.419998,33.580002,32.770000,32.849998,32.849998,7636500
2025-11-11,32.904999,32.980000,32.580002,32.779999,32.779999,3932800
2025-11-12,32.500000,33.330002,32.500000,32.910000,32.910000,5002900
2025-11-13,33.360001,35.758999,33.029999,35.220001,35.220001,12786800
2025-11-14,36.209999,36.785000,33.959999,34.570000,34.570000,13789200
2025-11-17,35.200001,36.900002,34.290001,36.349998,36.349998,10113700
2025-11-18,37.400002,38.630001,36.330002,37.529999,37.529999,17193600
2025-11-19,37.555000,38.009998,35.869999,36.830002,36.830002,11104200
2025-11-20,34.330002,39.705002,34.090000,39.480000,39.480000,32809500
2025-11-21,38.360001,40.520000,36.901001,37.320000,37.320000,23538700
2025-11-24,36.790001,36.869999,34.575001,34.779999,34.779999,10013400
2025-11-25,34.689999,35.994999,33.599998,33.680000,33.680000,9886000
2025-11-26,33.299999,33.430000,32.580002,32.770000,32.770000,7117600
2025-11-28,32.660000,32.669998,32.070000,32.099998,32.099998,4377900
2025-12-01,32.869999,32.869999,31.600000,32.060001,32.060001,8179300
2025-12-02,31.750000,32.049000,31.500000,31.700001,31.700001,4374100
2025-12-03,31.920000,32.020000,31.299999,31.420000,31.420000,5378800
2025-12-04,31.219999,31.625000,31.020000,31.090000,31.090000,4981800
2025-12-05,30.950001,31.180000,30.660000,30.719999,30.719999,5045100
2025-12-08,30.639999,31.520000,30.639999,31.080000,31.080000,5622700
2025-12-09,31.250000,31.299999,30.770000,31.240000,31.240000,4237000
2025-12-10,31.370001,31.546000,29.879999,30.020000,30.020000,8398100
2025-12-11,30.299999,30.850000,29.459999,29.480000,29.480000,7341100
2025-12-12,29.350000,30.900000,29.110001,29.530001,29.530001,12513400
2025-12-15,29.250000,30.240000,29.155001,29.559999,29.559999,8595200
2025-12-16,29.700001,30.200001,29.254999,29.530001,29.530001,10719400
2025-12-17,29.309999,30.075001,29.020000,29.990000,29.990000,9189300
2025-12-18,29.219999,29.670000,28.780001,28.940001,28.940001,9015800
2025-12-19,28.700001,28.700001,27.809999,27.860001,27.860001,6556900
2025-12-22,27.379999,27.459999,26.930000,26.990000,26.990000,10513700
2025-12-23,27.160000,27.160000,26.889999,27.100000,27.100000,5799300
2025-12-24,26.980000,27.139999,26.875000,27.059999,27.059999,3381300
2025-12-26,26.910000,27.320000,26.879999,26.969999,26.969999,4957800
2025-12-29,27.215000,27.230000,26.431000,26.670000,26.670000,7684900
2025-12-30,26.610001,26.610001,26.150000,26.280001,26.280001,6284500
2025-12-31,26.270000,26.670000,26.090000,26.469999,26.469999,5690500
2026-01-02,26.080000,26.530001,25.930000,26.100000,26.100000,6190600
2026-01-05,25.850000,26.379999,25.770000,26.379999,26.379999,5819000
2026-01-06,26.299999,26.370001,25.959999,26.020000,26.020000,6015900
2026-01-07,26.170000,26.606001,26.139999,26.440001,26.440001,7639800
2026-01-08,26.570000,26.629999,26.020000,26.250000,26.250000,6358200
2026-01-09,26.129999,26.430000,25.635000,25.750000,25.750000,8010900
2026-01-12,26.330000,26.330000,25.780001,25.840000,25.840000,6117600
2026-01-13,25.715000,26.750000,25.690001,26.530001,26.530001,11550900
2026-01-14,27.165001,27.850000,26.879999,27.129999,27.129999,28125600
2026-01-15,26.254999,26.490000,26.025000,26.320000,26.320000,10545300
2026-01-16,26.150000,26.650999,26.059999,26.420000,26.420000,9557200
2026-01-20,28.730000,29.879999,27.690001,29.379999,29.379999,24210500
2026-01-21,28.160000,28.570000,26.400000,26.760000,26.760000,22859700
2026-01-22,26.290001,26.690001,26.000000,26.000000,26.000000,8426900
2026-01-23,26.350000,26.600000,25.840000,26.530001,26.530001,9285000
2026-01-26,26.450001,26.610001,26.135000,26.570000,26.570000,7703300
2026-01-27,26.490000,26.940001,26.250000,26.940001,26.940001,5843800
2026-01-28,26.820000,27.309000,26.545000,26.870001,26.870001,9218100
2026-01-29,27.299999,28.771000,27.100000,27.230000,27.230000,12094100
2026-01-30,27.430000,27.870001,26.770000,27.500000,27.500000,9084200
2026-02-02,27.230000,27.299999,26.010000,26.120001,26.120001,7952700
2026-02-03,26.280001,28.450001,26.190001,27.270000,27.270000,12651700
2026-02-04,27.090000,28.840000,26.910000,27.650000,27.650000,15820300
2026-02-05,28.750000,29.770000,28.070000,29.350000,29.350000,17614800
2026-02-06,28.480000,28.575001,27.340000,27.620001,27.620001,9953100
2026-02-09,27.510000,27.629999,26.510000,26.600000,26.600000,7463500
2026-02-10,26.709999,27.190001,26.540001,27.170000,27.170000,7656400
2026-02-11,26.520000,27.750999,26.480000,27.120001,27.120001,8203800
2026-02-12,26.860001,28.915001,26.660999,28.790001,28.790001,15055800
2026-02-13,28.809999,29.750000,27.764999,29.250000,29.250000,18748200
2026-02-17,29.480000,30.219999,28.084999,28.270000,28.270000,15670700
2026-02-18,28.350000,28.674999,27.629999,28.260000,28.260000,9409400
2026-02-19,29.049999,29.570000,28.750000,28.980000,28.980000,9434000
2026-02-20,29.540001,29.680000,28.020000,28.370001,28.370001,13984800
2026-02-23,28.445000,29.646000,28.030001,29.440001,29.440001,10478400
2026-02-24,29.430000,29.745001,28.350000,28.490000,28.490000,5821200
2026-02-25,27.940001,28.059999,27.370001,27.379999,27.379999,5718400
2026-02-26,27.270000,28.840000,27.230000,27.719999,27.719999,10284700
2026-02-27,29.170000,29.504999,28.344999,28.900000,28.900000,10343600
2026-03-02,30.590000,30.660000,28.719999,29.260000,29.260000,12948600
2026-03-03,31.530001,33.695000,29.760000,30.480000,30.480000,25075000
2026-03-04,30.290001,30.510000,28.988001,29.469999,29.469999,10336000
2026-03-05,30.350000,32.730000,29.860001,31.370001,31.370001,17878400
2026-03-06,33.820000,35.759998,32.889999,35.669998,35.669998,24467800
2026-03-09,36.099998,37.430000,31.670000,32.279999,32.279999,27264600
2026-03-10,32.310001,33.880001,30.750000,33.709999,33.709999,15221200
2026-03-11,33.259998,33.805000,32.189999,32.259998,32.259998,10828300
2026-03-12,33.810001,34.599998,33.299999,34.450001,34.450001,16725700
2026-03-13,33.599998,35.169998,33.009998,35.099998,35.099998,14501000
2026-03-16,33.799999,33.840000,32.360001,32.459999,32.459999,13499400
2026-03-17,31.889999,32.279999,31.395000,31.990000,31.990000,10365100
2026-03-18,32.990002,34.799999,32.790001,34.680000,34.680000,15420700
2026-03-19,36.330002,36.705002,32.970001,33.770000,33.770000,20071200
2026-03-20,33.919998,36.581001,33.770000,35.970001,35.970001,19075300
2026-03-23,33.580002,35.139999,32.730000,34.330002,34.330002,17507600
2026-03-24,35.320000,35.540001,33.700001,35.009998,35.009998,16083100
2026-03-25,34.080002,35.169998,33.770000,34.250000,34.250000,11185600
2026-03-26,34.980000,36.810001,34.529999,36.619999,36.619999,13237100
2026-03-27,37.340000,39.799999,37.174999,39.410000,39.410000,16448900
2026-03-30,37.910000,39.929001,37.880001,39.160000,39.160000,15820700
2026-03-31,37.330002,38.105000,35.345001,35.700001,35.700001,18398300
2026-04-01,35.009998,35.740002,34.210999,34.730000,34.730000,15107900
2026-04-02,36.840000,37.209999,34.459999,34.700001,34.700001,13084500
2026-04-06,34.799999,34.799999,33.669998,33.880001,33.880001,6897500
2026-04-07,34.660000,36.330002,34.540001,35.020000,35.020000,16380100
2026-04-08,31.490000,32.830002,31.049999,31.660000,31.660000,12218300
2026-04-09,31.850000,31.965000,30.370001,30.389999,30.389999,8156800
2026-04-10,30.219999,31.110001,30.094999,30.770000,30.770000,5934600
2026-04-13,31.160000,31.299999,29.570000,29.580000,29.580000,7447100
2026-04-14,28.820000,29.420000,28.770000,29.219999,29.219999,7636100
2026-04-15,28.959999,29.620001,28.920000,29.330000,29.330000,5209600
2026-04-16,29.340000,29.980000,29.040001,29.299999,29.299999,7107400
2026-04-17,28.580000,28.990000,28.370001,28.980000,28.980000,8326700
2026-04-20,29.290001,29.870001,29.200001,29.330000,29.330000,7598100
2026-04-21,29.299999,30.400000,29.245001,29.889999,29.889999,7331500
2026-04-22,29.190001,29.879999,29.110001,29.549999,29.549999,5285700
2026-04-23,29.719999,30.945000,29.430000,29.500000,29.500000,11414500
2026-04-24,29.450001,29.850000,29.070000,29.790001,29.790001,8311300
2026-04-27,29.480000,29.629999,28.780001,28.889999,28.889999,5219400
2026-04-28,29.290001,29.440001,28.305000,28.330000,28.330000,7146900
2026-04-29,28.379999,29.305000,28.280001,29.020000,29.020000,5929300
2026-04-30,28.670000,29.075001,28.080000,28.190001,28.190001,6203000
2026-05-01,27.870001,28.400000,27.770000,28.400000,28.400000,4758000
2026-05-04,28.350000,29.240000,27.639999,28.670000,28.670000,8944200
2026-05-05,28.129999,28.780001,28.024000,28.709999,28.709999,6213400
2026-05-06,27.980000,28.270000,27.811001,28.070000,28.070000,7180900
2026-05-07,27.855000,28.299999,27.760000,27.900000,27.900000,6985000
2026-05-08,27.740000,28.150000,27.559999,28.059999,28.059999,9358600
2026-05-11,28.049999,28.540001,27.830000,28.469999,28.469999,8584800
2026-05-12,28.660000,28.879999,27.631001,27.780001,27.780001,10633200
2026-05-13,27.910000,28.440001,27.725000,28.370001,28.370001,9096800
2026-05-14,28.160000,28.469999,27.469999,27.650000,27.650000,8580700
2026-05-15,28.580000,28.590000,27.639999,27.870001,27.870001,12612800
2026-05-18,27.469999,27.871000,27.200001,27.200001,27.200001,12364600
2026-05-19,27.500000,27.740000,27.209999,27.580000,27.580000,8610800
2026-05-20,27.360001,27.549999,26.950001,27.000000,27.000000,8836100
2026-05-21,27.250000,27.330000,26.055000,26.209999,26.209999,10815900
2026-05-22,26.299999,26.600000,26.070000,26.420000,26.420000,7981600
2026-05-26,25.754999,25.760000,25.360001,25.639999,25.639999,9868600
2026-05-27,25.410000,25.690001,24.990000,25.020000,25.020000,5822500
2026-05-28,25.110001,25.190001,24.440001,24.559999,24.559999,6764300
2026-05-29,24.230000,24.440001,23.850000,24.139999,24.139999,7298600
2026-06-01,24.410000,24.799999,24.075001,24.780001,24.780001,11524000
2026-06-02,24.430000,24.695000,24.270000,24.370001,24.370001,8933200
2026-06-03,24.500000,24.680000,24.250000,24.309999,24.309999,8751400
2026-06-04,24.500000,24.520000,23.430000,23.500000,23.500000,9405000
2026-06-05,23.780001,25.674999,23.709999,25.209999,25.209999,19384300
2026-06-08,24.620001,25.010000,24.334999,24.760000,24.760000,7691600
2026-06-09,24.490000,26.780001,24.190001,25.170000,25.170000,16594100
2026-06-10,25.730000,26.900000,25.504999,26.600000,26.600000,11408800
2026-06-11,26.455000,27.129999,25.160000,25.320000,25.320000,14304600
2026-06-12,24.959999,25.320000,24.170000,24.200001,24.200001,8767000
2026-06-15,23.059999,23.129999,22.485001,22.559999,22.559999,12916000
2026-06-16,22.530001,22.719999,22.355000,22.570000,22.570000,7550500
2026-06-17,22.389999,23.834999,22.320000,23.540001,23.540001,13159400
2026-06-18,22.725000,23.120001,22.635000,22.799999,22.799999,8352200
2026-06-22,22.260000,22.750000,21.920000,22.520000,22.520000,16162400
2026-06-23,23.820000,24.105000,23.365000,23.870001,23.870001,10785000
2026-06-24,23.684999,24.150000,23.150000,23.690001,23.690001,7918400
2026-06-25,22.840000,23.730000,22.830000,23.250000,23.250000,9513800
2026-06-26,24.100000,24.330000,23.215000,23.559999,23.559999,7342400
2026-06-29,22.860001,23.480000,22.514999,22.549999,22.549999,16043900
2026-06-30,22.600000,22.700001,21.959999,22.090000,22.090000,4630700
2026-07-01,22.350000,22.549999,22.010000,22.320000,22.320000,7270700
2026-07-02,22.059999,22.584999,21.735001,22.040001,22.040001,8996100
2026-07-06,21.719999,21.719999,21.410000,21.490000,21.490000,6210000
2026-07-07,21.490000,21.955000,21.325001,21.690001,21.690001,7265900
2026-07-08,22.160000,22.790001,21.730000,22.010000,22.010000,8076300
2026-07-09,21.860001,22.100000,21.580000,21.580000,21.580000,4864800
2026-07-10,21.500000,22.020000,21.065001,21.129999,21.129999,5787900
2026-07-13,21.360001,21.959999,21.129999,21.780001,21.780001,8190000
2026-07-14,21.440001,21.610001,21.230000,21.510000,21.510000,4459800
2026-07-15,21.209999,21.480000,20.830000,20.850000,20.850000,5730800
2026-07-16,21.160000,21.674999,20.941000,21.450001,21.450001,7337300
2026-07-17,22.760000,22.840000,22.059999,22.480000,22.480000,10089400
2026-07-20,21.700001,22.254999,21.450001,22.120001,22.120001,6942700
2026-07-21,21.639999,21.930000,21.270000,21.370001,21.370001,5551200
2026-07-22,21.600000,21.805000,21.420000,21.549999,21.549999,5676200
2026-07-23,22.740000,23.184999,22.440001,22.520000,22.520000,9946700
2026-07-24,22.520000,22.610001,21.815001,22.360001,22.360001,9033200
2026-07-27,21.790001,22.650000,21.740000,22.209999,22.209999,10700200
2026-07-28,22.195000,22.559999,21.825001,22.030001,22.030001,6852400
2026-07-29,22.350000,23.510000,21.795000,23.420000,23.420000,18832500
2026-07-30,22.475000,22.770000,21.820000,21.820000,21.820000,9292900
2026-07-31,21.639999,22.510000,21.180000,21.250000,21.250000,8503300
2026-08-03,21.070000,21.180000,20.895000,21.080000,21.080000,6825100
2026-08-04,20.770000,21.270000,20.770000,21.270000,21.270000,7316900
2026-08-05,21.340000,21.440001,20.379999,20.510000,20.510000,11253500
2026-08-06,20.700001,20.740000,20.205000,20.230000,20.230000,5901700
2026-08-07,20.260000,20.415001,20.180000,20.320000,20.320000,6660600
2026-08-10,20.240000,20.299999,20.020000,20.209999,20.209999,6569000
2026-08-11,20.230000,20.315001,20.049999,20.049999,20.049999,5997100
2026-08-12,19.870001,19.920000,19.420000,19.450001,19.450001,7554400
2026-08-13,19.400000,19.709999,19.360001,19.620001,19.620001,6271200
2026-08-14,19.445000,19.620001,19.320000,19.355000,19.355000,5526200
2026-08-17,19.350000,19.700001,19.280001,19.500000,19.500000,8042900
2026-08-18,19.709999,19.750000,19.520000,19.650000,19.650000,8475000
2026-08-19,19.379999,19.430000,18.980000,19.049999,19.049999,7460500
2026-08-20,19.230000,19.389999,19.091000,19.190001,19.190001,9288000
2026-08-21,18.950001,19.049999,18.870001,18.950001,18.950001,6047500
2026-08-24,18.820000,19.010000,18.785000,18.959999,18.959999,6196200
2026-08-25,18.799999,19.033001,18.620001,18.670000,18.670000,5731800
2026-08-26,18.690001,18.764999,18.520000,18.540001,18.540001,4331600
2026-08-27,18.510000,18.580000,18.065001,18.100000,18.100000,7733800
2026-08-28,18.280001,18.455000,18.225000,18.360001,18.360001,7970200
2026-08-31,18.410000,18.500000,18.000000,18.000000,18.000000,5501400
2026-09-01,18.350000,18.730000,18.120001,18.549999,18.549999,7791700
2026-09-02,18.430000,18.480000,17.980000,18.020000,18.020000,7427100
2026-09-03,17.900000,18.000000,17.620001,17.620001,17.620001,9171100
2026-09-04,17.500000,17.740000,17.415001,17.719999,17.719999,5458600
2026-09-08,17.680000,18.090000,17.670000,17.990000,17.990000,6210600
2026-09-09,18.209999,18.389999,18.049999,18.299999,18.299999,8938900
2026-09-10,18.730000,18.959999,18.514999,18.879999,18.879999,12313300
2026-09-11,18.280001,18.280001,17.950001,18.070000,18.070000,8366700
2026-09-14,18.629999,18.670000,18.110001,18.230000,18.230000,12623800
2026-09-15,18.100000,18.520000,18.080000,18.260000,18.260000,7416800
2026-09-16,18.090000,18.879999,18.010000,18.430000,18.430000,13372700
2026-09-17,17.700001,17.855000,17.645000,17.730000,17.730000,7263700
2026-09-18,17.760000,17.995001,17.735001,17.760000,17.760000,6482300
2026-09-21,17.480000,17.790001,17.469999,17.690001,17.690001,8622614
